q,r,city,pop,cars,ev,dep,kw,pts,req,gap,per,flats,rent,nb,imputed
-6,-6,Utrecht,6995,2275,395,185,659,36,241,120,0.65,47.0,51.0,1,0
-27,14,Amsterdam,20855,5760,1024,895,940,56,1164,103,1.19,87.3,77.8,7,1
55,-89,Eijsden-Margraten,4500,2410,405,78,60,5,101,101,0.0,19.5,25.2,2,0
19,-11,Renkum,4925,2725,486,263,187,14,342,100,0.92,54.3,44.4,5,0
-11,-5,Utrecht,6510,2880,500,75,112,8,97,97,0.0,15.0,30.0,1,0
24,64,Oldambt,7890,4150,521,231,377,25,301,75,0.98,45.8,46.7,3,0
-28,-2,Alphen aan den Rijn,1745,970,178,55,0,0,72,72,0.0,31.0,36.0,1,0
36,18,Tubbergen,1795,1030,127,55,44,4,71,71,0.0,43.0,27.0,1,0
-19,56,Súdwest-Fryslân,4175,1670,212,93,209,6,121,71,0.54,44.1,65.4,2,0
19,61,Veendam,7965,4015,545,93,134,7,120,64,0.61,17.0,38.0,1,0
2,17,Dronten,1530,905,159,49,0,0,64,64,0.0,31.0,20.0,1,0
25,61,Pekela,7690,4340,445,58,11,1,75,64,0.19,13.0,40.0,1,0
13,61,Tynaarlo,4010,2330,416,108,11,1,141,64,0.71,26.0,29.0,1,0
29,-3,Zutphen,2035,960,146,48,0,0,63,63,0.0,33.0,63.0,1,0
-36,27,Castricum,3405,1835,349,49,44,4,63,63,0.0,14.0,22.0,1,0
-25,53,Súdwest-Fryslân,4285,2105,267,45,0,0,59,59,0.0,17.0,35.0,1,0
-43,36,Bergen (Noord-Holland),3590,2040,363,90,11,1,117,54,0.7,24.8,31.5,2,0
13,-3,Ede,685,540,89,40,44,2,52,52,0.0,45.0,43.0,1,0
-8,33,Urk,1970,735,157,44,110,8,57,50,0.17,28.0,21.0,1,0
-18,-28,Hoeksche Waard,1820,1105,197,37,0,0,49,49,0.0,19.0,8.0,1,0
-37,27,Castricum,2150,1410,268,67,400,29,87,48,0.58,25.0,27.0,1,0
51,-55,Beesel,6240,3290,514,107,177,16,139,47,0.86,20.8,34.6,3,0
-1,8,Zeewolde,1275,325,62,34,0,0,44,44,0.0,55.0,68.0,1,0
38,-11,Bronckhorst,2265,1520,199,51,22,2,66,44,0.43,25.6,18.4,2,0
-14,4,Wijdemeren,2325,1630,304,67,0,0,87,43,0.66,22.0,29.0,1,0
4,-12,Wijk bij Duurstede,2970,1320,215,99,0,0,128,41,0.89,47.1,58.3,2,0
36,37,Emmen,5940,3355,430,77,861,20,101,40,0.78,18.0,38.0,1,0
41,-10,Bronckhorst,1435,880,114,30,0,0,38,38,0.0,26.0,17.0,1,0
18,-11,Renkum,2105,1275,227,67,114,11,87,37,0.76,30.5,27.7,7,3
4,-11,Wijk bij Duurstede,4130,2215,361,50,66,4,64,37,0.56,13.2,20.3,4,0
4,16,Nunspeet,2685,1460,195,27,0,0,36,36,0.0,14.0,25.0,1,0
0,30,Noordoostpolder,1200,665,95,27,0,0,35,35,0.0,28.0,36.0,1,0
7,-32,Heusden,6145,3275,524,26,0,0,34,34,0.0,5.0,38.0,1,0
-32,63,Harlingen,1040,450,62,25,0,0,33,33,0.0,41.0,86.0,1,0
30,-1,Zutphen,2765,1360,207,24,44,4,32,32,0.0,10.1,21.4,2,0
45,4,Enschede,1015,665,86,25,0,0,32,31,0.05,29.0,31.0,1,0
1,10,Ermelo,865,520,80,24,0,0,31,31,0.0,30.0,27.0,1,0
7,-3,Ede,1700,745,122,23,0,0,30,30,0.0,19.0,18.0,1,0
2,3,Nijkerk,775,465,72,23,0,0,30,30,0.0,32.0,28.0,1,0
-26,31,Hoorn,10,530,88,23,0,0,30,29,0.03,26.1,0.0,1,1
13,11,Epe,1820,1205,166,22,11,1,28,28,0.0,13.0,13.0,1,0
8,9,Nunspeet,1630,905,121,22,0,0,28,28,0.0,18.0,19.0,1,0
47,-3,Berkelland,870,530,66,21,0,0,27,27,0.0,31.0,15.0,1,0
-37,-17,Voorne aan Zee,1645,1195,232,21,0,0,28,27,0.02,8.4,11.5,2,0
49,13,Losser,720,390,54,20,0,0,26,26,0.0,37.0,25.0,1,0
10,-2,Ede,1835,950,156,20,0,0,26,26,0.0,13.0,14.0,1,0
32,5,Lochem,1015,675,108,19,34,2,25,25,0.0,18.0,17.0,1,0
-33,19,Zaanstad,1460,875,139,20,30,2,25,25,0.0,14.0,25.0,1,0
12,-10,Ede,865,505,83,18,0,0,24,24,0.0,22.0,20.0,1,0
52,-10,Winterswijk,1055,640,85,19,0,0,24,24,0.0,22.0,25.0,1,0
-7,-17,Molenlanden,1895,1005,138,26,4,1,34,24,0.37,19.6,27.0,3,1
-35,-16,Voorne aan Zee,915,690,134,20,257,19,26,24,0.12,15.0,29.0,1,0
2,8,Putten,2425,1300,177,18,342,16,23,23,0.0,10.0,23.0,1,0
18,-40,Oirschot,515,280,43,17,0,0,22,22,0.0,40.0,37.0,1,0
28,21,Twenterand,1190,690,82,17,0,0,22,22,0.0,21.0,15.0,1,0
41,-3,Berkelland,370,285,36,17,0,0,22,22,0.0,47.0,28.0,1,0
-15,-27,Hoeksche Waard,1800,1040,185,17,22,2,22,22,0.0,9.0,19.0,1,0
-4,39,Noordoostpolder,1550,510,73,16,44,2,21,21,0.0,22.0,67.0,1,0
-8,3,Hilversum,460,205,37,16,0,0,21,21,0.0,43.0,43.0,1,0
42,-12,Oude IJsselstreek,1040,630,78,16,0,0,21,21,0.0,21.0,15.0,1,0
30,-23,Berg en Dal,1000,675,115,16,77,7,21,21,0.0,14.0,23.0,1,0
29,3,Lochem,1055,735,118,15,44,3,20,20,0.0,13.0,14.0,1,0
35,-7,Bronckhorst,500,345,45,16,66,5,20,20,0.0,35.0,20.0,1,0
24,63,Oldambt,3130,1355,170,56,44,4,73,20,0.94,33.0,53.0,1,0
-23,49,Súdwest-Fryslân,2775,1410,179,16,33,2,20,20,0.0,8.3,33.0,2,0
-20,55,Súdwest-Fryslân,2915,1540,195,16,0,0,20,20,0.0,8.3,29.9,3,0
28,-22,Berg en Dal,700,140,24,16,0,0,20,20,0.04,79.2,83.8,2,0
21,-28,Maashorst,525,330,48,15,0,0,20,20,0.0,32.0,43.0,1,0
-3,54,Heerenveen,3210,1905,245,15,0,0,19,19,0.0,6.0,29.0,1,0
23,34,Hoogeveen,2335,1435,167,15,0,0,19,19,0.0,8.8,27.2,3,0
48,-61,Maasgouw,1880,1270,204,14,22,2,19,19,0.0,7.0,16.0,1,0
42,5,Hof van Twente,915,530,70,15,0,0,19,19,0.0,21.0,26.0,1,0
25,55,Stadskanaal,1575,850,93,14,440,20,18,18,0.0,15.0,45.0,1,0
29,6,Lochem,570,355,54,14,0,0,18,18,0.0,25.1,18.6,2,0
28,10,Rijssen-Holten,340,210,30,14,0,0,18,18,0.0,47.0,20.0,1,0
13,70,Midden-Groningen,1555,1035,140,14,0,0,18,18,0.0,10.0,23.0,1,0
46,-1,Haaksbergen,1030,690,90,22,90,7,28,17,0.51,24.0,21.0,1,0
48,10,Oldenzaal,1780,985,146,34,22,2,44,17,0.79,23.0,23.0,1,0
31,16,Wierden,800,520,81,13,0,0,17,17,0.0,16.0,32.0,1,0
0,26,Dronten,1180,605,106,13,0,0,17,17,0.0,12.0,30.0,1,0
-13,-10,Lopik,700,385,56,13,0,0,17,17,0.0,23.0,17.0,1,0
-4,-39,Breda,875,550,89,13,0,0,17,17,0.0,15.0,18.0,1,0
42,1,Berkelland,465,275,34,13,0,0,17,17,0.0,37.0,16.0,1,0
41,0,Berkelland,770,490,61,13,0,0,17,17,0.03,22.0,16.0,1,0
29,7,Deventer,715,465,65,12,0,0,16,16,0.0,19.0,18.0,1,0
39,19,Tubbergen,385,215,27,13,0,0,17,16,0.05,49.0,26.0,1,0
38,-14,Montferland,760,440,65,12,0,0,16,16,0.0,18.4,14.7,2,0
49,-12,Winterswijk,745,520,69,12,0,0,16,16,0.0,18.0,22.0,1,0
52,-15,Winterswijk,835,510,68,12,0,0,16,16,0.0,18.0,25.0,1,0
20,-43,Oirschot,1285,815,126,13,0,0,16,16,0.0,10.0,20.0,1,0
0,-6,Utrechtse Heuvelrug,2620,1125,217,42,15,2,54,16,0.91,24.5,27.0,2,0
44,12,Dinkelland,910,515,66,16,0,0,21,16,0.28,24.0,24.1,2,0
46,-5,Berkelland,570,345,43,12,0,0,16,16,0.0,28.0,13.0,1,0
32,-7,Bronckhorst,535,340,44,12,0,0,16,16,0.0,28.0,17.0,1,0
30,-12,Montferland,505,300,45,12,0,0,16,16,0.0,27.0,8.0,1,0
4,81,Het Hogeland,730,545,72,16,201,10,20,16,0.27,22.0,34.0,1,0
35,43,Emmen,4780,2745,352,56,0,0,73,15,1.03,16.0,40.0,1,0
15,12,Epe,1360,855,118,20,0,0,26,15,0.55,17.0,18.0,1,0
16,13,Epe,890,515,71,11,0,0,15,15,0.0,16.0,11.0,1,0
7,21,Oldebroek,955,505,61,12,0,0,15,15,0.0,19.0,13.0,1,0
6,-4,Scherpenzeel,650,330,47,12,0,0,15,15,0.0,25.0,19.0,1,0
-1,-11,Houten,480,305,66,11,4,1,15,15,0.0,17.0,17.0,1,0
-23,17,Amsterdam,465,240,43,12,0,0,15,15,0.0,27.0,30.0,1,0
-18,1,Nieuwkoop,635,435,74,12,0,0,15,15,0.0,16.0,19.0,1,0
6,-46,Baarle-Nassau,1905,1175,132,12,0,0,15,15,0.0,9.0,21.0,1,0
-16,-41,Bergen op Zoom,705,435,66,11,0,0,15,15,0.0,17.0,30.0,1,0
24,59,Pekela,4010,2330,239,29,0,0,37,15,0.77,12.0,31.0,1,0
30,-40,Gemert-Bakel,1425,745,101,12,0,0,15,15,0.0,11.8,12.9,2,0
35,-3,Bronckhorst,770,430,56,12,0,0,15,15,0.0,21.0,22.0,1,0
47,8,Enschede,2020,1070,138,11,0,0,14,14,0.0,8.0,15.0,1,0
12,-3,Ede,410,115,19,11,22,2,14,14,0.0,59.0,75.0,1,0
3,6,Putten,1465,795,108,11,0,0,14,14,0.0,10.0,18.0,1,0
-27,20,Landsmeer,850,550,118,11,0,0,14,14,0.0,9.0,23.0,1,0
11,-20,West Maas en Waal,3550,2215,386,62,66,5,80,14,1.07,16.1,26.1,2,0
48,-11,Oost Gelre,680,345,46,11,0,0,14,14,0.0,23.0,17.0,1,0
10,52,Midden-Drenthe,4220,2365,323,55,0,0,71,14,1.04,17.0,35.2,3,0
33,7,Hof van Twente,1145,740,98,11,0,0,14,14,0.0,11.0,13.0,1,0
31,7,Rijssen-Holten,435,205,29,11,0,0,14,14,0.0,38.0,20.0,1,0
23,10,Deventer,465,315,44,10,0,0,13,13,0.0,23.0,21.0,1,0
26,11,Raalte,535,275,40,10,0,0,13,13,0.0,25.0,18.0,1,0
45,-15,Aalten,675,345,34,10,0,0,13,13,0.0,30.0,17.0,1,0
46,-17,Aalten,1030,670,66,10,0,0,13,13,0.0,14.7,14.6,2,0
18,-9,Renkum,1320,725,129,26,22,2,34,13,0.79,22.3,29.8,4,1
-21,4,De Ronde Venen,965,665,130,10,229,20,14,13,0.04,8.0,14.0,1,0
45,-8,Oost Gelre,650,385,51,10,0,0,13,13,0.0,20.0,16.0,1,0
33,9,Rijssen-Holten,350,170,24,10,44,4,13,13,0.0,41.0,14.0,1,0
55,-78,Beekdaelen,995,725,110,10,132,12,13,13,0.0,9.0,26.0,1,0
-6,80,Het Hogeland,590,310,41,10,0,0,13,13,0.0,24.0,44.0,1,0
-18,66,Leeuwarden,5775,2860,374,21,16,2,28,12,0.74,5.7,12.8,3,0
-2,58,Opsterland,565,415,45,9,0,0,12,12,0.0,20.0,38.0,1,0
38,19,Tubbergen,620,365,45,10,0,0,12,12,0.0,23.2,14.9,2,0
21,2,Voorst,425,270,37,9,0,0,12,12,0.0,25.0,22.0,1,0
-43,35,Bergen (Noord-Holland),555,240,43,9,0,0,12,12,0.0,22.0,30.0,1,0
-26,25,Edam-Volendam,700,475,104,9,0,0,12,12,0.0,9.0,23.0,1,0
-12,3,Wijdemeren,6645,3595,670,134,287,13,174,12,1.21,20.0,31.0,1,0
38,-1,Berkelland,780,450,56,18,33,3,23,12,0.61,32.0,16.0,1,0
44,-51,Peel en Maas,1575,975,129,9,0,0,12,12,0.0,7.4,21.0,3,0
34,-16,Montferland,835,630,94,22,1188,3,29,12,0.78,24.0,17.0,1,0
34,12,Wierden,360,235,37,8,66,4,11,11,0.0,22.0,18.0,1,0
40,-12,Doetinchem,295,205,29,9,0,0,11,11,0.0,29.0,19.0,1,0
36,1,Lochem,470,260,42,8,0,0,11,11,0.0,20.0,22.0,1,0
26,-19,Nijmegen,290,130,19,15,184,18,19,11,0.55,77.0,43.0,1,0
17,10,Voorst,775,490,68,9,0,0,11,11,0.0,13.0,12.0,1,0
-22,7,Amstelveen,1020,590,146,9,34,2,11,11,0.01,6.0,53.0,1,0
-16,10,Amsterdam,540,305,54,8,0,0,11,11,0.0,15.0,16.0,1,0
-39,28,Castricum,630,345,66,9,107,6,11,11,0.09,13.3,20.0,2,0
-28,24,Purmerend,4485,2295,428,43,178,10,56,11,1.03,10.0,15.0,1,0
-48,55,Texel,350,185,23,9,0,0,11,11,0.0,38.0,52.0,1,0
-17,-4,Woerden,295,230,42,9,44,4,11,11,0.0,21.0,14.0,1,0
29,9,Rijssen-Holten,345,215,30,9,0,0,11,11,0.0,29.0,10.0,1,0
-11,45,De Fryske Marren,1385,730,92,13,0,0,17,11,0.43,14.0,68.0,1,0
23,-39,Meierijstad,795,520,76,8,0,0,11,11,0.0,11.0,22.0,1,0
-10,11,Almere,630,385,87,8,0,0,10,10,0.0,9.0,5.0,1,0
20,59,Veendam,2180,1335,181,8,0,0,10,10,0.0,4.3,7.2,2,0
-25,84,Ameland,760,395,42,8,0,0,10,10,0.0,18.0,26.0,1,0
-12,62,Smallingerland,1665,940,109,8,0,0,10,10,0.0,7.0,26.0,1,0
50,1,Enschede,1500,1030,133,8,0,0,10,10,0.0,6.0,20.0,1,0
29,19,Hellendoorn,1315,840,114,18,0,0,24,10,0.73,16.8,20.4,2,0
12,29,Staphorst,970,515,45,16,11,1,21,10,0.69,35.0,21.0,1,0
35,-2,Lochem,345,255,41,7,0,0,10,10,0.0,18.0,14.0,1,0
23,4,Voorst,675,150,21,8,121,8,10,10,0.0,38.0,32.0,1,0
-19,11,Amsterdam,2485,820,147,53,0,0,69,10,1.11,36.4,45.7,3,0
-20,6,De Ronde Venen,510,315,62,7,0,0,10,10,0.0,12.0,13.0,1,0
30,7,Rijssen-Holten,180,135,19,7,0,0,10,10,0.0,39.0,24.0,1,0
-39,-23,Goeree-Overflakkee,1610,1015,153,8,0,0,10,10,0.0,5.0,7.0,1,0
34,-14,Montferland,345,210,31,8,1700,4,10,10,0.0,25.0,13.0,1,0
37,34,Emmen,1475,855,110,7,0,0,9,9,0.0,6.0,23.0,1,0
16,26,Dalfsen,685,450,63,7,0,0,9,9,0.0,11.0,13.0,1,0
26,5,Lochem,625,435,68,7,0,0,9,9,0.0,11.1,12.1,2,0
26,19,Hellendoorn,830,580,84,7,0,0,9,9,0.0,8.0,20.0,1,0
46,-12,Aalten,480,280,27,7,0,0,9,9,0.0,25.0,16.0,1,0
50,-15,Aalten,550,270,27,7,28,2,9,9,0.0,27.0,15.0,1,0
20,4,Voorst,585,375,54,7,0,0,9,9,0.0,13.9,19.4,2,0
9,21,Oldebroek,435,285,34,7,0,0,9,9,0.0,20.8,24.3,2,0
18,-10,Renkum,520,140,25,8,0,0,10,9,0.2,31.0,80.2,2,1
52,-12,Winterswijk,605,400,53,7,88,8,9,9,0.0,13.0,21.0,1,0
48,-8,Winterswijk,680,345,46,7,0,0,9,9,0.0,15.0,19.0,1,0
54,-14,Winterswijk,505,280,37,7,0,0,9,9,0.0,19.0,16.0,1,0
30,-2,Zutphen,510,335,51,7,188,17,9,9,0.0,13.0,17.0,1,0
-6,-42,Zundert,1115,730,100,7,0,0,9,9,0.0,7.0,14.0,1,0
-1,-7,Utrechtse Heuvelrug,355,175,34,7,251,16,9,9,0.0,21.0,43.0,1,0
11,37,De Wolden,280,195,26,7,30,3,9,9,0.0,25.0,15.0,1,0
29,21,Twenterand,975,555,66,7,0,0,9,9,0.0,9.9,12.1,2,0
32,8,Rijssen-Holten,305,225,32,7,11,1,9,9,0.0,20.8,9.0,2,0
19,17,Olst-Wijhe,780,560,78,7,0,0,9,9,0.0,9.0,12.0,1,0
44,-5,Berkelland,305,175,22,7,0,0,9,9,0.0,30.0,19.0,1,0
42,-2,Berkelland,295,160,20,7,0,0,9,9,0.0,34.0,21.0,1,0
43,-7,Berkelland,180,100,12,7,0,0,9,9,0.0,53.0,20.0,1,0
37,-5,Berkelland,285,205,26,7,0,0,9,9,0.0,26.0,15.0,1,0
33,-6,Bronckhorst,345,215,28,7,0,0,9,9,0.0,26.0,14.0,1,0
-24,61,Súdwest-Fryslân,2210,1170,148,24,22,2,31,9,0.93,16.0,37.0,1,0
1,-20,West Betuwe,505,250,40,7,154,14,9,9,0.0,18.0,17.0,1,0
-3,-15,Vijfheerenlanden,955,535,85,13,0,0,17,9,0.57,15.0,9.0,1,0
16,24,Dalfsen,730,470,66,6,0,0,8,8,0.0,9.0,15.0,1,0
17,21,Dalfsen,505,305,43,6,0,0,8,8,0.0,15.0,22.0,1,0
31,14,Wierden,290,195,30,6,1099,13,8,8,0.04,20.0,16.0,1,0
5,17,Elburg,320,165,19,6,0,0,8,8,0.0,31.0,23.0,1,0
34,-1,Lochem,325,160,26,6,0,0,8,8,0.0,23.0,21.0,1,0
24,2,Voorst,230,140,19,6,0,0,8,8,0.0,30.0,30.0,1,0
33,-16,Zevenaar,375,255,40,6,22,2,8,8,0.0,15.0,18.0,1,0
-37,17,Bloemendaal,115,65,15,6,155,7,8,8,0.0,42.0,44.0,1,0
-34,4,Katwijk,1185,725,132,9,0,0,12,8,0.49,7.0,9.0,1,0
-18,2,De Ronde Venen,750,505,99,17,21,3,22,8,0.82,17.0,10.0,1,0
15,-40,Oirschot,1675,1015,157,6,0,0,8,8,0.0,4.0,9.0,1,0
-7,-39,Rucphen,1235,690,106,6,0,0,8,8,0.0,6.0,8.0,1,0
7,-7,Utrechtse Heuvelrug,1475,830,160,11,7,1,15,8,0.61,7.0,12.0,1,0
40,6,Hof van Twente,465,290,38,6,22,2,8,8,0.0,15.0,30.0,1,0
21,66,Oldambt,3210,1785,224,51,55,4,66,8,1.14,23.7,37.9,3,0
-19,55,Súdwest-Fryslân,4465,2255,286,40,0,0,52,8,1.11,13.9,14.8,2,0
58,-88,Eijsden-Margraten,110,120,20,8,66,4,10,8,0.25,40.0,37.0,1,0
29,60,Westerwolde,375,265,29,6,0,0,8,8,0.0,21.6,25.6,2,0
-8,-14,Vijfheerenlanden,410,255,40,6,0,0,8,8,0.0,15.0,19.0,1,0
-15,-25,Hoeksche Waard,1030,595,106,6,22,2,8,8,0.0,6.0,14.0,1,0
35,-35,Land van Cuijk,560,335,48,6,0,0,8,8,0.0,12.0,22.0,1,0
-7,50,Heerenveen,180,170,22,5,4,1,7,7,0.0,24.0,31.0,1,0
30,42,Emmen,6030,2905,373,138,132,12,179,7,1.25,37.0,62.0,1,0
16,23,Dalfsen,375,250,35,6,0,0,7,7,0.0,16.0,22.0,1,0
24,18,Dalfsen,535,285,40,6,0,0,7,7,0.0,14.0,15.0,1,0
29,24,Hardenberg,550,300,35,5,88,8,7,7,0.0,15.0,9.0,1,0
21,30,De Wolden,685,390,51,5,0,0,7,7,0.0,10.3,12.2,2,0
6,23,Kampen,985,460,60,5,0,0,7,7,0.0,9.0,10.0,1,0
23,23,Ommen,990,640,92,14,0,0,18,7,0.82,13.8,18.8,3,0
36,11,Wierden,210,155,24,5,0,0,7,7,0.0,21.0,22.0,1,0
15,-7,Ede,800,555,91,5,0,0,7,7,0.0,6.0,45.0,1,0
4,13,Nunspeet,950,455,65,8,0,0,11,7,0.4,13.6,24.4,2,0
32,0,Lochem,270,165,26,5,0,0,7,7,0.0,20.0,28.0,1,0
1,-10,Wijk bij Duurstede,435,260,42,6,0,0,7,7,0.0,13.0,24.0,1,0
-17,9,Amsterdam,445,310,55,6,45,3,7,7,0.0,10.0,8.0,1,0
-32,17,Haarlemmermeer,185,130,27,5,0,0,7,7,0.0,19.0,44.0,1,0
-28,-3,Alphen aan den Rijn,525,270,50,5,0,0,7,7,0.0,11.0,28.0,1,0
-30,-2,Zoeterwoude,4615,2010,376,117,155,13,152,7,1.24,32.5,30.7,7,0
-31,3,Teylingen,490,325,63,6,0,0,7,7,0.0,9.0,29.0,1,0
4,-9,Utrechtse Heuvelrug,305,200,39,5,0,0,7,7,0.0,13.0,14.0,1,0
6,65,Noordenveld,675,450,64,6,0,0,7,7,0.0,9.0,9.0,1,0
35,8,Hof van Twente,450,280,37,5,0,0,7,7,0.0,14.0,20.0,1,0
15,-13,Neder-Betuwe,675,350,51,6,0,0,7,7,0.0,11.0,17.0,1,0
38,-3,Berkelland,985,575,72,22,22,2,28,7,0.97,30.0,15.0,1,0
34,-8,Bronckhorst,490,310,40,10,0,0,12,7,0.61,24.0,17.0,1,0
46,-50,Peel en Maas,775,325,43,5,0,0,7,7,0.0,12.0,9.0,1,0
-19,-13,Krimpenerwaard,1500,785,132,5,14,1,7,7,0.0,4.0,21.0,1,0
55,-79,Beekdaelen,820,540,82,6,0,0,7,7,0.0,7.0,14.0,1,0
-1,67,Westerkwartier,495,350,45,5,0,0,7,7,0.0,12.0,25.0,1,0
-20,64,Leeuwarden,540,280,37,5,11,1,6,6,0.0,13.3,34.2,2,0
-6,63,Smallingerland,1265,685,80,5,0,0,6,6,0.0,6.0,24.0,1,0
22,33,Hoogeveen,640,390,45,5,0,0,6,6,0.0,10.0,13.0,1,0
15,26,Dalfsen,405,245,34,4,0,0,6,6,0.0,13.0,16.0,1,0
21,19,Dalfsen,665,425,60,5,0,0,6,6,0.0,8.0,10.0,1,0
41,2,Hof van Twente,405,235,31,4,0,0,6,6,0.0,13.7,27.2,2,0
26,27,Hardenberg,575,355,42,5,105,7,6,6,0.0,11.0,14.0,1,0
31,22,Hardenberg,610,370,44,4,0,0,6,6,0.0,10.0,14.0,1,0
41,19,Tubbergen,215,130,16,5,33,2,6,6,0.0,31.0,29.0,1,0
15,20,Zwolle,495,240,38,5,0,0,6,6,0.0,12.0,20.0,1,0
50,-14,Winterswijk,465,335,42,4,0,0,6,6,0.0,9.7,22.7,2,0
26,0,Zutphen,2400,1210,184,21,0,0,28,6,1.03,11.7,33.1,2,0
2,-13,Buren,740,485,78,6,66,6,8,6,0.33,8.0,9.0,1,0
3,11,Harderwijk,300,110,16,4,0,0,6,6,0.0,26.0,33.0,1,0
49,-10,Winterswijk,345,180,24,5,0,0,6,6,0.0,20.0,24.0,1,0
-27,6,Aalsmeer,855,645,121,6,22,1,8,6,0.32,5.0,28.0,1,0
-34,27,Alkmaar,760,515,80,5,0,0,6,6,0.0,6.0,11.0,1,0
-25,34,Drechterland,270,135,21,5,28,2,6,6,0.0,23.0,27.0,1,0
-29,-12,Midden-Delfland,470,260,48,4,0,0,6,6,0.01,9.1,14.6,2,0
-29,22,Wormerland,260,195,33,5,0,0,6,6,0.0,15.0,21.0,1,0
45,-17,Oude IJsselstreek,530,300,37,5,0,0,6,6,0.0,13.0,8.0,1,0
18,55,Aa en Hunze,1460,915,146,5,0,0,6,6,0.0,3.1,15.4,2,0
18,60,Aa en Hunze,405,280,45,5,0,0,6,6,0.0,11.0,24.0,1,0
18,32,De Wolden,220,185,25,5,0,0,6,6,0.0,18.0,19.0,1,0
-11,2,Wijdemeren,255,235,44,7,44,2,9,6,0.45,15.0,20.0,1,0
8,59,Noordenveld,90,75,11,4,0,0,6,6,0.0,41.0,37.0,1,0
7,49,Westerveld,285,205,32,5,0,0,6,6,0.0,15.0,13.0,1,0
24,-54,Bergeijk,455,210,31,4,0,0,6,6,0.0,14.0,16.0,1,0
26,-56,Bergeijk,475,255,38,5,0,0,6,6,0.0,12.0,11.0,1,0
14,62,Tynaarlo,460,315,56,5,0,0,6,6,0.0,8.9,13.9,2,0
14,45,Midden-Drenthe,1880,1070,146,4,0,0,6,6,0.0,3.0,12.0,1,0
21,-14,Overbetuwe,400,265,44,5,0,0,6,6,0.0,11.0,16.0,1,0
36,3,Hof van Twente,770,455,60,5,0,0,6,6,0.0,8.0,20.0,1,0
38,7,Hof van Twente,460,280,37,5,0,0,6,6,0.0,13.0,24.0,1,0
-27,3,Kaag en Braassem,1210,740,131,13,0,0,17,6,0.84,10.0,30.0,1,0
50,-52,Peel en Maas,345,260,35,4,44,4,6,6,0.0,13.0,22.0,1,0
-13,45,De Fryske Marren,285,190,24,5,287,18,6,6,0.0,20.0,8.0,1,0
-9,49,De Fryske Marren,585,340,43,4,0,0,6,6,0.0,10.0,22.0,1,0
27,-19,Berg en Dal,375,190,32,5,0,0,6,6,0.0,14.0,18.0,1,0
1,-16,West Betuwe,375,215,34,4,22,2,6,6,0.0,13.0,34.0,1,0
-6,-14,Vijfheerenlanden,380,210,33,5,0,0,6,6,0.0,14.0,15.0,1,0
28,-29,Land van Cuijk,455,250,36,5,39,2,6,6,0.0,13.0,12.0,1,0
23,-28,Maashorst,240,270,39,5,44,4,6,6,0.06,12.0,11.0,1,0
22,60,Veendam,1010,655,89,4,0,0,5,5,0.0,4.0,14.0,1,0
-9,55,Heerenveen,850,485,62,4,45,3,5,5,0.0,6.0,13.0,1,0
-42,79,Terschelling,105,95,10,4,0,0,5,5,0.0,37.0,13.0,1,0
23,37,Coevorden,640,420,53,4,0,0,5,5,0.0,7.0,15.0,1,0
18,39,Hoogeveen,695,430,50,4,0,0,5,5,0.0,7.2,15.8,2,0
20,23,Dalfsen,595,300,42,4,0,0,5,5,0.0,9.0,20.0,1,0
50,6,Enschede,345,215,28,4,0,0,5,5,0.0,13.0,24.0,1,0
47,1,Haaksbergen,305,170,22,4,0,0,5,5,0.0,18.0,18.0,1,0
43,0,Haaksbergen,235,100,13,4,22,2,5,5,0.0,27.0,24.0,1,0
26,28,Hardenberg,645,195,23,4,0,0,5,5,0.0,17.0,18.0,1,0
1,29,Kampen,505,235,31,4,0,0,5,5,0.0,12.0,22.0,1,0
20,26,Ommen,385,225,32,4,0,0,5,5,0.0,12.0,18.0,1,0
21,14,Raalte,440,265,38,5,22,2,7,5,0.32,14.0,20.0,1,0
11,26,Zwolle,125,100,16,5,0,0,7,5,0.25,33.0,22.0,1,0
48,-12,Aalten,220,135,13,4,0,0,5,5,0.0,30.0,13.0,1,0
11,6,Apeldoorn,485,250,38,4,0,0,5,5,0.0,10.0,21.0,1,0
34,-11,Doetinchem,110,80,12,4,11,1,5,5,0.01,30.6,19.3,2,1
33,-11,Doetinchem,160,130,19,4,0,0,5,5,0.0,21.0,9.0,1,0
16,14,Heerde,315,155,20,4,0,0,5,5,0.0,19.0,16.0,1,0
25,3,Lochem,475,325,52,4,0,0,5,5,0.0,8.0,10.0,1,0
7,19,Oldebroek,215,85,10,4,132,10,6,5,0.13,41.0,14.7,2,1
16,-11,Wageningen,760,160,28,14,165,9,18,5,0.98,51.2,76.4,2,1
29,-11,Zevenaar,220,155,24,4,0,0,5,5,0.0,16.0,28.0,1,0
3,-9,Wijk bij Duurstede,730,485,79,4,0,0,5,5,0.0,5.0,18.0,1,0
-26,19,Landsmeer,650,370,79,4,44,2,5,5,0.0,5.0,8.0,1,0
-26,35,Drechterland,1375,755,119,4,558,48,5,5,0.0,3.0,27.0,1,0
14,-37,Boxtel,175,120,18,4,0,0,5,5,0.0,21.0,21.0,1,0
24,-50,Bergeijk,375,280,44,8,0,0,10,5,0.67,17.2,14.4,2,0
3,-27,Altena,1805,1090,149,12,11,1,16,5,0.89,8.3,23.5,3,0
-6,-45,Zundert,1070,680,94,4,0,0,5,5,0.0,4.0,14.0,1,0
59,-77,Brunssum,135,125,16,4,0,0,5,5,0.05,25.1,23.1,3,2
31,48,Borger-Odoorn,520,405,55,4,0,0,5,5,0.0,7.0,12.0,1,0
18,34,De Wolden,5360,3135,424,81,66,6,105,5,1.23,19.0,31.0,1,0
17,-28,Bernheze,605,340,54,4,0,0,5,5,0.0,7.0,15.0,1,0
33,5,Hof van Twente,415,325,43,4,11,1,5,5,0.0,9.0,17.0,1,0
44,16,Dinkelland,220,110,14,4,57,4,5,5,0.0,26.0,11.0,1,0
41,-8,Berkelland,120,90,11,4,0,0,5,5,0.0,35.0,13.0,1,0
-30,2,Kaag en Braassem,185,100,18,4,0,0,5,5,0.0,23.0,33.0,1,0
-25,47,Súdwest-Fryslân,945,475,60,4,0,0,5,5,0.0,6.4,34.8,2,0
57,-86,Eijsden-Margraten,170,115,19,4,0,0,5,5,0.0,18.6,17.8,2,0
-17,-11,Krimpenerwaard,375,190,32,4,0,0,5,5,0.0,12.0,8.0,1,0
30,-18,Berg en Dal,465,320,55,4,0,0,5,5,0.0,6.5,29.0,2,1
56,-75,Beekdaelen,720,465,71,4,22,2,5,5,0.0,5.0,22.0,1,0
25,-28,Land van Cuijk,830,600,87,5,0,0,7,5,0.38,6.0,9.0,1,0
33,-36,Land van Cuijk,855,400,58,3,0,0,5,5,0.0,6.0,16.0,1,0
2,69,Groningen,40,40,6,3,0,0,4,4,0.0,57.5,0.0,1,1
10,63,Groningen,265,160,23,3,22,2,4,4,0.0,13.0,16.0,1,0
6,54,Ooststellingwerf,255,200,23,3,0,0,4,4,0.0,14.0,18.0,1,0
-1,57,Opsterland,870,510,56,3,0,0,4,4,0.0,6.0,7.0,1,0
-44,75,Terschelling,70,45,5,3,0,0,4,4,0.0,62.0,38.0,1,0
37,38,Emmen,235,140,18,3,0,0,4,4,0.0,18.0,21.0,1,0
33,36,Emmen,490,300,38,3,0,0,4,4,0.0,7.1,22.6,3,0
24,34,Hoogeveen,1330,805,94,3,0,0,4,4,0.0,3.0,15.0,1,0
22,37,Hoogeveen,475,225,26,3,0,0,4,4,0.0,13.0,20.0,1,0
7,37,Meppel,265,145,21,3,0,0,4,4,0.0,14.0,12.0,1,0
19,21,Dalfsen,275,175,25,3,0,0,4,4,0.0,14.0,39.0,1,0
27,9,Deventer,310,215,30,3,0,0,4,4,0.0,10.0,24.0,1,0
29,25,Hardenberg,325,205,24,3,0,0,4,4,0.0,13.0,16.0,1,0
24,30,Hardenberg,475,315,37,3,61,3,4,4,0.0,8.0,14.0,1,0
28,25,Hardenberg,260,145,17,3,0,0,4,4,0.0,19.0,22.0,1,0
3,25,Dronten,820,100,14,3,0,0,4,4,0.0,4.8,84.1,2,0
52,5,Losser,440,265,37,3,0,0,4,4,0.0,7.9,14.4,2,0
23,21,Ommen,330,205,30,3,0,0,4,4,0.0,10.0,18.0,1,0
9,31,Staphorst,230,115,10,3,7,1,4,4,0.0,32.0,17.0,1,0
15,29,Staphorst,980,535,47,9,0,0,12,4,0.86,20.0,15.0,1,0
33,13,Wierden,400,240,37,3,0,0,4,4,0.0,9.0,17.0,1,0
12,27,Zwolle,290,180,28,3,0,0,4,4,0.0,12.0,10.0,1,0
14,26,Zwolle,165,95,15,3,0,0,4,4,0.0,20.0,24.0,1,0
25,-1,Brummen,325,205,30,3,0,0,4,4,0.0,10.0,16.0,1,0
12,-13,Neder-Betuwe,905,395,60,3,34,2,4,4,0.0,4.7,12.7,2,0
40,-13,Doetinchem,110,85,12,3,0,0,4,4,0.0,26.0,30.0,1,0
32,-11,Doetinchem,295,100,14,3,0,0,4,4,0.0,23.0,23.0,1,0
25,-23,Heumen,305,175,30,3,44,4,4,4,0.0,8.3,11.3,2,0
-1,6,Nijkerk,225,145,23,3,0,0,4,4,0.0,12.0,12.0,1,0
11,19,Oldebroek,160,95,11,3,22,2,4,4,0.0,24.0,4.0,1,0
2,5,Putten,355,215,29,3,0,0,4,4,0.0,11.0,29.0,1,0
-7,1,De Bilt,280,115,22,6,0,0,8,4,0.71,27.0,52.0,1,0
-3,1,Soest,205,135,25,3,228,15,4,4,0.0,14.0,22.0,1,0
-21,17,Amsterdam,280,160,28,3,0,0,4,4,0.0,11.0,27.0,1,0
-28,20,Oostzaan,1645,880,171,3,0,0,4,4,0.0,2.0,5.0,1,0
-49,64,Texel,625,440,54,3,0,0,4,4,0.0,5.0,18.0,1,0
-25,1,Alphen aan den Rijn,115,115,21,3,0,0,4,4,0.03,16.0,18.0,1,0
-28,0,Alphen aan den Rijn,455,245,45,3,0,0,4,4,0.0,7.0,17.0,1,0
-14,-7,Oudewater,755,410,65,3,0,0,4,4,0.0,5.0,13.0,1,0
-42,-41,Veere,400,240,34,3,0,0,4,4,0.0,9.0,12.3,2,1
2,-40,Gilze en Rijen,1000,610,100,3,0,0,4,4,0.0,3.0,13.0,1,0
-3,-46,Zundert,1860,1190,164,3,33,2,4,4,0.0,2.0,19.0,1,0
-5,-40,Zundert,1205,775,107,3,0,0,4,4,0.0,3.0,14.0,1,0
42,-16,Oude IJsselstreek,690,420,52,6,179,14,7,4,0.64,11.4,13.8,2,0
45,-55,Leudal,195,125,20,3,0,0,4,4,0.0,15.0,23.0,1,0
29,-39,Gemert-Bakel,370,225,31,3,132,8,4,4,0.0,10.0,11.0,1,0
4,64,Noordenveld,165,110,16,3,33,2,4,4,0.0,18.0,11.0,1,0
34,20,Twenterand,370,220,26,3,0,0,4,4,0.0,11.0,26.0,1,0
9,40,Westerveld,3225,1870,290,55,90,5,72,4,1.23,19.0,31.0,1,0
4,44,Westerveld,510,310,48,3,0,0,4,4,0.0,6.5,12.9,2,0
3,46,Westerveld,170,95,15,3,0,0,4,4,0.0,19.0,36.0,1,0
20,-32,Bernheze,465,250,40,3,33,2,4,4,0.0,8.0,11.0,1,0
16,61,Tynaarlo,320,235,42,3,0,0,4,4,0.0,7.0,8.6,2,0
14,51,Midden-Drenthe,545,340,46,3,0,0,4,4,0.0,7.0,16.0,1,0
10,50,Midden-Drenthe,740,585,80,3,0,0,4,4,0.0,4.1,17.8,2,0
17,47,Midden-Drenthe,265,220,30,3,0,0,4,4,0.0,10.0,12.0,1,0
17,-14,Overbetuwe,175,95,16,3,0,0,4,4,0.14,23.6,81.5,2,0
20,13,Olst-Wijhe,335,215,30,3,0,0,4,4,0.0,11.0,9.0,1,0
-18,53,Súdwest-Fryslân,625,330,42,3,0,0,4,4,0.0,8.6,21.5,2,1
-22,54,Súdwest-Fryslân,735,420,53,3,11,1,4,4,0.0,5.9,22.6,2,0
-14,-12,Krimpenerwaard,150,105,18,3,0,0,4,4,0.0,17.0,10.0,1,0
23,-37,Meierijstad,560,315,46,3,0,0,4,4,0.0,7.0,21.0,1,0
54,-80,Beekdaelen,130,55,8,3,55,5,4,4,0.0,35.0,20.0,1,0
0,-27,Altena,765,475,64,3,0,0,4,4,0.0,4.4,18.4,2,0
-5,-14,Vijfheerenlanden,330,215,34,3,0,0,4,4,0.0,10.0,5.0,1,0
-3,-18,Vijfheerenlanden,320,170,27,3,94,7,4,4,0.0,10.0,13.0,1,0
-23,-27,Hoeksche Waard,685,440,78,3,0,0,4,4,0.0,4.0,15.0,1,0
-39,35,Dijk en Waard,140,100,17,3,0,0,4,4,0.0,19.6,0.0,1,1
-10,12,Almere,60,40,9,2,44,4,3,3,0.04,27.0,0.0,1,1
23,56,Stadskanaal,955,620,68,2,0,0,3,3,0.0,3.0,6.0,1,0
24,56,Stadskanaal,1485,985,105,2,0,0,3,3,0.0,1.8,6.8,2,0
22,58,Veendam,85,50,7,2,0,0,3,3,0.0,31.0,36.0,1,0
-6,52,Heerenveen,1370,785,101,2,0,0,3,3,0.0,2.0,13.0,1,0
38,13,Almelo,290,170,24,2,0,0,3,3,0.0,8.0,34.0,1,0
17,28,Dalfsen,225,140,20,3,11,1,3,3,0.0,13.0,10.0,1,0
22,10,Deventer,225,115,16,2,0,0,3,3,0.0,15.0,25.0,1,0
51,3,Enschede,285,190,25,2,0,0,3,3,0.11,10.0,12.0,1,0
18,29,Hardenberg,325,235,28,2,0,0,3,3,0.0,7.0,12.0,1,0
17,30,Hardenberg,555,360,43,2,0,0,3,3,0.0,5.0,12.0,1,0
23,29,Hardenberg,765,520,61,3,210,12,3,3,0.0,4.8,14.7,2,0
26,30,Hardenberg,455,255,30,2,0,0,3,3,0.0,8.0,14.0,1,0
24,22,Ommen,190,125,18,2,0,0,3,3,0.0,12.0,17.0,1,0
24,24,Ommen,285,155,22,2,0,0,3,3,0.0,11.0,13.0,1,0
28,22,Ommen,465,300,43,3,0,0,3,3,0.0,6.0,14.0,1,0
19,27,Ommen,285,230,33,2,0,0,3,3,0.0,6.0,11.0,1,0
20,28,Ommen,140,65,9,2,0,0,3,3,0.0,24.0,29.0,1,0
17,-1,Apeldoorn,440,275,42,2,11,1,3,3,0.01,5.0,42.0,1,0
11,1,Barneveld,165,145,19,2,0,0,3,3,0.0,13.0,22.0,1,0
28,-3,Brummen,230,130,19,2,0,0,3,3,0.0,11.0,24.0,1,0
10,-14,Buren,300,255,41,2,22,2,3,3,0.0,6.0,14.0,1,0
36,-10,Doetinchem,115,65,9,2,0,0,3,3,0.0,24.0,11.0,1,0
15,18,Heerde,190,130,17,2,0,0,3,3,0.0,13.0,13.0,1,0
33,3,Lochem,215,95,15,2,0,0,3,3,0.0,13.0,12.0,1,0
17,-10,Renkum,50,40,7,2,55,5,3,3,0.0,28.2,0.0,1,1
24,-5,Rheden,95,120,17,2,0,0,3,3,0.0,12.0,23.0,1,0
28,-8,Rheden,70,30,4,3,0,0,3,3,0.0,58.0,25.0,1,0
25,2,Voorst,80,45,6,2,0,0,3,3,0.0,34.0,29.0,1,0
-4,3,Amersfoort,390,200,36,2,0,0,3,3,0.0,6.0,19.0,1,0
-3,-10,Houten,445,255,55,2,0,0,3,3,0.0,4.6,14.6,2,0
-13,-2,Utrecht,610,345,60,2,34,2,3,3,0.0,4.0,21.0,1,0
-22,15,Amsterdam,680,285,51,4,5,1,5,3,0.42,9.9,16.6,3,1
-25,26,Edam-Volendam,780,480,105,2,0,0,3,3,0.0,2.0,15.0,1,0
-32,16,Haarlemmermeer,100,70,14,2,0,0,3,3,0.0,14.0,21.0,1,0
-30,29,Purmerend,625,410,76,2,0,0,3,3,0.0,3.0,8.0,1,0
-42,42,Schagen,180,120,18,2,172,8,3,3,0.0,11.0,13.0,1,0
-48,61,Texel,155,90,11,2,66,4,3,3,0.0,21.0,21.0,1,0
-20,-1,Nieuwkoop,105,60,10,2,0,0,3,3,0.0,19.7,23.8,2,1
-23,1,Nieuwkoop,705,390,66,3,0,0,4,3,0.15,4.4,4.8,2,1
-30,-14,Midden-Delfland,180,110,21,2,0,0,3,3,0.0,12.4,8.2,2,1
-28,-4,Zoeterwoude,100,65,12,2,99,9,3,3,0.06,18.6,5.2,2,1
-28,-54,Terneuzen,2315,1325,195,19,22,2,25,3,1.13,10.0,28.0,1,0
-19,72,Tytsjerksteradiel,695,355,40,2,0,0,3,3,0.0,5.3,21.0,2,0
-19,71,Tytsjerksteradiel,100,35,4,2,55,3,3,3,0.0,60.0,69.0,1,0
27,-36,Boekel,640,335,39,2,0,0,3,3,0.0,6.0,29.0,1,0
16,-35,Boxtel,260,160,23,3,0,0,3,3,0.0,11.0,14.0,1,0
18,-37,Boxtel,430,235,34,3,156,13,4,3,0.24,9.4,14.4,2,0
-7,-35,Breda,900,500,81,2,0,0,3,3,0.0,3.0,6.0,1,0
23,-50,Eersel,145,95,16,2,22,2,3,3,0.0,13.0,9.0,1,0
19,-41,Oirschot,240,140,22,3,33,3,3,3,0.19,12.0,14.0,1,0
17,-46,Oirschot,360,175,27,2,99,6,3,3,0.0,8.0,11.0,1,0
13,-40,Oisterwijk,670,415,75,2,0,0,3,3,0.0,3.0,10.0,1,0
15,-22,Oss,410,260,40,2,22,2,3,3,0.0,6.0,13.0,1,0
-20,-37,Steenbergen,660,570,80,2,0,0,3,3,0.0,3.0,10.0,1,0
-23,20,Waterland,260,155,31,2,1322,12,3,3,0.0,7.0,11.0,1,0
-24,21,Waterland,140,95,19,2,0,0,3,3,0.0,11.0,13.0,1,0
-2,-44,Zundert,1440,775,107,2,0,0,3,3,0.11,2.0,16.0,1,0
62,-85,Simpelveld,140,85,12,2,44,4,3,3,0.0,18.0,24.0,1,0
43,-19,Oude IJsselstreek,240,160,20,2,0,0,3,3,0.0,12.0,10.0,1,0
3,-7,Utrechtse Heuvelrug,85,80,15,3,0,0,3,3,0.0,17.0,29.0,1,0
-30,31,Koggenland,345,220,33,2,0,0,3,3,0.0,7.0,7.0,1,0
-24,-11,Lansingerland,485,380,82,2,0,0,3,3,0.06,3.0,11.0,1,0
29,46,Borger-Odoorn,920,570,77,2,0,0,3,3,0.0,3.0,19.0,1,0
18,31,De Wolden,445,265,36,3,0,0,3,3,0.0,7.0,14.0,1,0
-37,-38,Noord-Beveland,80,20,3,2,0,0,3,3,0.0,73.0,77.0,1,0
6,58,Noordenveld,170,120,17,2,0,0,3,3,0.0,12.0,15.0,1,0
3,60,Noordenveld,285,185,26,3,70,4,3,3,0.0,10.0,13.0,1,0
35,16,Twenterand,190,95,11,2,0,0,3,3,0.0,22.0,38.0,1,0
12,46,Westerveld,205,115,18,2,0,0,3,3,0.0,12.0,13.0,1,0
6,43,Westerveld,600,360,56,2,0,0,3,3,0.0,4.0,9.1,2,0
27,-16,Lingewaard,700,435,75,6,0,0,8,3,0.82,8.0,11.0,1,0
35,-56,Cranendonck,415,165,21,2,0,0,3,3,0.0,10.0,22.0,1,0
18,-29,Bernheze,300,160,25,2,0,0,3,3,0.0,8.0,20.0,1,0
20,-33,Bernheze,640,385,59,3,0,0,3,3,0.0,4.2,11.8,2,0
24,-55,Bergeijk,355,140,21,3,0,0,3,3,0.0,12.0,18.0,1,0
13,57,Tynaarlo,85,60,11,2,0,0,3,3,0.0,20.0,3.0,1,0
40,9,Hof van Twente,245,125,17,3,0,0,3,3,0.0,16.0,19.0,1,0
19,11,Olst-Wijhe,130,95,13,3,0,0,4,3,0.13,21.0,26.0,1,0
44,19,Dinkelland,175,100,13,2,0,0,3,3,0.0,17.0,29.0,1,0
47,-4,Berkelland,435,265,33,2,0,0,3,3,0.0,7.0,17.0,1,0
37,-6,Bronckhorst,140,90,12,2,0,0,3,3,0.0,20.0,18.0,1,0
30,-3,Bronckhorst,190,95,12,3,0,0,3,3,0.0,21.0,21.0,1,0
33,-1,Bronckhorst,150,100,13,3,0,0,3,3,0.0,20.0,27.0,1,0
30,-4,Bronckhorst,125,110,14,2,0,0,3,3,0.0,17.0,9.0,1,0
29,-6,Bronckhorst,275,135,17,2,0,0,3,3,0.0,13.0,16.0,1,0
49,-51,Peel en Maas,125,95,13,2,0,0,3,3,0.0,17.0,4.0,1,0
11,27,Zwartewaterland,365,190,27,2,0,0,3,3,0.0,8.0,13.0,1,0
8,27,Zwartewaterland,180,75,11,2,22,2,3,3,0.0,19.0,21.0,1,0
-27,54,Súdwest-Fryslân,385,175,22,2,0,0,3,3,0.0,9.0,15.0,1,0
-20,53,Súdwest-Fryslân,310,175,22,3,0,0,3,3,0.05,12.0,14.0,1,0
-20,-2,Bodegraven-Reeuwijk,390,270,48,2,0,0,3,3,0.0,5.0,15.0,1,0
-11,1,Stichtse Vecht,650,455,87,3,56,4,3,3,0.0,3.0,22.0,1,0
-15,-16,Krimpenerwaard,620,385,65,3,0,0,3,3,0.0,4.0,9.0,1,0
-15,-14,Krimpenerwaard,405,245,41,2,0,0,3,3,0.0,5.0,7.0,1,0
-14,-13,Krimpenerwaard,140,75,13,2,0,0,3,3,0.04,16.0,14.0,1,0
-17,-12,Krimpenerwaard,210,90,15,2,0,0,3,3,0.0,14.0,12.0,1,0
-15,-12,Krimpenerwaard,165,70,12,2,638,14,3,3,0.0,18.0,12.0,1,0
-14,46,De Fryske Marren,215,150,19,2,0,0,3,3,0.0,11.0,14.0,1,0
-14,9,Gooise Meren,70,45,9,2,0,0,3,3,0.0,21.0,46.0,1,0
26,-36,Meierijstad,275,145,21,2,0,0,3,3,0.0,11.0,11.0,1,0
12,65,Midden-Groningen,265,190,26,2,0,0,3,3,0.0,9.0,24.0,1,0
14,67,Midden-Groningen,790,540,73,2,0,0,3,3,0.0,2.7,17.5,2,0
-8,-12,Vijfheerenlanden,240,145,23,2,3,1,3,3,0.0,10.0,7.0,1,0
-2,70,Westerkwartier,1155,480,62,2,0,0,3,3,0.1,4.0,4.0,1,0
-9,-18,Molenlanden,390,150,21,2,0,0,3,3,0.0,12.0,11.3,2,1
-6,-17,Molenlanden,340,220,30,2,0,0,3,3,0.0,7.7,7.7,2,0
-10,-14,Molenlanden,580,335,46,2,0,0,3,3,0.0,4.8,9.5,3,0
25,-27,Land van Cuijk,175,115,17,2,0,0,3,3,0.0,14.0,14.0,1,0
27,-32,Maashorst,610,350,51,3,0,0,3,3,0.02,5.0,18.0,1,0
25,-30,Maashorst,355,250,36,3,33,3,3,3,0.0,7.0,17.0,1,0
2,70,Groningen,65,25,4,1,0,0,2,2,0.0,36.0,11.0,1,0
29,51,Stadskanaal,1615,865,94,2,0,0,2,2,0.0,2.0,9.0,1,0
-10,55,Heerenveen,690,465,60,2,0,0,2,2,0.0,3.1,10.8,2,0
-24,73,Leeuwarden,440,260,34,1,17,1,2,2,0.0,3.6,25.7,2,1
-15,61,Leeuwarden,210,135,18,1,29,3,2,2,0.0,8.0,8.0,1,0
-41,81,Terschelling,125,40,4,2,0,0,2,2,0.0,41.0,35.0,1,0
14,54,Assen,495,310,47,2,66,3,2,2,0.04,5.9,7.6,3,0
11,58,Assen,110,75,11,2,0,0,2,2,0.0,15.3,6.5,2,1
14,53,Assen,55,25,4,2,0,0,2,2,0.02,45.0,48.0,1,0
29,37,Coevorden,225,125,16,2,0,0,2,2,0.0,10.4,5.1,2,0
40,32,Emmen,265,155,20,1,0,0,2,2,0.0,7.0,13.0,1,0
7,39,Meppel,140,90,13,1,2100,6,2,2,0.0,10.0,17.0,1,0
21,20,Dalfsen,130,70,10,1,0,0,2,2,0.0,13.0,17.0,1,0
44,3,Haaksbergen,165,105,14,2,0,0,2,2,0.0,13.0,16.0,1,0
27,31,Hardenberg,155,100,12,1,0,0,2,2,0.0,11.0,16.0,1,0
29,30,Hardenberg,175,110,13,2,77,7,2,2,0.0,13.0,13.0,1,0
32,23,Hardenberg,360,230,27,1,0,0,2,2,0.0,5.0,14.0,1,0
31,27,Hardenberg,580,385,45,1,0,0,2,2,0.0,3.0,12.0,1,0
43,6,Hengelo,260,170,23,2,367,17,2,2,0.0,7.0,22.0,1,0
22,25,Ommen,165,130,19,2,44,2,2,2,0.0,9.0,14.0,1,0
20,27,Ommen,155,80,12,1,0,0,2,2,0.0,12.0,15.0,1,0
11,33,Staphorst,175,80,7,2,22,2,2,2,0.0,22.0,7.0,1,0
13,32,Staphorst,395,180,16,3,0,0,4,2,0.84,21.0,5.0,1,0
26,-2,Brummen,245,140,20,2,0,0,2,2,0.0,9.1,24.0,2,0
5,-14,Buren,130,90,15,2,0,0,2,2,0.0,12.0,4.0,1,0
0,-14,Culemborg,145,120,21,1,0,0,2,2,0.0,6.0,13.0,1,0
39,-14,Oude IJsselstreek,315,215,29,4,201,15,5,2,0.77,12.4,16.7,2,0
33,-13,Doetinchem,135,80,12,2,2500,8,2,2,0.0,16.0,10.0,1,0
16,-18,Druten,1325,765,121,1,0,0,2,2,0.0,0.7,19.4,2,0
29,-15,Duiven,2025,1230,221,9,10,1,11,2,1.1,4.0,17.0,1,0
33,2,Lochem,50,25,4,1,0,0,2,2,0.0,32.0,23.0,1,0
8,-24,Maasdriel,720,380,64,1,0,0,2,2,0.0,2.0,25.0,1,0
29,-12,Zevenaar,145,190,30,1,0,0,2,2,0.0,4.0,18.0,1,0
4,-3,Leusden,1005,540,92,2,0,0,2,2,0.0,1.7,10.2,2,0
-13,-5,Montfoort,80,35,6,1,22,2,2,2,0.0,21.0,14.0,1,0
-11,-6,Montfoort,445,285,47,2,11,1,2,2,0.0,4.0,13.0,1,0
4,-5,Woudenberg,570,330,51,2,187,11,3,2,0.11,4.0,15.0,1,0
2,-12,Wijk bij Duurstede,210,145,24,1,0,0,2,2,0.0,6.0,4.0,1,0
-32,25,Alkmaar,170,160,25,1,0,0,2,2,0.0,5.4,6.8,2,1
-33,25,Alkmaar,220,120,19,1,0,0,2,2,0.0,7.0,11.0,1,0
-27,29,Edam-Volendam,115,75,16,2,0,0,2,2,0.0,11.0,20.0,1,0
-30,35,Medemblik,20,175,26,3,55,5,4,2,0.82,12.9,0.0,2,2
-28,36,Medemblik,725,430,64,2,0,0,2,2,0.0,3.0,16.0,1,0
-25,37,Medemblik,510,265,39,2,0,0,2,2,0.0,4.0,22.0,1,0
-34,35,Opmeer,220,140,18,1,0,0,2,2,0.0,8.2,6.4,2,0
-36,13,Zandvoort,15,20,3,2,0,0,2,2,0.0,53.5,0.0,1,1
-16,-8,Oudewater,390,175,28,1,0,0,2,2,0.0,4.5,14.7,2,0
-22,-20,Albrandswaard,240,155,35,1,0,0,2,2,0.0,4.0,17.0,1,0
-41,-34,Veere,280,190,27,2,0,0,2,2,0.0,6.0,14.0,1,0
-18,68,Tytsjerksteradiel,205,125,14,2,22,2,2,2,0.0,13.0,22.0,1,0
-14,65,Tytsjerksteradiel,330,210,24,2,0,0,2,2,0.0,7.0,6.0,1,0
38,-50,Asten,960,555,75,2,0,0,2,2,0.0,2.0,19.0,1,0
3,-45,Baarle-Nassau,570,365,41,2,0,0,2,2,0.0,4.0,14.0,1,0
25,-34,Boekel,925,540,62,1,0,0,2,2,0.0,2.0,22.0,1,0
27,-34,Boekel,390,210,24,1,0,0,2,2,0.0,6.0,13.0,1,0
15,-38,Boxtel,315,200,29,1,0,0,2,2,0.0,5.0,12.0,1,0
-6,-39,Etten-Leur,385,240,41,1,0,0,2,2,0.0,3.0,11.0,1,0
-6,-38,Etten-Leur,310,225,39,1,66,4,2,2,0.0,3.0,7.0,1,0
-3,-30,Geertruidenberg,75,25,4,3,250,20,4,2,0.57,83.0,77.0,1,0
10,-30,'s-Hertogenbosch,315,155,26,2,0,0,2,2,0.05,6.6,37.7,2,1
14,-26,'s-Hertogenbosch,130,105,17,1,0,0,2,2,0.0,7.0,12.0,1,0
6,-27,Heusden,265,170,27,1,0,0,2,2,0.0,5.0,16.0,1,0
14,-45,Hilvarenbeek,415,245,43,1,0,0,2,2,0.0,3.0,17.0,1,0
17,-39,Oirschot,475,245,38,2,0,0,2,2,0.0,4.0,14.0,1,0
16,-44,Oirschot,650,470,73,4,0,0,5,2,0.83,5.0,15.0,1,0
19,-24,Oss,330,180,28,2,0,0,2,2,0.0,6.0,20.0,1,0
11,-25,Oss,115,85,13,1,44,2,2,2,0.0,10.0,10.0,1,0
13,-31,Sint-Michielsgestel,335,195,36,2,0,0,2,2,0.0,5.0,18.0,1,0
35,-51,Someren,765,430,63,2,0,0,2,2,0.0,3.0,15.0,1,0
-21,-33,Steenbergen,195,145,20,2,0,0,2,2,0.0,9.0,15.0,1,0
-22,21,Waterland,325,195,39,2,0,0,2,2,0.0,4.0,17.0,1,0
-20,18,Waterland,125,75,15,1,0,0,2,2,0.0,9.0,11.0,1,0
10,-38,Tilburg,105,60,9,2,0,0,2,2,0.3,17.6,11.0,2,1
28,-55,Valkenswaard,185,115,17,1,0,0,2,2,0.0,8.0,16.0,1,0
9,-32,Vught,190,80,15,1,177,8,2,2,0.0,9.0,16.0,1,0
-30,24,Wormerland,370,215,36,2,0,0,2,2,0.0,5.0,12.0,1,0
52,-85,Maastricht,135,90,14,2,22,2,2,2,0.1,11.0,21.0,1,0
42,-58,Nederweert,415,270,39,1,0,0,2,2,0.0,3.0,9.0,1,0
40,-54,Nederweert,515,310,45,2,50,5,2,2,0.0,4.0,11.0,1,0
43,-58,Nederweert,250,170,25,1,0,0,2,2,0.0,6.0,13.0,1,0
64,-89,Vaals,125,80,9,1,0,0,2,2,0.0,16.0,26.0,1,0
37,-59,Weert,10,35,5,1,0,0,2,2,0.0,23.6,0.0,1,1
46,-44,Horst aan de Maas,1010,530,74,1,22,2,2,2,0.0,2.0,8.0,1,0
-31,30,Koggenland,105,55,8,2,0,0,2,2,0.0,23.0,9.0,1,0
44,-54,Leudal,535,340,55,2,0,0,2,2,0.0,3.0,14.0,1,0
28,-37,Gemert-Bakel,775,385,52,2,0,0,2,2,0.0,3.0,15.0,1,0
30,-38,Gemert-Bakel,235,135,18,2,0,0,2,2,0.0,10.0,20.0,1,0
31,-39,Gemert-Bakel,505,270,37,2,0,0,2,2,0.0,5.0,11.0,1,0
33,-43,Gemert-Bakel,705,395,54,2,0,0,2,2,0.02,3.0,8.0,1,0
31,-52,Heeze-Leende,415,325,53,2,44,4,2,2,0.0,3.0,13.0,1,0
29,-40,Laarbeek,350,170,26,1,0,0,2,2,0.0,5.0,13.0,1,0
17,-51,Reusel-De Mierden,735,440,60,5,110,10,6,2,0.79,7.6,11.1,2,0
54,-65,Roerdalen,70,80,12,2,0,0,2,2,0.0,12.5,3.2,2,1
-38,-30,Schouwen-Duiveland,450,250,40,1,0,0,2,2,0.0,3.0,8.0,1,0
19,58,Aa en Hunze,475,315,50,2,0,0,2,2,0.0,3.3,7.6,2,1
26,52,Borger-Odoorn,545,360,49,1,0,0,2,2,0.0,2.2,26.0,2,1
11,41,De Wolden,85,75,10,2,22,2,2,2,0.0,16.0,20.0,1,0
-15,8,Wijdemeren,270,175,33,2,0,0,2,2,0.0,5.0,15.0,1,0
13,44,Westerveld,245,135,21,2,0,0,2,2,0.0,3.9,11.6,2,0
10,41,Westerveld,145,110,17,1,22,2,2,2,0.0,8.0,17.0,1,0
33,-54,Cranendonck,95,70,9,1,22,2,2,2,0.0,15.0,27.0,1,0
3,35,Steenwijkerland,220,140,19,1,0,0,2,2,0.0,7.0,8.0,1,0
8,35,Steenwijkerland,255,180,25,1,0,0,2,2,0.0,5.0,12.0,1,0
51,-69,Echt-Susteren,305,185,26,3,0,0,3,2,0.63,8.8,14.5,3,1
-36,-54,Sluis,490,340,48,1,0,0,2,2,0.0,2.5,15.8,2,0
20,-30,Bernheze,680,390,62,2,265,12,2,2,0.0,3.0,16.0,1,0
0,-41,Alphen-Chaam,335,220,30,1,0,0,2,2,0.0,4.0,17.0,1,0
24,-53,Bergeijk,135,75,11,1,0,0,2,2,0.0,11.0,13.0,1,0
20,-48,Bladel,265,160,23,2,22,2,2,2,0.0,7.0,8.0,1,0
58,-85,Eijsden-Margraten,3700,2245,376,74,22,2,96,2,1.27,19.6,23.4,2,0
7,61,Tynaarlo,80,65,12,1,0,0,2,2,0.0,10.0,27.0,1,0
18,40,Midden-Drenthe,385,230,31,1,0,0,2,2,0.0,4.0,14.0,1,0
22,43,Midden-Drenthe,180,110,15,2,0,0,2,2,0.0,11.0,11.0,1,0
19,-14,Overbetuwe,190,100,17,1,0,0,2,2,0.0,8.0,12.0,1,0
39,4,Hof van Twente,210,115,15,2,0,0,2,2,0.0,10.0,61.0,1,0
37,7,Hof van Twente,145,60,8,1,176,8,2,2,0.0,17.0,19.0,1,0
21,11,Olst-Wijhe,350,185,26,1,0,0,2,2,0.0,5.0,11.0,1,0
28,-6,Bronckhorst,70,55,7,1,0,0,2,2,0.0,18.0,9.0,1,0
32,-10,Bronckhorst,125,70,9,1,0,0,2,2,0.0,14.0,35.0,1,0
55,-76,Sittard-Geleen,100,65,9,1,397,21,2,2,0.0,14.0,23.0,1,0
45,-53,Peel en Maas,465,290,39,2,0,0,3,2,0.38,5.3,10.1,2,0
49,-54,Peel en Maas,355,215,29,2,0,0,2,2,0.0,6.0,17.0,1,0
49,-52,Peel en Maas,205,120,16,2,0,0,2,2,0.05,12.0,9.0,1,0
43,-53,Peel en Maas,245,170,23,2,0,0,2,2,0.0,7.0,14.0,1,0
44,-52,Peel en Maas,50,65,9,1,0,0,2,2,0.0,14.0,41.0,1,0
-17,57,Súdwest-Fryslân,230,85,11,1,22,2,2,2,0.0,13.0,30.0,1,0
-25,51,Súdwest-Fryslân,850,455,58,1,0,0,2,2,0.0,2.1,34.1,2,0
-18,58,Súdwest-Fryslân,325,195,25,1,0,0,2,2,0.0,6.0,13.0,1,0
-22,53,Súdwest-Fryslân,75,40,5,1,0,0,2,2,0.0,26.0,21.0,1,0
-21,56,Súdwest-Fryslân,460,265,34,2,0,0,2,2,0.0,5.8,17.3,2,0
-23,58,Súdwest-Fryslân,970,595,75,2,0,0,2,2,0.0,2.5,21.1,2,0
-30,62,Súdwest-Fryslân,590,365,46,1,0,0,2,2,0.0,3.1,12.6,2,0
-18,60,Súdwest-Fryslân,165,105,13,1,0,0,2,2,0.0,9.0,18.0,1,0
-22,61,Súdwest-Fryslân,320,195,25,2,0,0,2,2,0.0,6.2,12.9,2,0
-25,61,Súdwest-Fryslân,175,90,11,2,0,0,2,2,0.0,16.0,6.0,1,0
-16,6,Stichtse Vecht,60,35,7,2,0,0,2,2,0.0,23.2,0.0,1,1
-14,-1,Stichtse Vecht,300,160,31,2,44,2,2,2,0.0,5.0,12.0,1,0
-16,1,Stichtse Vecht,310,190,36,1,0,0,2,2,0.0,4.1,16.7,2,0
-41,45,Hollands Kroon,255,200,29,2,44,2,2,2,0.0,6.0,11.0,1,0
-33,45,Hollands Kroon,695,365,53,2,0,0,2,2,0.0,3.0,17.0,1,0
-38,47,Hollands Kroon,840,430,62,2,0,0,2,2,0.0,3.0,14.0,1,0
-33,40,Hollands Kroon,580,315,46,1,0,0,2,2,0.0,3.0,12.0,1,0
-23,-28,Goeree-Overflakkee,435,285,43,1,0,0,2,2,0.0,3.0,9.0,1,0
-30,-20,Nissewaard,345,185,35,1,0,0,2,2,0.0,4.0,10.0,1,0
-15,49,De Fryske Marren,350,205,26,1,0,0,2,2,0.0,5.0,19.0,1,0
24,-37,Meierijstad,370,205,30,1,0,0,2,2,0.0,4.4,11.1,2,0
35,45,Westerwolde,355,235,25,1,0,0,2,2,0.0,5.6,9.9,2,0
15,66,Midden-Groningen,805,495,67,1,0,0,2,2,0.03,2.0,20.0,1,0
11,66,Midden-Groningen,420,280,38,1,22,2,2,2,0.0,1.4,17.6,2,1
-8,-24,Altena,180,120,16,2,0,0,2,2,0.0,11.0,12.0,1,0
2,-28,Altena,430,270,37,1,0,0,2,2,0.0,3.7,16.5,2,0
3,-16,West Betuwe,330,135,21,2,132,10,2,2,0.0,8.0,9.0,1,0
3,-15,West Betuwe,385,195,31,1,0,0,2,2,0.0,4.0,11.0,1,0
-9,-13,Vijfheerenlanden,175,70,11,1,74,4,2,2,0.0,11.0,9.0,1,0
-1,73,Westerkwartier,345,175,23,2,0,0,2,2,0.0,7.0,13.0,1,0
-25,75,Noardeast-Fryslân,365,285,25,2,0,0,2,2,0.0,7.0,20.0,1,0
-12,-17,Molenlanden,120,85,12,1,0,0,2,2,0.0,5.6,14.6,2,1
-11,-15,Molenlanden,410,295,41,1,0,0,2,2,0.0,2.6,8.8,2,0
-8,-17,Molenlanden,115,75,10,1,0,0,2,2,0.0,14.0,7.0,1,0
9,78,Eemsdelta,640,395,57,1,0,0,2,2,0.0,2.4,28.0,2,0
16,75,Eemsdelta,0,75,11,2,0,0,2,2,0.0,17.5,0.0,1,1
23,-25,Land van Cuijk,490,310,45,4,0,0,5,2,0.75,9.0,7.5,2,0
-34,-21,Voorne aan Zee,760,380,74,1,0,0,2,2,0.0,2.0,21.0,1,0
-35,-15,Voorne aan Zee,335,210,41,1,0,0,2,2,0.0,3.0,12.0,1,0
-32,-18,Voorne aan Zee,310,215,42,1,0,0,2,2,0.0,3.0,7.0,1,0
-33,-16,Voorne aan Zee,55,35,7,1,44,4,2,2,0.0,21.8,0.0,1,1
20,58,Veendam,505,350,52,1,0,0,1,1,0.0,2.0,30.2,2,0
-33,66,Harlingen,0,15,2,0,78,6,1,1,0.02,20.7,0.0,1,1
-6,51,Heerenveen,1580,905,116,1,0,0,2,1,0.03,1.0,13.0,1,0
-10,54,Heerenveen,210,90,12,1,0,0,1,1,0.0,9.0,16.0,1,0
-23,69,Leeuwarden,35,25,3,1,0,0,1,1,0.0,32.0,0.0,1,1
-17,68,Tytsjerksteradiel,1545,895,102,1,22,2,1,1,0.0,0.9,11.6,2,0
-6,54,Opsterland,720,475,52,1,0,0,1,1,0.0,2.0,24.0,1,0
-14,86,Schiermonnikoog,85,30,3,1,0,0,1,1,0.0,40.0,37.0,1,0
-9,61,Smallingerland,625,450,52,1,0,0,2,1,0.33,2.8,4.3,2,0
26,35,Coevorden,245,145,18,1,0,0,1,1,0.0,6.0,8.0,1,0
24,37,Coevorden,685,430,54,1,0,0,1,1,0.0,2.0,25.0,1,0
26,40,Coevorden,175,110,14,1,0,0,1,1,0.0,7.7,4.1,2,1
35,40,Emmen,245,135,17,1,0,0,1,1,0.0,6.0,23.0,1,0
38,36,Emmen,265,150,19,1,44,4,1,1,0.0,4.2,2.3,2,1
19,30,Hardenberg,435,295,35,1,0,0,1,1,0.0,3.0,11.0,1,0
25,32,Hardenberg,250,140,17,0,22,2,1,1,0.0,3.0,7.0,1,0
29,28,Hardenberg,210,115,14,1,0,0,1,1,0.0,8.0,17.0,1,0
30,26,Hardenberg,100,65,8,1,44,2,1,1,0.0,11.0,16.0,1,0
26,23,Ommen,85,50,7,1,0,0,1,1,0.0,14.0,49.0,1,0
22,26,Ommen,165,90,13,1,22,2,1,1,0.0,7.0,4.0,1,0
18,1,Apeldoorn,415,280,43,3,0,0,4,1,0.94,8.0,21.0,1,0
15,7,Apeldoorn,965,630,96,1,14,1,1,1,0.0,1.0,12.0,1,0
5,-1,Barneveld,150,90,12,1,22,1,2,1,0.42,11.0,14.0,1,0
5,20,Elburg,125,50,6,1,44,2,2,1,0.35,23.0,5.0,1,0
8,6,Ermelo,90,90,14,2,66,3,3,1,0.77,15.0,21.0,1,0
6,10,Ermelo,75,50,8,1,0,0,1,1,0.0,14.0,96.0,1,0
10,22,Hattem,550,475,74,9,11,1,12,1,1.18,11.8,12.3,2,0
26,-23,Heumen,125,45,8,1,66,6,1,1,0.59,10.0,5.0,1,0
11,-21,Maasdriel,185,150,25,1,0,0,1,1,0.0,4.0,4.0,1,0
8,20,Oldebroek,875,485,59,18,46,3,23,1,1.25,30.0,17.0,1,0
5,7,Putten,85,95,13,1,11,1,1,1,0.0,7.0,26.0,1,0
19,-12,Renkum,15,20,4,1,0,0,1,1,0.0,28.2,0.0,1,1
24,4,Voorst,90,40,6,1,66,6,1,1,0.0,16.0,29.0,1,0
18,-19,Wijchen,445,285,47,2,13,1,2,1,0.66,4.1,7.4,2,1
21,-21,Wijchen,25,25,4,1,110,10,1,1,0.0,16.4,0.0,1,1
4,-25,Zaltbommel,445,235,34,8,10,1,11,1,1.18,24.6,25.6,2,0
27,-10,Zevenaar,755,590,92,2,66,4,2,1,0.68,2.3,9.5,2,1
-12,-8,Montfoort,320,210,35,1,0,0,1,1,0.0,3.0,15.0,1,0
-3,0,Soest,340,215,39,3,0,0,4,1,1.13,8.0,39.0,1,0
-38,23,Heemskerk,30,10,2,1,22,2,1,1,0.0,32.0,0.0,1,1
-25,21,Purmerend,100,40,7,1,11,1,1,1,0.03,11.0,11.0,1,0
-36,15,Zandvoort,5,10,2,1,176,10,1,1,0.09,53.5,0.0,1,1
-21,-20,Barendrecht,55,35,8,2,260,21,3,1,0.86,26.7,0.0,1,1
-6,-19,Molenlanden,325,155,23,1,0,0,1,1,0.69,5.4,11.3,2,0
-34,1,Katwijk,85,50,9,1,0,0,1,1,0.0,12.0,32.0,1,0
-23,5,Nieuwkoop,130,70,12,0,22,2,1,1,0.0,4.0,13.0,1,0
-31,-43,Borsele,145,80,11,1,1002,8,1,1,0.0,7.0,11.0,1,0
-21,72,Tytsjerksteradiel,260,130,15,1,34,1,1,1,0.0,6.0,17.0,1,0
15,-34,Sint-Michielsgestel,435,260,46,3,55,4,3,1,1.03,6.0,18.8,2,0
35,-46,Deurne,320,205,25,1,74,4,1,1,0.0,4.0,15.0,1,0
7,-41,Goirle,235,165,27,1,0,0,1,1,0.05,4.0,12.0,1,0
18,-26,Oss,790,545,84,3,177,10,5,1,1.03,4.6,8.5,5,0
14,-23,Oss,140,45,7,1,0,0,2,1,0.48,16.8,12.2,2,1
-21,18,Waterland,305,175,35,1,22,2,1,1,0.0,3.0,10.0,1,0
-25,20,Waterland,55,35,7,1,218,16,1,1,0.03,15.5,0.0,1,1
25,-49,Veldhoven,430,185,34,1,34,2,1,1,0.0,3.0,20.0,1,0
22,-47,Veldhoven,385,175,32,1,177,16,2,1,0.85,3.2,14.1,2,0
-1,-29,Waalwijk,105,95,13,1,44,4,1,1,0.07,11.7,17.3,2,1
40,-36,Bergen (Limburg),265,185,24,1,0,0,1,1,0.0,4.6,1.6,2,1
34,-28,Gennep,305,200,26,1,44,4,1,1,0.0,2.0,15.0,1,0
63,-82,Kerkrade,20,70,9,3,596,34,4,1,0.85,34.2,0.0,1,1
39,-54,Nederweert,615,420,61,1,44,2,1,1,0.0,1.2,11.8,2,0
49,-73,Stein,150,110,16,0,44,4,1,1,0.0,3.0,3.0,1,0
63,-87,Vaals,60,25,3,1,44,4,1,1,0.0,19.0,30.0,1,0
58,-81,Voerendaal,95,60,10,0,155,14,1,1,0.24,5.0,11.0,1,0
37,-56,Weert,130,65,10,0,4015,18,1,1,0.0,4.0,13.0,1,0
41,-59,Weert,320,180,27,2,0,0,3,1,0.71,9.0,13.0,1,0
42,-18,Oude IJsselstreek,70,50,6,0,342,22,1,1,0.0,7.0,24.0,1,0
48,-57,Leudal,755,460,74,1,0,0,2,1,0.3,2.0,11.0,1,0
35,-41,Gemert-Bakel,290,185,25,1,0,0,1,1,0.0,4.0,23.0,1,0
55,-63,Roerdalen,220,110,17,1,0,0,1,1,0.0,6.0,34.0,1,0
28,43,Borger-Odoorn,205,170,23,1,0,0,1,1,0.0,5.0,4.0,1,0
-14,5,Wijdemeren,165,140,26,1,66,4,1,1,0.0,4.0,33.0,1,0
8,57,Noordenveld,90,90,13,1,0,0,1,1,0.0,8.0,22.0,1,0
8,40,Westerveld,610,345,54,1,198,10,1,1,0.0,1.0,38.0,1,0
5,33,Steenwijkerland,200,115,16,3,0,0,4,1,1.11,21.0,11.0,1,0
6,36,Steenwijkerland,300,160,22,1,22,2,1,1,0.31,4.0,10.0,1,0
1,42,Steenwijkerland,260,150,21,1,44,4,1,1,0.0,3.7,8.1,2,0
50,-68,Echt-Susteren,215,155,22,2,44,3,3,1,0.67,9.0,7.0,1,0
-38,-58,Sluis,580,305,43,1,81,7,1,1,0.0,2.0,29.0,1,0
19,-28,Bernheze,505,280,44,2,0,0,3,1,0.91,5.0,8.0,1,0
0,-40,Alphen-Chaam,315,220,30,1,132,6,1,1,0.0,2.0,12.0,1,0
14,49,Midden-Drenthe,120,65,9,1,155,10,1,1,0.23,6.0,11.0,1,0
20,-14,Overbetuwe,145,95,16,1,2500,8,1,1,0.0,3.1,12.7,2,0
37,5,Hof van Twente,2495,1325,176,13,0,0,17,1,1.23,6.5,21.9,3,0
45,-4,Berkelland,630,375,47,1,1203,6,1,1,0.37,2.0,25.0,1,0
-25,-6,Zuidplas,240,130,25,1,22,2,1,1,0.66,4.0,11.0,1,0
47,-54,Peel en Maas,590,215,29,2,22,2,3,1,1.02,7.4,14.4,2,0
25,66,Oldambt,1815,985,124,18,22,2,23,1,1.26,14.7,47.2,3,0
-23,52,Súdwest-Fryslân,330,165,21,1,0,0,1,1,0.0,5.0,18.0,1,0
-20,59,Súdwest-Fryslân,140,80,10,1,11,1,1,1,0.0,9.0,12.0,1,0
-24,55,Súdwest-Fryslân,145,70,9,1,11,1,1,1,0.0,7.1,4.7,2,1
-29,60,Súdwest-Fryslân,285,170,22,1,1300,4,1,1,0.0,3.0,8.0,1,0
-18,-7,Bodegraven-Reeuwijk,185,115,20,1,0,0,1,1,0.0,5.1,19.6,2,0
58,-86,Eijsden-Margraten,90,70,12,1,22,2,1,1,0.05,8.0,0.0,1,0
55,-84,Eijsden-Margraten,40,30,5,1,44,2,1,1,0.0,15.8,0.0,1,1
-15,1,Stichtse Vecht,120,60,11,1,10408,64,1,1,0.01,9.0,19.0,1,0
-14,3,Stichtse Vecht,235,165,32,1,0,0,1,1,0.33,4.3,12.1,2,0
-10,0,Stichtse Vecht,970,590,113,1,0,0,1,1,0.0,1.0,18.0,1,0
-12,1,Stichtse Vecht,170,110,21,1,0,0,1,1,0.0,5.0,13.0,1,0
-32,40,Hollands Kroon,455,140,20,1,0,0,1,1,0.0,5.0,35.0,1,0
-29,-22,Nissewaard,195,120,23,1,44,2,1,1,0.0,3.0,11.0,1,0
-18,-12,Krimpenerwaard,285,125,21,1,22,2,1,1,0.0,5.0,14.0,1,0
-8,44,De Fryske Marren,675,405,51,1,0,0,1,1,0.0,2.0,16.0,1,0
29,-24,Berg en Dal,75,25,4,1,44,4,1,1,0.0,20.4,0.0,1,1
18,-33,Meierijstad,100,40,6,1,14,1,1,1,0.12,19.0,10.0,1,0
-30,66,Waadhoeke,310,155,19,1,0,0,1,1,0.0,6.0,24.0,1,0
32,47,Westerwolde,530,335,36,1,0,0,1,1,0.0,3.0,6.0,1,0
15,71,Midden-Groningen,355,175,24,1,0,0,2,1,0.81,5.2,8.9,2,1
57,-80,Beekdaelen,305,210,32,1,144,13,1,1,0.0,3.0,16.0,1,0
-1,-16,West Betuwe,340,155,25,4,0,0,6,1,1.06,17.3,23.5,2,0
-25,-23,Hoeksche Waard,225,95,17,1,101,8,1,1,0.0,3.0,4.0,1,0
-11,71,Noardeast-Fryslân,110,55,5,1,55,5,1,1,0.0,16.0,30.0,1,0
-7,-18,Molenlanden,195,120,17,2,11,1,2,1,0.65,9.2,12.1,2,0
26,-32,Maashorst,0,30,4,1,22,2,1,1,0.0,19.9,0.0,1,1
24,-28,Maashorst,275,115,17,1,0,0,1,1,0.0,6.0,17.0,1,0
5,69,Groningen,36335,8225,1193,920,3468,278,1196,0,4.11,77.9,75.2,9,0
6,68,Groningen,25190,5990,869,688,2799,219,894,0,5.12,81.7,70.3,9,0
6,69,Groningen,20475,5645,819,569,2481,142,740,0,5.87,75.0,72.8,9,1
5,68,Groningen,9175,2305,334,279,3141,170,363,0,11.77,87.0,64.6,8,3
6,67,Groningen,9070,3360,487,411,2395,167,534,0,5.43,84.1,70.1,4,1
5,70,Groningen,18590,5255,762,454,723,59,590,0,2.87,71.2,64.3,6,1
7,68,Groningen,1485,1070,155,122,4373,157,159,0,15.28,90.5,65.9,3,2
7,69,Groningen,1305,2035,295,122,1841,91,159,0,21.04,3.3,6.6,2,1
8,68,Groningen,30,825,120,69,386,19,89,0,8.81,57.5,0.0,1,1
8,67,Groningen,115,225,33,19,331,16,24,0,14.42,57.5,0.0,1,1
7,67,Groningen,10985,4295,623,403,1490,116,524,0,3.71,68.8,40.8,5,0
7,66,Groningen,7945,3460,502,243,0,0,315,0,1.46,49.1,39.7,3,0
6,66,Tynaarlo,5135,2380,394,21,166,14,28,0,10.29,5.5,6.2,5,0
5,67,Groningen,1890,840,122,5,7116,118,7,0,1259.81,1.4,22.7,4,2
3,69,Groningen,3870,1735,252,18,101,9,24,0,13.35,7.2,29.6,2,0
4,67,Groningen,5295,2315,335,55,44,4,72,0,44.75,16.6,35.2,2,0
3,68,Groningen,5,15,2,1,441,25,2,0,140.63,57.5,0.0,1,1
2,68,Groningen,230,125,17,1,0,0,1,0,84.28,4.9,18.9,2,0
4,68,Groningen,225,115,17,1,2392,48,1,0,79.63,4.0,11.0,1,0
4,69,Groningen,14630,4785,694,346,4029,98,449,0,7.08,53.3,68.0,5,0
3,70,Groningen,4295,1480,215,97,845,18,126,0,8.23,45.0,45.0,1,0
2,71,Groningen,80,40,6,0,22,1,0,0,76.13,5.0,24.0,1,0
4,70,Groningen,12685,3060,444,313,1383,86,407,0,4.52,70.5,76.6,3,1
3,71,Groningen,10,30,4,3,0,0,3,0,17.73,57.5,0.0,1,1
5,71,Groningen,12770,4920,707,241,1275,33,313,0,6.72,35.4,49.8,3,0
7,70,Groningen,8480,3335,484,155,508,40,201,0,4.36,33.5,45.6,5,0
6,70,Groningen,4195,1955,284,47,789,65,61,0,9.17,16.0,21.8,4,1
8,69,Groningen,3775,1615,234,6,243,21,7,0,56.47,2.5,7.8,5,0
9,68,Groningen,1100,560,81,5,22,2,7,0,4.38,6.3,20.7,2,0
9,69,Groningen,515,225,33,0,4,1,0,0,0.0,0.0,0.0,1,0
8,73,Groningen,4530,2440,354,65,436,12,84,0,9.55,16.4,27.7,2,1
9,72,Groningen,85,40,6,0,22,2,0,0,0.0,0.0,5.0,1,0
7,71,Groningen,500,310,45,0,28,2,1,0,159.63,1.0,16.0,1,0
7,72,Groningen,530,310,45,0,28,2,0,0,0.0,0.0,14.0,1,0
8,74,Groningen,625,370,54,0,44,4,1,0,184.56,0.9,24.8,2,0
9,73,Groningen,580,375,54,0,44,4,0,0,0.0,0.3,42.5,3,0
8,66,Groningen,9070,4095,594,235,612,45,306,0,3.49,39.0,32.4,4,1
9,65,Groningen,4410,2175,315,56,409,33,72,0,4.72,16.8,27.3,3,1
10,64,Groningen,1450,895,130,3,28,2,4,0,9.52,2.2,16.0,2,0
9,64,Groningen,0,25,4,2,1886,8,3,0,904.18,57.5,0.0,1,1
9,66,Groningen,4220,1900,276,44,309,25,57,0,8.21,16.0,28.0,1,0
10,65,Groningen,750,435,63,4,57,4,6,0,11.6,7.0,17.6,2,0
12,62,Groningen,875,595,94,4,88,4,5,0,23.78,4.0,11.9,4,0
-12,12,Almere,14805,6150,1387,503,3684,192,654,0,7.89,38.3,50.8,20,0
-12,13,Almere,4050,5020,1133,295,7327,156,383,0,24.59,25.9,40.9,4,1
-13,13,Almere,4465,1990,449,77,2147,91,100,0,20.68,16.6,29.4,5,1
-13,12,Almere,5235,2235,504,142,782,54,184,0,6.94,29.8,40.2,6,0
-8,11,Almere,0,55,12,3,883,45,4,0,257.33,27.0,0.0,1,1
-14,15,Almere,13290,5065,1143,301,3151,143,391,0,13.15,33.2,44.4,15,3
-13,14,Almere,14195,4800,1083,667,5043,309,867,0,6.87,63.7,63.3,11,1
-12,14,Almere,19645,8745,1973,387,3584,227,503,0,13.66,19.7,31.0,15,2
-13,15,Almere,10785,5985,1350,258,2447,167,335,0,9.08,18.7,34.1,8,1
-14,16,Almere,745,515,116,23,126,10,29,0,3.0,19.3,3.8,2,1
-12,15,Almere,18245,7715,1741,285,4313,188,371,0,14.08,16.8,32.0,14,2
-11,14,Almere,3160,1400,316,43,1297,95,56,0,25.68,12.5,22.6,4,2
-15,15,Almere,7685,3460,781,43,876,63,56,0,7.24,5.5,12.7,5,0
-14,14,Almere,14845,5960,1345,295,3262,180,383,0,12.39,23.5,35.7,12,1
-15,14,Almere,3045,1405,317,65,773,46,85,0,6.73,21.4,17.2,4,1
-14,13,Almere,9720,4630,1045,184,3957,209,240,0,19.61,14.7,25.7,9,3
-16,16,Almere,3485,1495,337,53,431,31,68,0,13.92,15.5,26.3,2,0
-12,16,Almere,18630,7625,1720,444,3690,208,577,0,11.39,28.5,40.6,13,2
-12,17,Almere,4355,1995,450,47,198,15,61,0,6.52,10.6,11.9,3,0
-13,16,Almere,4480,2420,546,93,5450,298,121,0,60.65,15.6,35.3,7,3
-11,15,Almere,1305,585,132,0,802,50,0,0,11.85,1.3,17.1,2,1
-11,16,Almere,17285,7080,1597,366,5110,237,475,0,15.23,25.0,30.7,13,0
-11,17,Almere,970,365,82,10,1095,15,13,0,42.8,12.0,40.0,1,0
-14,17,Almere,40,175,39,11,629,29,14,0,73.09,27.0,0.0,2,2
-13,17,Almere,195,110,25,0,1536,50,0,0,0.0,0.0,31.0,1,0
-15,13,Almere,18350,7190,1622,819,4104,294,1064,0,6.1,49.7,40.6,11,0
-14,12,Almere,65,40,9,2,535,38,3,0,12.91,27.0,0.0,3,3
-15,12,Almere,3385,1540,347,213,792,58,277,0,2.34,57.2,57.6,2,0
-9,12,Almere,1605,1010,228,3,86,8,4,0,26.21,1.3,1.3,2,0
-11,13,Almere,2405,1005,227,25,610,39,32,0,41.41,11.0,22.0,1,0
-10,14,Almere,2195,1185,267,3,160,12,3,0,15.74,1.0,10.0,1,0
-8,12,Almere,3030,1555,351,21,22,2,27,0,1.75,6.0,24.0,1,0
26,54,Stadskanaal,8595,4235,462,183,233,17,238,0,3.92,40.4,55.7,5,0
27,54,Stadskanaal,4965,2740,299,29,121,7,38,0,5.12,10.1,33.4,2,0
27,53,Stadskanaal,3610,2675,314,39,553,24,50,0,16.46,12.5,39.4,4,0
30,50,Stadskanaal,4775,2625,286,72,214,11,94,0,2.97,25.2,42.8,2,0
28,52,Stadskanaal,940,480,52,0,33,2,0,0,0.0,0.0,40.0,1,0
27,57,Stadskanaal,1965,1050,114,13,22,1,16,0,3.51,11.0,34.0,1,0
28,54,Stadskanaal,290,180,20,0,22,2,0,0,0.0,0.0,2.0,1,0
19,62,Veendam,4800,2670,362,90,88,5,117,0,2.46,24.7,28.9,2,0
20,62,Veendam,3430,1860,252,65,820,19,84,0,11.78,26.6,48.8,2,0
19,63,Midden-Groningen,3015,1695,229,19,160,10,25,0,6.11,9.0,38.5,2,0
20,61,Veendam,2975,1560,212,92,356,23,120,0,3.86,43.9,44.5,2,0
20,60,Veendam,2940,1725,234,40,66,6,52,0,1.71,17.0,36.0,1,0
-1,12,Zeewolde,5245,2985,565,145,563,44,189,0,4.17,26.3,38.0,2,0
0,11,Zeewolde,4860,2790,528,42,48,4,55,0,6.03,8.0,29.0,1,0
-2,12,Zeewolde,6110,3270,619,68,1188,96,88,0,17.19,11.0,21.0,1,0
-2,13,Zeewolde,5565,2830,536,102,541,44,132,0,4.4,19.0,27.0,1,0
-3,13,Zeewolde,70,280,53,11,925,55,14,0,92.99,21.0,67.0,2,1
-10,71,Achtkarspelen,5230,2570,210,40,292,20,52,0,8.7,19.0,41.0,1,0
-11,70,Achtkarspelen,1115,650,53,3,66,4,4,0,37.21,5.1,31.6,2,0
-10,68,Achtkarspelen,2120,1150,94,6,188,10,7,0,27.65,6.0,41.0,1,0
-13,70,Dantumadiel,7460,4005,336,39,35,2,50,0,2.92,11.7,45.5,4,0
-11,68,Tytsjerksteradiel,1285,950,96,4,34,2,5,0,8.6,3.9,17.6,3,0
-9,67,Achtkarspelen,1480,780,64,8,68,4,11,0,15.82,13.0,28.0,1,0
-8,68,Achtkarspelen,1225,800,65,3,34,2,4,0,11.54,4.5,23.1,2,0
-7,66,Achtkarspelen,5715,3110,254,64,346,18,83,0,19.55,25.0,47.0,1,0
-8,66,Achtkarspelen,4335,2260,185,17,44,4,22,0,5.81,9.3,34.3,2,0
-7,68,Achtkarspelen,840,510,42,2,34,2,2,0,20.39,4.0,24.0,1,0
-7,65,Achtkarspelen,750,435,36,2,188,6,3,0,103.85,6.0,33.0,1,0
-29,83,Ameland,1290,660,70,18,205,12,23,0,22.81,25.6,35.8,2,0
-32,83,Ameland,430,245,26,3,84,5,4,0,44.48,11.0,31.0,1,0
-33,83,Ameland,1195,615,66,14,172,11,18,0,11.67,21.0,35.0,1,0
-31,83,Ameland,70,65,7,3,22,1,4,0,2.59,41.0,21.0,1,0
-32,66,Harlingen,6510,3270,451,160,1335,102,208,0,10.91,35.5,43.3,4,0
-31,65,Harlingen,7400,3325,459,37,418,29,48,0,11.37,8.0,37.0,1,0
-31,66,Harlingen,605,360,50,1,333,12,1,0,258.82,1.7,29.8,2,0
-31,67,Harlingen,485,285,39,0,34,2,1,0,86.48,1.0,23.9,2,0
-9,53,Heerenveen,3900,2190,282,99,550,20,128,0,4.33,35.0,47.0,1,0
-8,52,Heerenveen,6870,3150,405,226,3990,112,294,0,21.59,56.2,69.9,2,0
-9,52,Heerenveen,3245,1595,205,46,1663,35,60,0,35.69,22.6,44.4,2,0
-8,51,Heerenveen,9455,4680,601,113,592,37,147,0,6.68,19.3,36.4,3,0
-7,51,Heerenveen,2460,1170,151,74,1862,31,96,0,8.64,49.0,61.0,1,0
-7,52,Heerenveen,5280,2435,313,31,515,35,41,0,16.07,10.0,24.0,1,0
-8,53,Heerenveen,450,450,58,1,1128,47,1,0,1168.23,1.0,4.0,1,0
-10,53,Heerenveen,50,330,42,9,331,19,12,0,31.93,21.2,0.0,1,1
-6,50,Heerenveen,1480,725,93,5,90,7,6,0,16.9,5.0,49.0,1,0
-5,51,Heerenveen,685,425,55,1,36,4,1,0,20.11,2.0,12.0,1,0
-4,51,Heerenveen,610,395,51,3,55,5,3,0,21.71,5.0,11.0,1,0
-3,51,Heerenveen,1485,905,116,8,77,4,11,0,9.48,7.0,35.0,1,0
-3,52,Heerenveen,830,570,73,2,58,3,3,0,20.06,3.0,12.0,1,0
-14,58,Heerenveen,3330,1755,226,45,350,22,59,0,7.57,20.0,40.0,1,0
-12,58,Heerenveen,1505,855,110,9,81,6,11,0,9.19,8.0,22.0,1,0
-20,67,Leeuwarden,16975,6460,846,468,1988,127,608,0,4.87,58.3,62.8,15,0
-21,68,Leeuwarden,23340,8830,1156,455,1377,97,592,0,4.6,42.9,50.7,12,0
-20,68,Leeuwarden,22275,7615,997,508,3250,181,660,0,6.95,53.7,71.2,15,0
-19,67,Leeuwarden,9960,3890,509,110,830,56,144,0,7.45,25.0,46.8,7,1
-21,67,Leeuwarden,35,1835,240,80,2263,55,105,0,17.45,73.2,66.2,4,3
-21,66,Leeuwarden,30,55,7,2,243,12,3,0,430.98,32.0,0.0,2,2
-19,68,Leeuwarden,10225,4875,638,130,1734,64,169,0,10.55,20.8,30.4,3,0
-21,69,Leeuwarden,750,365,48,8,180,12,11,0,2.39,20.9,23.5,3,0
-20,69,Leeuwarden,1910,970,127,3,90,6,3,0,3.93,2.0,8.9,4,1
-22,70,Leeuwarden,595,325,43,2,34,2,2,0,14.66,4.5,28.9,3,0
-22,71,Leeuwarden,955,510,67,1,56,4,1,0,87.24,0.9,21.6,2,0
-23,71,Leeuwarden,7545,3835,502,50,214,15,65,0,4.64,10.0,27.0,1,0
-24,72,Leeuwarden,115,75,10,0,22,1,0,0,0.0,0.0,8.0,1,0
-19,66,Leeuwarden,8420,3860,505,113,458,28,146,0,4.99,22.6,25.4,5,0
-18,67,Leeuwarden,300,2070,271,35,2139,68,46,0,60.55,13.0,25.0,1,0
-19,65,Leeuwarden,1990,800,105,14,268,13,19,0,24.01,13.5,29.2,3,2
-20,66,Leeuwarden,100,45,6,0,136,8,0,0,59.9,5.0,8.0,1,0
-18,64,Leeuwarden,1165,635,83,2,22,1,2,0,14.54,1.8,28.5,2,0
-17,64,Leeuwarden,1885,1030,135,6,124,8,8,0,19.64,4.7,29.9,2,0
-15,64,Leeuwarden,905,525,69,2,99,6,3,0,45.87,3.2,31.6,2,0
-19,64,Leeuwarden,460,275,36,0,34,2,0,0,0.0,0.0,22.0,1,0
-21,63,Leeuwarden,1130,595,78,2,44,4,3,0,21.42,2.7,13.6,2,0
-21,65,Leeuwarden,275,185,24,0,72,4,0,0,192.33,1.6,7.4,2,0
-21,64,Leeuwarden,225,145,19,0,34,2,0,0,0.0,0.0,20.0,1,0
-22,64,Leeuwarden,105,65,9,1,0,0,1,0,234.58,12.9,14.5,2,1
-22,65,Leeuwarden,305,200,26,0,22,2,0,0,0.0,0.0,8.1,2,0
-23,65,Leeuwarden,100,65,9,0,221,10,0,0,0.0,0.0,0.0,1,0
-23,64,Leeuwarden,205,115,15,0,22,2,0,0,0.0,0.0,12.0,1,0
-23,63,Leeuwarden,425,265,35,1,22,2,2,0,16.22,5.0,15.7,2,1
-18,62,Leeuwarden,1080,620,81,0,144,8,0,0,0.0,0.0,24.4,2,0
-16,61,Leeuwarden,5505,3065,401,52,299,16,68,0,7.44,13.0,37.0,1,0
-16,59,Leeuwarden,1310,765,100,1,121,7,1,0,87.06,1.0,28.0,1,0
-17,60,Leeuwarden,90,15,2,0,68,4,0,0,36.77,4.0,4.0,1,0
6,52,Ooststellingwerf,1290,720,83,6,72,7,8,0,8.94,7.8,40.4,4,0
7,51,Ooststellingwerf,2240,1220,140,6,56,4,8,0,3.94,4.5,30.6,4,0
7,52,Ooststellingwerf,1410,940,108,25,33,2,33,0,5.05,22.7,23.7,3,0
1,56,Ooststellingwerf,1205,740,85,4,0,0,5,0,8.18,4.8,27.6,2,0
0,56,Ooststellingwerf,715,445,51,0,34,2,0,0,0.0,0.0,5.0,1,0
3,51,Ooststellingwerf,350,225,26,0,44,2,0,0,0.0,0.0,15.0,1,0
5,54,Ooststellingwerf,105,60,7,0,34,2,0,0,0.0,0.0,0.0,1,0
2,59,Ooststellingwerf,2400,1425,164,18,367,18,23,0,20.33,11.3,34.9,7,1
4,52,Ooststellingwerf,330,195,22,0,22,2,1,0,45.78,2.1,7.3,2,0
0,51,Ooststellingwerf,870,530,61,4,0,0,5,0,30.72,6.0,32.0,1,0
-1,51,Ooststellingwerf,290,200,23,0,34,2,0,0,0.0,0.0,10.0,1,0
0,50,Ooststellingwerf,345,250,29,0,78,4,0,0,0.0,0.0,7.0,1,0
3,54,Ooststellingwerf,4650,2570,295,34,224,14,44,0,10.57,12.8,35.6,8,0
4,54,Ooststellingwerf,2350,1165,134,13,224,15,17,0,6.7,9.5,58.5,5,0
4,53,Ooststellingwerf,2145,1200,138,30,718,40,39,0,24.46,20.0,42.0,4,1
1,58,Ooststellingwerf,840,500,57,0,34,2,1,0,84.6,0.7,14.4,2,0
-1,60,Opsterland,1465,890,97,7,102,6,8,0,15.68,6.7,23.1,2,0
-6,58,Opsterland,2385,1405,153,39,172,11,51,0,6.33,25.0,36.1,5,0
-6,59,Opsterland,980,565,62,7,102,6,9,0,4.1,10.6,22.8,2,0
-5,59,Opsterland,70,65,7,1,44,2,2,0,32.75,19.0,19.0,1,0
-3,61,Opsterland,990,560,61,3,45,3,4,0,23.42,5.0,14.4,2,0
-5,55,Opsterland,6105,3210,351,67,512,29,87,0,7.81,19.4,42.7,6,0
-4,55,Opsterland,1430,840,92,7,45,3,9,0,4.35,8.2,11.4,2,0
-3,57,Opsterland,470,305,33,3,11,1,3,0,4.14,8.0,24.0,1,0
-4,56,Opsterland,940,565,62,3,34,2,4,0,11.02,5.0,25.0,1,0
-9,59,Opsterland,1190,735,80,3,79,5,4,0,24.62,4.0,21.0,1,0
-7,57,Opsterland,385,265,29,0,1300,4,0,0,0.0,0.0,3.0,1,0
-8,56,Opsterland,1055,595,65,3,34,2,4,0,10.47,5.0,25.0,1,0
-4,61,Opsterland,2315,1360,149,15,243,15,19,0,10.35,9.7,27.2,4,0
-4,60,Opsterland,1570,790,86,22,66,4,29,0,7.1,26.0,42.0,1,0
-5,61,Opsterland,1015,590,64,5,251,11,6,0,149.73,7.0,16.0,2,1
-17,85,Schiermonnikoog,885,345,33,9,0,0,11,0,8.05,26.0,47.0,1,0
-7,61,Smallingerland,8380,4180,486,145,1463,79,188,0,4.63,30.7,32.5,9,0
-7,62,Smallingerland,11600,11540,1341,464,810,51,603,0,4.04,27.8,56.5,11,0
-6,61,Smallingerland,7565,3565,414,95,7182,91,123,0,77.28,22.3,46.8,8,0
-7,60,Smallingerland,2745,1380,160,25,166,15,32,0,8.71,17.6,24.4,3,0
-8,61,Smallingerland,8150,4165,484,62,761,51,81,0,13.87,13.2,29.5,6,0
-8,62,Smallingerland,4535,2510,292,49,1600,97,63,0,33.7,15.2,43.6,4,0
-8,63,Smallingerland,2310,1345,156,15,79,5,19,0,3.91,8.4,19.5,4,0
-6,62,Smallingerland,415,215,25,5,1319,41,6,0,85.18,18.4,0.0,1,1
-9,63,Smallingerland,1790,1050,122,0,55,3,1,0,96.21,0.4,22.5,2,0
-6,60,Smallingerland,270,160,19,1,17,1,1,0,28.32,3.0,7.0,1,0
-8,60,Smallingerland,1825,1035,120,4,63,5,5,0,6.9,3.0,30.0,1,0
-13,60,Smallingerland,55,35,4,0,22,2,0,0,0.0,0.0,12.0,1,0
-8,64,Smallingerland,1425,830,96,8,34,2,10,0,4.41,8.0,30.0,1,0
-45,78,Terschelling,2470,1160,123,27,282,16,35,0,10.44,22.0,43.0,1,0
-43,79,Terschelling,1255,675,71,16,102,6,20,0,6.48,21.9,38.5,2,0
-44,80,Terschelling,25,15,2,0,34,2,0,0,90.23,23.7,0.0,1,1
-43,80,Terschelling,330,185,20,5,34,2,7,0,6.25,28.8,14.6,2,0
-42,80,Terschelling,445,270,29,6,56,3,8,0,9.34,21.0,23.0,1,0
-48,74,Vlieland,1170,470,58,18,73,5,23,0,6.13,30.0,61.0,1,0
-4,47,Weststellingwerf,10,20,2,0,355,5,0,0,182.42,10.0,0.0,1,1
-3,47,Weststellingwerf,5955,3325,352,78,1625,53,101,0,62.95,22.0,35.1,11,0
-3,46,Weststellingwerf,4985,2515,266,15,226,14,19,0,13.61,5.6,47.0,5,0
-2,46,Weststellingwerf,2675,1250,132,20,101,7,27,0,112.79,19.5,45.5,5,0
-2,48,Weststellingwerf,1225,735,78,1,34,2,2,0,27.01,1.8,16.3,3,0
-4,44,Weststellingwerf,135,95,10,1,102,6,1,0,68.66,5.0,11.0,1,0
0,46,Weststellingwerf,400,255,27,0,11,1,0,0,0.0,0.0,5.0,1,0
1,48,Weststellingwerf,1415,840,89,19,34,2,24,0,3.5,22.6,28.8,4,0
2,47,Weststellingwerf,2225,1295,137,8,78,6,10,0,6.08,5.5,49.1,5,1
13,54,Assen,12400,5510,825,463,1534,82,602,0,3.93,57.5,58.7,13,1
12,54,Assen,6085,3065,459,192,518,45,250,0,26.95,42.6,45.3,11,3
13,53,Assen,2485,800,120,23,1169,80,30,0,47.89,31.4,38.1,6,1
12,55,Assen,13010,6040,904,287,1041,82,373,0,10.71,32.0,51.5,13,2
13,55,Assen,3880,3135,469,70,159,11,91,0,4.46,7.2,11.3,9,3
11,55,Assen,4180,1975,296,21,342,31,28,0,6.91,7.7,27.0,7,3
12,53,Assen,2995,1570,235,10,66,6,13,0,10.88,4.4,17.4,4,0
11,56,Assen,1810,875,131,5,5000,16,7,0,207.66,4.2,24.9,3,1
12,56,Assen,7980,4260,638,88,2068,51,114,0,42.62,11.3,29.6,8,1
13,56,Assen,4190,2220,332,20,92,9,26,0,5.04,5.9,17.1,5,0
11,54,Assen,3340,1625,243,37,6188,67,48,0,43.44,16.6,13.0,6,1
10,55,Assen,6150,2750,412,31,155,14,40,0,4.35,7.3,26.8,8,1
11,57,Assen,45,30,4,1,0,0,1,0,9.9,25.4,0.0,1,1
13,52,Assen,110,45,7,0,2800,7,0,0,0.0,0.0,30.0,1,0
29,33,Coevorden,4105,2365,297,100,978,55,130,0,11.03,36.3,38.5,5,1
29,34,Coevorden,2585,1220,153,0,22,1,0,0,0.0,0.0,48.1,2,0
30,33,Coevorden,5500,2595,326,48,132,8,63,0,2.11,15.7,37.2,4,0
30,32,Coevorden,2155,1160,146,20,180,10,26,0,11.01,14.0,35.9,2,1
29,32,Coevorden,175,145,18,0,99,5,0,0,0.0,0.0,5.0,1,0
30,31,Coevorden,70,115,14,1,0,0,1,0,23.93,7.0,11.0,1,0
28,33,Coevorden,595,410,51,1,66,4,1,0,25.28,2.0,15.0,1,0
27,33,Coevorden,320,170,21,1,62,5,1,0,54.55,5.0,6.0,1,0
29,35,Coevorden,3625,2370,297,44,77,7,57,0,1.51,14.7,21.8,2,0
26,39,Coevorden,1895,1210,152,16,22,2,20,0,2.84,10.2,21.7,2,0
25,38,Coevorden,670,395,50,2,22,2,3,0,11.07,4.7,16.6,2,0
28,40,Coevorden,2330,1445,181,13,412,10,17,0,32.17,7.1,25.8,3,1
24,45,Coevorden,2025,1155,145,4,66,4,6,0,15.2,3.0,44.0,1,0
31,36,Emmen,2185,1340,172,9,44,3,11,0,6.85,5.2,40.9,2,1
29,39,Coevorden,745,500,63,2,22,2,3,0,10.67,3.1,27.7,2,0
25,41,Coevorden,320,230,29,4,33,3,6,0,5.23,15.0,16.0,1,0
24,41,Coevorden,1905,1215,152,10,11,1,12,0,3.4,6.3,26.2,2,0
32,45,Emmen,1900,1090,140,8,44,4,11,0,5.26,6.0,46.0,1,0
34,44,Emmen,755,480,62,2,22,2,2,0,13.24,2.7,15.6,3,0
33,42,Emmen,1780,1155,148,4,22,2,6,0,4.97,3.0,13.0,1,0
37,39,Emmen,1515,920,118,2,22,2,3,0,10.43,1.8,26.4,2,0
34,39,Emmen,1360,765,98,1,22,2,1,0,90.83,1.0,32.0,1,0
34,38,Emmen,430,370,47,4,136,13,5,0,15.96,6.0,6.0,2,1
35,38,Emmen,205,120,15,1,44,2,1,0,64.62,5.3,5.9,2,1
32,36,Emmen,4405,2515,323,47,154,11,61,0,2.4,14.5,29.5,2,0
31,37,Emmen,90,45,6,0,77,5,0,0,0.0,0.0,71.0,1,0
34,36,Emmen,3845,2295,294,26,44,3,34,0,1.65,9.0,29.0,1,0
35,37,Emmen,4825,2615,335,74,44,4,96,0,1.97,22.0,39.0,1,0
37,37,Emmen,2815,1655,212,11,22,2,14,0,4.16,5.0,30.0,1,0
34,33,Emmen,3820,2225,285,26,772,14,33,0,30.05,9.0,28.0,1,0
32,35,Emmen,465,270,35,1,88,4,1,0,196.69,2.0,29.0,1,0
33,34,Emmen,55,70,9,0,132,6,0,0,0.0,0.0,17.0,1,0
38,32,Emmen,830,535,69,8,22,2,10,0,2.84,11.3,25.9,2,1
30,41,Emmen,5675,2905,373,258,374,26,336,0,4.36,72.1,51.5,3,0
31,41,Emmen,3445,1520,195,53,1233,58,68,0,21.14,26.5,39.2,2,0
32,41,Emmen,14780,6645,852,268,574,46,349,0,2.93,31.3,54.0,2,0
31,42,Emmen,1185,575,74,2,22,2,3,0,1.51,3.0,42.0,1,0
31,39,Emmen,8900,4210,540,113,842,64,147,0,5.58,21.0,44.0,1,0
32,38,Emmen,9075,4905,629,69,188,17,90,0,3.77,11.0,23.0,1,0
33,37,Emmen,2125,1230,158,0,80,5,0,0,0.0,0.0,12.0,1,0
30,39,Emmen,2460,1040,133,0,77,5,0,0,0.0,0.0,9.0,1,0
33,40,Emmen,2990,1785,229,7,420,30,9,0,29.04,3.0,18.0,1,0
30,43,Emmen,585,370,47,3,22,2,4,0,7.75,6.0,11.0,1,0
31,40,Emmen,1095,710,91,2,1409,73,2,0,162.63,2.0,9.0,1,0
32,39,Emmen,430,1005,129,19,1193,51,24,0,42.1,4.1,7.4,2,1
18,37,Hoogeveen,6985,3345,389,218,2192,57,284,0,7.54,58.7,58.7,6,1
19,37,Hoogeveen,12680,5590,650,166,1923,97,216,0,6.57,25.1,48.7,4,0
19,36,Hoogeveen,6145,2960,344,148,220,14,192,0,1.34,43.0,51.0,1,0
18,36,Hoogeveen,8865,4440,516,84,228,19,109,0,14.37,15.8,29.7,5,0
17,37,Hoogeveen,5350,2915,339,26,68,5,33,0,3.22,7.3,11.3,5,0
17,38,Hoogeveen,500,310,36,0,7,1,0,0,0.0,1.0,12.0,1,0
21,36,Hoogeveen,4310,2300,267,38,77,5,50,0,2.02,14.3,29.2,2,0
21,34,Hoogeveen,280,215,25,3,0,0,4,0,44.17,12.0,19.0,1,0
20,37,Hoogeveen,2220,1415,165,19,231,15,25,0,69.32,9.7,19.0,3,0
24,35,Hoogeveen,85,15,2,0,22,2,0,0,0.0,13.0,10.0,1,0
20,38,Hoogeveen,395,210,24,0,44,2,0,0,180.87,1.0,33.0,1,0
20,39,Hoogeveen,275,205,24,0,110,5,1,0,46.32,2.0,15.0,1,0
16,40,Hoogeveen,1180,710,83,5,3349,21,7,0,614.23,6.6,26.1,2,0
18,38,Hoogeveen,105,265,31,10,378,20,14,0,50.9,34.0,38.0,1,0
20,36,Hoogeveen,265,425,49,3,716,39,4,0,188.63,6.0,4.0,1,0
17,36,Hoogeveen,60,45,5,1,22,2,1,0,0.97,10.0,28.0,1,0
9,35,Meppel,7020,3775,554,242,2613,109,315,0,12.87,43.9,48.0,8,5
10,35,Meppel,8305,4305,632,97,1963,120,126,0,14.42,16.7,39.5,7,0
9,36,Meppel,3130,1490,219,91,854,50,119,0,8.95,43.9,71.0,6,3
10,34,Meppel,6415,2870,421,89,695,44,116,0,7.56,22.7,38.0,4,0
9,34,Meppel,2655,1210,160,6,203,15,8,0,39.71,4.7,10.1,2,0
11,35,Meppel,2610,1340,197,17,139,11,22,0,7.01,8.8,16.6,3,1
8,36,Meppel,1845,905,133,18,262,17,24,0,18.89,14.4,33.9,2,0
8,38,Meppel,150,85,12,1,1314,5,2,0,6.4,11.0,9.0,1,0
8,37,Meppel,2265,1265,186,6,84,6,8,0,9.87,3.1,21.8,3,0
7,38,Meppel,1075,655,96,11,157,10,14,0,16.62,11.0,28.9,3,0
12,35,Meppel,235,180,26,2,44,2,2,0,26.63,6.1,17.7,2,0
12,34,Staphorst,390,300,29,5,88,4,6,0,17.74,17.3,23.8,2,0
37,13,Almelo,13845,6420,911,420,1068,77,546,0,3.72,46.0,56.4,11,0
36,14,Almelo,7185,3250,461,120,2202,54,155,0,16.64,27.5,36.0,5,0
37,12,Almelo,8250,4695,666,82,1654,58,106,0,28.82,15.8,37.6,7,0
38,12,Almelo,140,75,11,3,561,46,4,0,199.13,25.7,0.0,2,2
35,14,Almelo,2310,1135,161,40,1849,95,52,0,36.81,31.1,57.0,3,0
34,14,Wierden,3875,2345,362,27,582,43,35,0,22.22,4.6,24.1,4,1
36,15,Almelo,7770,3665,520,84,729,48,109,0,8.46,18.3,38.9,6,0
35,15,Almelo,1245,700,99,4,0,0,6,0,28.51,4.3,25.7,2,0
37,14,Almelo,8450,4030,572,151,254,23,197,0,2.12,28.2,44.7,5,0
37,15,Almelo,2960,1725,229,6,118,10,8,0,13.03,2.7,10.5,5,0
36,13,Almelo,11245,5210,739,225,849,59,292,0,4.44,30.9,55.8,11,0
35,13,Wierden,2875,1585,244,16,99,7,21,0,26.99,5.9,28.3,3,1
36,12,Almelo,7415,3815,541,54,301,27,70,0,5.39,10.7,29.8,6,0
37,11,Almelo,2935,1700,241,18,1176,50,24,0,2.79,6.4,7.3,3,1
38,10,Almelo,1245,680,96,20,166,9,26,0,2.41,21.0,22.0,1,0
42,9,Borne,8840,4260,717,31,5706,107,40,0,112.13,3.6,22.6,6,2
41,10,Borne,9770,5470,928,232,1074,83,302,0,5.79,25.5,34.6,4,0
41,9,Borne,2940,1535,260,13,611,22,17,0,16.14,5.0,29.0,1,0
40,10,Borne,670,270,46,3,88,4,4,0,32.03,6.0,19.0,1,0
42,10,Borne,545,240,41,0,431,39,0,0,0.0,0.0,36.0,1,0
40,11,Borne,955,645,109,8,132,10,10,0,16.82,7.0,18.0,1,0
39,12,Borne,370,170,29,3,0,0,4,0,5.06,10.0,15.0,1,0
41,11,Borne,570,310,53,4,66,4,5,0,13.2,7.3,10.8,2,0
18,23,Dalfsen,7290,3890,546,88,1021,55,115,0,13.14,16.8,29.6,6,0
17,24,Dalfsen,2120,1190,167,9,155,14,12,0,15.3,5.8,22.6,2,0
18,24,Dalfsen,385,220,31,6,124,7,7,0,17.34,18.0,14.0,1,0
17,22,Dalfsen,725,360,51,1,90,5,1,0,110.65,2.0,17.0,1,0
19,25,Dalfsen,1795,1165,163,17,22,2,22,0,5.3,10.0,16.7,2,0
16,28,Dalfsen,4815,2895,406,58,775,59,76,0,13.06,13.7,29.4,3,0
17,27,Dalfsen,2785,1735,243,36,102,7,47,0,4.0,14.2,29.0,2,0
15,28,Dalfsen,105,190,27,1,1958,30,1,0,1836.58,4.0,13.0,1,0
16,29,Dalfsen,75,90,13,4,22,2,5,0,6.87,33.0,43.0,1,0
14,28,Dalfsen,695,490,67,6,11,1,8,0,1.74,10.1,12.9,2,0
18,27,Dalfsen,250,165,23,3,0,0,5,0,3.18,15.0,10.0,1,0
22,19,Dalfsen,1945,1090,153,17,99,9,22,0,6.67,10.8,27.5,2,0
23,19,Dalfsen,1585,945,133,19,190,15,24,0,8.19,14.0,25.0,1,0
23,18,Dalfsen,65,145,20,9,0,0,12,0,3.0,44.0,35.0,1,0
22,7,Deventer,17180,6785,949,373,2918,210,484,0,8.03,41.2,52.0,10,0
23,6,Deventer,3540,1535,214,113,1233,84,147,0,8.68,53.7,53.8,4,0
23,5,Voorst,5275,2770,384,28,66,6,37,0,9.03,6.9,22.0,3,0
21,7,Deventer,2180,1080,151,76,0,0,99,0,1.49,51.4,62.2,2,0
21,8,Deventer,3920,1730,242,139,476,42,180,0,2.65,58.0,53.5,2,0
23,7,Deventer,13825,5175,724,219,2488,181,284,0,10.88,30.1,51.5,9,1
22,8,Deventer,14175,5435,760,412,1272,105,535,0,3.96,54.2,67.3,6,0
24,6,Deventer,895,2355,330,68,1821,118,88,0,27.97,17.7,15.8,3,1
25,5,Lochem,1635,1115,177,9,7148,91,11,0,328.96,3.3,18.8,2,1
24,7,Deventer,10615,4750,665,75,2524,117,98,0,23.18,11.3,22.5,5,0
25,7,Deventer,7785,3630,508,39,701,60,50,0,21.41,7.6,17.4,5,0
25,6,Deventer,8725,4575,640,122,2444,110,158,0,59.52,18.1,34.0,7,1
21,9,Deventer,4585,2555,357,29,293,24,37,0,8.72,8.0,26.0,1,0
23,8,Deventer,5475,2380,333,40,378,25,52,0,11.4,12.0,29.0,1,0
26,8,Deventer,1600,915,128,24,44,4,32,0,1.81,20.1,21.0,2,0
27,7,Deventer,4655,2620,367,45,77,7,59,0,9.46,12.3,23.7,2,0
28,5,Deventer,225,195,27,7,0,0,9,0,28.19,26.0,22.0,1,0
49,4,Enschede,21970,8550,1104,553,4073,165,719,0,13.31,54.2,66.6,7,0
49,5,Enschede,27135,10935,1413,584,1755,149,759,0,5.53,43.0,54.4,8,0
48,5,Enschede,8675,3640,470,132,2599,171,172,0,7.81,29.0,38.7,3,0
50,4,Enschede,3670,1830,236,23,1301,43,30,0,6.25,10.1,15.5,3,0
50,5,Enschede,775,540,70,12,1254,24,16,0,141.94,22.8,45.3,3,1
48,4,Enschede,19945,8645,1117,379,1886,121,492,0,5.32,34.1,52.1,8,0
47,5,Enschede,4420,1850,239,113,684,46,147,0,6.76,52.3,79.5,2,0
47,6,Enschede,1785,880,114,36,55,5,47,0,2.34,32.0,19.0,1,0
48,6,Enschede,8545,3135,405,211,530,47,275,0,2.68,52.6,64.6,3,0
46,6,Enschede,3280,805,104,57,3011,68,74,0,48.06,90.7,92.4,3,2
49,6,Enschede,2880,1645,212,9,177,10,12,0,13.54,4.6,12.5,2,0
50,3,Enschede,3205,1625,210,31,392,35,41,0,6.1,15.0,20.0,1,0
50,2,Enschede,4615,1905,246,37,155,14,48,0,6.01,15.0,54.0,1,0
49,3,Enschede,15125,6015,777,284,4465,130,369,0,7.29,37.8,63.4,4,0
49,2,Enschede,3275,1425,184,63,132,12,82,0,2.9,35.8,48.5,2,0
48,3,Enschede,7470,3590,464,27,389,35,35,0,10.91,5.5,27.5,2,0
47,4,Enschede,395,555,72,8,1275,36,10,0,217.7,16.4,27.2,2,0
51,5,Enschede,1235,730,95,10,144,11,13,0,1.98,10.8,19.1,2,0
52,4,Enschede,5670,2755,356,83,342,26,107,0,3.82,23.1,42.5,2,0
51,4,Enschede,7295,3400,439,62,464,42,80,0,9.89,14.0,34.2,4,0
52,3,Enschede,2345,1220,158,11,66,6,14,0,7.13,7.0,20.0,1,0
46,3,Enschede,2755,1495,193,23,121,11,30,0,8.04,12.0,20.0,1,0
46,0,Haaksbergen,5515,2890,378,143,287,26,186,0,4.18,37.6,50.8,5,0
45,0,Haaksbergen,2620,1525,199,15,1601,55,20,0,93.13,7.5,23.6,6,1
46,1,Haaksbergen,1890,965,126,29,140,13,37,0,11.19,22.9,28.2,2,0
45,1,Haaksbergen,8360,4620,604,20,688,59,26,0,23.88,3.4,21.4,6,0
45,2,Haaksbergen,1245,835,109,13,432,20,17,0,21.5,12.0,17.0,1,0
43,2,Haaksbergen,1335,825,108,14,22,2,19,0,6.15,13.9,12.7,2,0
49,0,Haaksbergen,1505,965,126,13,22,2,17,0,1.69,10.6,19.3,2,0
28,30,Hardenberg,140,80,9,1,22,2,1,0,5.61,11.0,9.0,1,0
27,30,Hardenberg,415,250,30,3,0,0,3,0,6.11,9.0,8.0,1,0
28,29,Hardenberg,40,25,3,0,22,2,0,0,0.0,12.5,0.0,1,1
19,29,Hardenberg,1615,925,109,6,193,15,8,0,25.72,5.7,16.7,2,0
20,29,Hardenberg,1085,640,76,3,235,6,5,0,77.59,4.6,25.7,2,0
30,24,Hardenberg,3020,1670,197,20,113,8,26,0,8.86,10.3,26.1,2,0
27,28,Hardenberg,4875,2730,323,37,529,38,48,0,45.04,11.4,21.5,2,0
26,32,Hardenberg,1885,1120,132,10,77,7,13,0,10.26,7.4,28.4,3,0
22,29,Hardenberg,7665,4230,500,84,703,37,109,0,9.28,16.5,34.5,2,0
22,28,Hardenberg,3335,1825,216,4,144,13,6,0,37.04,2.0,33.0,1,0
29,29,Hardenberg,3335,1850,219,26,155,14,33,0,7.75,11.5,28.2,2,0
29,27,Hardenberg,4310,2105,249,15,189,16,20,0,11.52,5.7,16.3,2,0
32,22,Hardenberg,1160,645,76,2,88,8,2,0,57.94,2.0,35.0,1,0
25,30,Hardenberg,875,495,58,2,44,4,3,0,18.74,4.0,22.0,1,0
29,23,Hardenberg,1055,585,70,3,44,4,3,0,33.2,4.2,18.7,3,0
23,32,Hardenberg,980,575,68,4,22,2,5,0,6.03,5.2,7.0,2,0
32,21,Hardenberg,830,490,58,0,55,5,0,0,0.0,0.0,27.0,1,0
24,31,Hardenberg,2740,1515,179,24,132,12,31,0,8.04,13.4,31.0,2,0
23,31,Hardenberg,500,305,36,3,4,1,4,0,1.99,7.7,12.3,2,0
28,27,Hardenberg,5190,2575,304,165,1492,61,214,0,9.92,54.2,64.5,3,0
29,26,Hardenberg,215,280,33,5,265,13,6,0,57.13,14.0,30.0,1,0
28,26,Hardenberg,2135,990,117,1,331,21,2,0,108.17,1.0,33.0,1,0
27,27,Hardenberg,1350,695,82,14,1390,31,18,0,25.91,17.0,18.0,1,0
28,28,Hardenberg,3290,1650,195,14,155,14,18,0,10.26,7.0,24.0,1,0
31,24,Hardenberg,480,290,34,1,44,4,1,0,35.39,3.0,10.0,1,0
31,25,Hardenberg,615,325,38,3,22,2,4,0,2.25,9.0,13.0,1,0
28,15,Hellendoorn,2765,1570,227,23,854,60,29,0,27.92,9.7,29.1,4,0
28,16,Hellendoorn,1610,820,119,7,155,14,9,0,11.49,5.7,18.2,2,0
29,14,Hellendoorn,5745,3185,461,146,987,52,189,0,6.64,30.3,22.4,5,0
30,13,Hellendoorn,6685,3430,496,65,585,46,85,0,10.99,13.8,30.9,5,0
30,14,Hellendoorn,6380,3255,471,72,456,34,93,0,9.1,15.5,30.6,7,0
31,13,Hellendoorn,2330,2655,384,56,508,38,72,0,25.36,0.6,36.7,2,0
27,16,Hellendoorn,770,270,39,4,0,0,5,0,91.59,9.0,21.0,1,0
30,12,Hellendoorn,485,225,33,0,132,6,0,0,406.8,1.0,15.0,1,0
27,13,Hellendoorn,2090,1230,178,19,120,9,24,0,6.45,10.4,23.8,2,0
31,19,Hellendoorn,1225,690,100,8,145,8,10,0,7.34,7.7,21.0,2,0
28,18,Hellendoorn,540,295,43,4,22,2,6,0,5.17,10.0,15.0,1,0
29,15,Hellendoorn,3350,1710,248,7,199,18,10,0,18.15,3.1,15.2,3,0
30,18,Hellendoorn,585,345,50,5,92,7,6,0,15.76,10.0,19.0,1,0
44,7,Hengelo,14025,6605,910,376,1702,128,489,0,4.78,42.8,51.4,8,0
44,8,Hengelo,18060,8015,1104,442,850,77,574,0,2.34,41.0,52.2,7,0
43,8,Hengelo,8785,6280,865,273,2097,116,355,0,19.29,28.0,42.1,5,1
45,8,Hengelo,3850,1870,258,22,221,20,29,0,4.94,8.5,30.5,4,0
45,9,Hengelo,3285,1790,247,25,7288,41,33,0,214.39,10.3,30.9,3,0
44,9,Hengelo,11525,5735,790,69,675,58,90,0,9.67,8.9,24.5,7,0
45,7,Hengelo,8210,3765,519,192,686,51,250,0,3.4,38.8,48.5,4,0
45,6,Hengelo,1290,755,104,28,155,14,37,0,8.73,28.1,57.2,5,2
44,6,Hengelo,90,6790,935,258,1905,127,336,0,7.6,25.0,16.5,3,2
43,7,Hengelo,6850,3480,479,106,331,29,138,0,3.57,22.1,43.4,3,0
43,9,Hengelo,4585,2350,324,38,543,45,50,0,7.51,11.8,18.0,5,2
43,10,Hengelo,1215,620,85,3,134,9,4,0,5.28,3.3,2.4,2,0
44,4,Hengelo,960,615,85,8,22,2,10,0,2.75,9.5,19.6,2,0
5,26,Kampen,11490,5120,670,219,1275,105,284,0,6.56,31.9,38.1,6,0
4,26,Kampen,15545,6550,857,176,2514,138,228,0,15.22,21.1,42.9,5,1
5,25,Kampen,8415,3520,460,134,974,82,174,0,10.18,30.2,41.4,3,0
3,27,Kampen,530,800,105,8,1234,79,11,0,158.81,8.0,16.0,1,0
6,25,Kampen,3965,1640,215,15,144,13,20,0,15.92,7.0,10.0,1,0
5,27,Kampen,9100,4060,531,82,513,43,107,0,6.5,15.6,28.4,3,0
4,28,Kampen,210,120,16,0,88,8,0,0,79.21,1.0,18.0,1,0
6,26,Kampen,1245,575,75,1,22,2,1,0,12.33,0.9,7.0,2,0
9,24,Kampen,545,325,43,1,22,2,2,0,17.31,3.0,17.0,1,0
7,25,Kampen,885,445,58,2,0,0,2,0,50.59,2.8,21.0,2,1
5,28,Kampen,1080,565,74,1,11,1,2,0,59.41,2.0,12.0,1,0
9,25,Zwolle,8770,3305,513,30,1121,99,39,0,67.15,6.0,29.2,3,0
51,7,Losser,13620,7055,981,162,442,39,211,0,3.89,17.4,30.6,3,0
52,6,Losser,725,580,81,14,243,17,19,0,18.49,19.3,13.2,2,0
53,6,Losser,3560,1900,264,29,88,8,38,0,5.28,11.0,39.0,1,0
49,11,Losser,3945,2455,342,46,99,9,60,0,5.0,13.3,21.7,2,0
48,13,Losser,305,175,24,1,33,3,1,0,34.01,4.0,8.0,1,0
-6,36,Noordoostpolder,13375,6250,894,231,1516,91,300,0,7.85,26.2,47.8,8,0
-7,36,Noordoostpolder,10555,5345,764,74,526,38,96,0,10.4,10.7,26.9,4,0
-6,37,Noordoostpolder,215,125,18,0,3000,10,0,0,0.0,0.0,1.0,1,0
-7,37,Noordoostpolder,3110,1460,209,5,589,46,6,0,72.83,2.2,15.5,2,0
-5,36,Noordoostpolder,50,615,88,11,690,33,14,0,59.83,12.5,0.0,1,1
-5,35,Noordoostpolder,50,405,58,26,279,14,34,0,13.14,45.0,55.0,1,0
-5,34,Noordoostpolder,0,90,13,2,206,15,2,0,98.3,12.5,0.0,1,1
-8,40,Noordoostpolder,1645,890,127,4,815,19,6,0,156.58,3.5,22.0,2,0
-3,38,Noordoostpolder,905,500,72,2,0,0,3,0,61.53,3.0,27.0,1,0
-2,36,Noordoostpolder,2740,1595,228,30,200,14,39,0,8.33,13.6,33.5,2,0
1,33,Noordoostpolder,835,520,74,2,173,10,2,0,106.04,2.1,28.7,2,1
-1,31,Noordoostpolder,2135,1240,177,14,153,11,18,0,11.08,7.9,30.1,2,0
-5,32,Noordoostpolder,1155,630,90,4,67,5,5,0,17.15,4.2,41.1,2,1
-8,34,Noordoostpolder,2485,1165,167,3,82,6,4,0,32.88,1.8,18.2,2,0
-7,34,Noordoostpolder,25,20,3,0,22,2,0,0,23.33,12.5,0.0,1,1
-10,37,Noordoostpolder,1720,915,131,2,104,6,2,0,63.18,1.3,22.0,3,1
-11,40,Noordoostpolder,1770,1035,148,6,162,8,7,0,28.25,3.8,26.3,2,0
-11,39,Noordoostpolder,15,20,3,0,44,2,0,0,9.38,12.5,0.0,1,1
-11,42,Noordoostpolder,935,550,79,1,66,6,1,0,59.3,1.1,31.7,2,1
47,10,Oldenzaal,8675,4095,609,245,1009,78,318,0,5.1,40.0,58.4,3,0
47,11,Oldenzaal,1250,640,95,32,570,46,41,0,4.74,33.4,28.4,2,0
48,9,Oldenzaal,3935,1850,275,63,182,16,82,0,4.41,23.0,46.0,1,0
47,9,Oldenzaal,250,1220,181,43,514,28,56,0,12.88,21.5,23.9,2,0
46,10,Oldenzaal,95,80,12,2,320,20,3,0,93.49,17.0,22.0,1,0
45,10,Dinkelland,1025,560,74,12,22,3,15,0,12.71,15.5,28.9,2,0
46,11,Oldenzaal,11090,5560,826,95,688,61,123,0,5.11,11.4,23.5,2,0
46,12,Oldenzaal,4440,2320,345,14,77,7,18,0,18.76,4.0,17.0,1,0
23,24,Ommen,7315,3910,564,144,1063,62,187,0,7.59,24.4,36.1,11,2
21,25,Ommen,780,385,56,1,44,2,1,0,39.74,2.0,17.0,1,0
22,24,Ommen,1565,815,118,29,44,4,38,0,3.71,25.0,34.0,1,0
23,25,Ommen,1925,965,139,7,170,16,9,0,15.16,4.6,20.9,3,0
27,23,Ommen,170,120,17,2,44,2,3,0,19.62,13.0,24.0,1,0
29,22,Ommen,495,285,41,0,22,2,0,0,0.0,0.0,23.0,1,0
23,22,Ommen,240,155,22,1,33,3,1,0,24.68,4.0,11.0,1,0
25,20,Ommen,1450,825,119,8,22,2,11,0,7.83,7.0,13.7,2,0
24,26,Ommen,410,265,38,0,11,1,0,0,28.87,1.0,13.0,1,0
21,23,Ommen,380,250,36,3,44,2,4,0,14.59,8.7,20.1,2,0
21,26,Ommen,125,90,13,1,44,4,1,0,85.01,4.0,4.0,1,0
22,15,Raalte,9175,4425,643,119,1007,82,154,0,13.22,17.1,52.7,7,0
23,14,Raalte,1230,745,108,2,177,12,3,0,59.04,0.0,26.0,2,1
22,16,Raalte,4875,2315,336,51,736,61,66,0,10.78,14.8,15.7,5,1
23,15,Raalte,3185,2220,322,48,721,50,62,0,10.89,15.5,29.8,3,0
21,16,Raalte,1530,955,139,10,0,0,13,0,2.76,7.0,14.0,1,0
25,16,Raalte,1370,875,127,9,287,24,12,0,17.58,7.0,20.0,1,0
24,17,Raalte,895,525,76,11,0,0,15,0,9.49,15.0,16.0,1,0
24,15,Raalte,1495,855,124,9,55,5,12,0,5.98,7.3,19.5,2,0
27,11,Raalte,750,465,68,3,88,7,4,0,26.15,5.0,20.0,1,0
24,12,Raalte,3780,2225,323,44,150,13,57,0,3.41,13.7,22.9,2,0
20,14,Raalte,1325,810,115,8,44,4,11,0,12.51,7.2,18.4,2,0
19,19,Raalte,5475,3230,469,59,110,8,77,0,3.69,12.4,21.4,5,0
20,18,Raalte,1765,975,142,6,0,0,7,0,4.19,4.0,28.0,1,0
18,18,Raalte,455,290,42,4,22,2,5,0,5.49,9.4,18.0,2,0
16,20,Raalte,430,255,37,0,44,3,0,0,32.11,1.0,13.0,1,0
17,20,Raalte,235,165,24,3,264,12,4,0,9.62,14.0,26.0,1,0
12,32,Staphorst,3650,2005,177,43,309,24,57,0,13.72,24.6,32.7,4,0
11,32,Staphorst,1515,805,71,17,1355,18,22,0,75.13,23.9,16.4,3,0
12,31,Staphorst,3325,1930,170,5,2485,33,7,0,447.68,2.4,22.2,2,0
13,31,Staphorst,950,310,27,0,44,2,0,0,0.0,0.0,1.0,1,0
12,30,Staphorst,2815,1520,134,22,243,20,29,0,11.95,15.9,15.7,2,0
14,33,Staphorst,1910,1230,118,16,177,15,20,0,8.55,12.7,22.5,3,0
10,29,Zwartewaterland,2500,1350,190,7,44,4,10,0,33.95,4.0,8.7,3,0
39,17,Tubbergen,3250,1780,220,49,121,11,64,0,4.47,23.3,38.4,2,0
39,16,Tubbergen,2615,1420,175,57,585,26,74,0,8.17,33.0,36.0,3,1
39,14,Tubbergen,2245,1455,180,49,88,8,64,0,2.39,27.3,24.9,3,0
40,14,Tubbergen,1305,715,88,8,135,11,10,0,13.43,9.0,16.0,1,0
38,15,Tubbergen,550,235,29,13,81,6,17,0,7.15,44.0,22.0,1,0
37,17,Tubbergen,2490,2735,338,59,155,12,77,0,3.73,18.6,25.9,3,1
35,20,Tubbergen,1295,795,98,21,22,2,27,0,2.13,20.5,22.0,2,0
40,18,Tubbergen,990,555,69,13,66,5,17,0,4.97,20.0,18.8,2,0
41,16,Tubbergen,850,480,59,11,77,6,14,0,11.14,19.3,18.3,2,0
42,15,Tubbergen,565,350,43,12,66,6,15,0,1.72,27.0,39.0,1,0
40,15,Tubbergen,905,525,65,14,66,6,18,0,4.87,22.7,19.6,2,0
-10,33,Urk,3095,1265,271,47,693,36,61,0,7.53,18.5,25.6,2,0
-9,32,Urk,435,415,89,18,122,6,23,0,9.88,20.0,22.0,1,0
-9,33,Urk,16260,5465,1169,173,1180,70,225,0,8.77,15.0,21.4,4,0
-9,34,Urk,140,75,16,3,0,0,4,0,24.6,16.8,0.0,1,1
-8,32,Urk,50,130,28,5,430,20,6,0,82.61,16.8,0.0,1,1
34,13,Wierden,7005,3645,569,120,598,49,156,0,6.11,20.2,29.9,5,0
33,14,Wierden,885,585,91,3,44,3,4,0,10.29,3.2,13.8,2,0
32,16,Wierden,310,135,21,0,22,2,1,0,52.34,2.0,14.0,1,0
36,9,Wierden,3540,1930,302,38,420,36,49,0,16.16,12.0,23.2,2,0
35,10,Wierden,2290,1170,183,31,188,15,40,0,10.28,16.7,27.9,2,0
35,9,Wierden,410,550,86,11,575,40,15,0,77.22,13.0,18.1,2,1
36,8,Wierden,465,315,49,9,177,13,12,0,8.26,19.0,11.0,1,0
37,9,Wierden,530,255,40,6,88,4,8,0,13.85,16.0,20.0,1,0
32,12,Wierden,590,330,52,8,37,4,11,0,4.46,16.0,15.0,1,0
31,12,Wierden,325,225,35,7,132,6,10,0,2.99,21.0,12.0,1,0
12,23,Zwolle,16915,6220,983,574,4980,351,746,0,11.4,58.6,58.6,9,0
12,24,Zwolle,15430,5850,924,556,2620,206,723,0,6.23,60.0,71.6,10,0
13,23,Zwolle,13595,6790,1073,403,2754,184,523,0,13.41,37.8,52.2,7,1
11,24,Zwolle,14320,5440,860,356,2926,171,463,0,9.55,43.0,49.9,5,0
11,23,Zwolle,320,475,75,16,2824,82,21,0,147.33,4.0,2.9,4,3
10,24,Zwolle,5660,2505,396,32,1726,147,42,0,35.48,8.5,32.6,4,0
9,26,Zwolle,50,35,6,0,243,20,0,0,0.0,0.0,24.0,1,0
10,25,Zwolle,11060,4855,767,236,2110,186,306,0,7.34,30.7,33.8,2,0
11,25,Zwolle,6150,2445,386,84,711,61,110,0,6.33,23.0,41.6,2,0
12,25,Zwolle,3950,1875,296,22,320,29,28,0,9.7,7.9,29.8,2,0
13,24,Zwolle,4230,2070,327,55,1647,98,72,0,17.57,15.9,26.9,3,1
14,25,Zwolle,75,1510,239,31,2154,20,40,0,179.37,13.0,13.0,1,0
15,23,Zwolle,415,220,35,8,44,2,10,0,5.52,23.0,17.0,1,0
14,22,Zwolle,180,920,145,47,2593,162,61,0,19.28,32.1,0.0,1,1
16,22,Zwolle,600,365,58,5,0,0,6,0,14.36,8.0,15.0,1,0
13,22,Zwolle,12495,5385,851,91,4566,156,119,0,23.47,11.2,25.2,7,0
12,22,Zwolle,2050,960,152,36,254,23,47,0,8.99,25.2,27.2,2,0
13,21,Zwolle,4740,2130,337,76,80,7,98,0,2.65,22.7,31.0,4,0
14,21,Zwolle,9345,4015,634,140,1183,106,182,0,8.58,22.6,39.7,4,0
15,19,Zwolle,390,200,32,1,88,8,2,0,69.86,4.0,20.0,1,0
48,-15,Aalten,5215,2910,286,14,1009,65,18,0,62.43,4.7,17.9,4,0
47,-17,Aalten,655,395,39,7,28,2,9,0,3.95,18.9,13.3,2,0
45,-14,Aalten,170,145,14,0,66,5,0,0,0.0,0.0,10.0,1,0
47,-15,Aalten,250,130,13,5,353,21,6,0,13.29,37.0,15.0,1,0
47,-14,Aalten,8735,4505,442,102,672,45,132,0,11.79,23.6,30.7,5,0
48,-14,Aalten,190,125,12,2,124,11,2,0,1.64,14.0,13.0,1,0
48,-13,Aalten,1470,785,77,9,170,12,12,0,17.43,12.0,24.0,1,0
46,-18,Aalten,7705,4295,429,62,428,32,80,0,15.91,14.9,35.0,5,0
17,4,Apeldoorn,23920,11090,1698,792,1711,150,1030,0,3.07,48.6,41.9,8,0
16,4,Apeldoorn,6450,3500,536,149,394,36,193,0,2.28,29.2,18.8,3,1
16,3,Apeldoorn,6385,2810,430,164,44,4,213,0,2.14,38.0,55.0,1,0
17,2,Apeldoorn,3710,2095,321,18,221,20,24,0,9.54,5.7,17.4,2,0
17,3,Apeldoorn,6335,3480,533,133,965,78,172,0,5.77,28.5,43.3,4,1
18,2,Apeldoorn,5155,2515,385,41,1656,99,54,0,10.22,10.5,16.2,4,0
18,3,Apeldoorn,14880,6770,1037,400,1449,117,520,0,4.24,38.7,56.1,6,1
19,2,Apeldoorn,235,1125,172,95,2379,104,124,0,28.26,61.5,69.9,3,2
19,3,Apeldoorn,22285,10065,1541,271,1420,123,352,0,11.07,18.1,40.7,5,0
18,4,Apeldoorn,14670,7145,1094,221,2657,123,288,0,10.46,20.5,29.9,7,1
19,4,Apeldoorn,12855,5705,874,157,7330,158,204,0,43.4,18.4,30.3,3,0
20,3,Apeldoorn,0,35,5,1,264,14,2,0,152.48,26.9,0.0,1,1
19,5,Voorst,620,375,53,3,22,2,3,0,5.73,5.3,28.3,2,0
17,5,Apeldoorn,8030,3430,525,201,1886,146,262,0,7.23,38.7,59.0,3,0
18,5,Apeldoorn,15940,6850,1049,260,1321,118,338,0,8.36,25.1,45.9,4,0
17,6,Apeldoorn,570,1070,164,108,2603,87,141,0,16.03,66.0,73.0,1,0
16,5,Apeldoorn,4415,2280,349,160,1097,90,208,0,6.86,45.7,34.9,4,0
16,6,Apeldoorn,2315,1320,202,17,516,17,22,0,22.54,7.8,15.7,3,0
10,7,Apeldoorn,2205,1070,164,25,127,9,32,0,7.09,15.0,29.0,1,0
9,7,Apeldoorn,595,270,41,4,504,12,5,0,89.19,10.0,19.0,1,0
14,4,Apeldoorn,250,200,31,0,22,2,0,0,0.0,0.9,26.6,2,0
17,-2,Apeldoorn,725,460,70,4,110,10,5,0,31.34,5.0,42.0,1,0
17,1,Apeldoorn,125,65,10,1,99,5,2,0,76.78,13.0,35.0,1,0
23,-1,Apeldoorn,240,220,34,1,22,2,2,0,16.38,4.0,18.0,1,0
22,-2,Apeldoorn,3090,1930,296,27,221,16,35,0,4.05,9.5,27.7,2,0
19,1,Apeldoorn,3015,1725,264,40,276,25,52,0,7.42,15.1,33.5,2,0
20,-1,Apeldoorn,1535,710,109,7,101,8,8,0,17.13,6.0,23.0,1,0
20,1,Apeldoorn,1215,755,116,5,48,4,7,0,14.55,4.7,16.9,2,0
21,0,Apeldoorn,110,85,13,1,99,5,1,0,146.12,6.0,19.0,1,0
22,1,Apeldoorn,2380,1420,210,18,210,18,23,0,12.4,8.7,24.5,3,0
21,1,Apeldoorn,240,140,21,2,1400,8,2,0,412.13,8.0,13.0,1,0
16,7,Apeldoorn,400,375,57,6,0,0,8,0,2.18,11.0,18.0,1,0
16,8,Apeldoorn,755,525,80,2,34,2,2,0,37.31,2.0,16.0,1,0
18,7,Apeldoorn,1485,780,116,13,58,5,17,0,4.32,12.7,14.0,3,0
23,-11,Arnhem,19630,6860,1031,830,2764,218,1079,0,3.33,82.6,73.1,14,1
22,-11,Arnhem,4135,1630,245,162,652,55,210,0,4.19,69.9,50.3,4,0
24,-11,Arnhem,15330,5290,795,486,1462,110,632,0,4.72,62.4,78.0,6,0
24,-12,Arnhem,9140,4735,712,277,5088,121,360,0,18.89,39.0,70.5,6,0
25,-11,Arnhem,8605,4000,592,327,1742,95,424,0,4.51,55.6,60.5,3,1
24,-10,Rheden,10155,4490,656,164,1683,146,213,0,5.64,25.2,50.0,3,0
23,-10,Arnhem,22230,8815,1325,813,1806,162,1057,0,3.74,62.8,55.4,14,0
22,-9,Arnhem,3250,1555,234,86,1285,55,112,0,6.25,37.0,46.0,1,0
23,-9,Arnhem,4820,1910,287,89,265,24,116,0,4.31,31.5,83.1,2,0
22,-10,Arnhem,9395,4155,625,260,1070,93,337,0,4.48,43.3,24.3,7,1
21,-9,Arnhem,1110,590,89,24,88,8,31,0,9.24,27.0,27.0,1,0
20,-8,Arnhem,245,185,28,1,2680,19,1,0,2409.46,4.0,12.0,1,0
20,-9,Arnhem,640,185,28,5,264,12,7,0,26.37,18.0,81.0,1,0
21,-8,Arnhem,355,150,23,10,0,0,13,0,18.17,43.0,28.0,1,0
21,-10,Arnhem,240,80,12,12,474,40,15,0,6.12,96.0,75.0,1,0
23,-12,Arnhem,11495,4275,643,353,3078,121,458,0,8.49,55.3,71.4,5,0
24,-13,Arnhem,15130,6870,1096,241,985,86,313,0,6.1,23.4,30.9,6,0
22,-12,Arnhem,11720,5210,783,187,778,70,244,0,4.85,25.4,43.7,4,0
22,-13,Arnhem,5880,2700,406,93,1519,133,121,0,7.88,23.0,38.0,1,0
23,-13,Arnhem,11400,5610,843,203,1538,111,264,0,6.59,24.0,45.0,3,0
24,-14,Arnhem,4110,1900,286,49,530,42,63,0,8.29,17.0,41.0,1,0
21,-12,Arnhem,9685,4035,607,136,1186,99,176,0,10.45,22.3,44.9,2,0
21,-13,Arnhem,6025,2475,372,60,2169,56,77,0,40.39,16.0,31.0,1,0
7,-1,Barneveld,16645,8145,1056,271,2042,172,353,0,6.68,23.9,31.9,8,0
6,0,Barneveld,7715,3525,457,113,787,70,147,0,12.08,24.8,38.1,4,0
6,-1,Barneveld,2265,1365,177,63,1307,79,81,0,44.7,41.8,60.3,2,1
7,-2,Barneveld,5150,2160,280,42,2315,59,55,0,21.23,15.0,27.0,1,0
8,-2,Barneveld,4380,1695,220,35,221,20,46,0,18.45,16.0,33.0,1,0
6,1,Barneveld,85,365,47,10,761,39,13,0,279.17,20.4,0.0,2,2
6,2,Barneveld,11045,5980,775,153,1050,86,198,0,9.01,19.4,30.4,10,0
6,3,Barneveld,1525,745,104,4,331,28,5,0,7.29,5.0,18.2,3,0
9,0,Barneveld,5975,2905,377,70,375,32,91,0,5.34,18.5,21.8,3,0
8,5,Barneveld,2230,1355,176,23,729,43,30,0,31.96,12.6,25.6,2,0
4,0,Barneveld,830,610,79,10,0,0,13,0,8.84,13.0,16.0,1,0
4,1,Barneveld,695,375,49,1,2260,19,2,0,31.98,2.7,28.1,2,0
9,2,Barneveld,1710,980,127,16,166,15,21,0,31.95,12.5,19.7,2,0
3,2,Barneveld,1585,870,113,17,66,6,21,0,4.01,15.2,25.1,2,0
5,-2,Barneveld,745,275,36,9,206,12,12,0,22.55,25.3,52.2,2,0
12,2,Barneveld,130,55,7,0,44,2,0,0,154.85,4.0,21.0,1,0
22,-18,Beuningen,3695,1920,330,101,155,12,132,0,3.67,31.6,30.7,4,0
22,-20,Beuningen,55,35,6,0,88,4,0,0,0.0,0.0,12.0,1,0
23,-19,Beuningen,265,495,77,24,92,8,31,0,14.4,7.8,10.5,3,1
22,-19,Beuningen,9605,5230,899,88,894,83,114,0,7.85,10.0,21.2,13,0
21,-19,Beuningen,5,55,9,1,276,11,2,0,15.91,14.3,0.0,1,1
21,-18,Beuningen,6855,3650,627,98,500,43,127,0,7.69,15.4,38.7,8,0
20,-18,Beuningen,1360,815,140,8,88,8,10,0,10.19,5.8,32.7,3,0
20,-17,Beuningen,195,105,18,2,0,0,3,0,1.62,13.0,13.0,1,0
24,-19,Beuningen,3005,1690,279,53,1902,95,68,0,16.38,18.3,26.0,4,1
19,-17,Beuningen,1810,1090,187,29,166,13,38,0,5.56,15.5,29.0,2,0
19,-18,Beuningen,405,210,36,3,0,0,4,0,1.68,8.0,16.0,1,0
19,-19,Wijchen,1350,835,136,6,132,12,7,0,23.7,4.1,19.8,2,1
25,0,Brummen,575,365,53,4,55,5,5,0,2.64,8.4,13.8,2,0
28,-4,Brummen,5660,3075,448,61,519,43,79,0,16.68,13.1,47.0,6,0
27,-4,Brummen,75,55,8,1,596,35,1,0,87.34,8.0,15.0,1,0
27,-3,Brummen,2110,1240,181,24,335,23,31,0,15.57,16.5,37.8,6,2
26,-3,Brummen,195,120,17,1,22,2,1,0,25.26,5.0,13.0,1,0
27,-1,Brummen,40,40,6,1,110,10,1,0,83.94,10.0,19.0,1,0
28,-5,Brummen,670,400,58,1,22,2,1,0,20.78,1.7,10.9,2,0
27,-5,Rheden,190,150,22,5,0,0,6,0,4.48,22.7,28.3,2,0
25,-2,Brummen,645,410,60,4,44,4,5,0,11.35,7.0,16.5,2,0
24,-3,Brummen,8660,4835,704,88,864,73,115,0,10.39,12.6,38.7,8,0
23,-2,Brummen,1110,620,90,6,177,16,8,0,17.36,7.0,24.0,1,0
25,-4,Rheden,1130,760,110,9,110,9,12,0,12.02,8.9,16.3,2,0
24,-4,Brummen,130,75,11,0,243,11,0,0,67.37,3.0,24.0,1,0
5,-15,Buren,2065,1235,200,21,167,13,28,0,21.12,10.6,30.8,3,0
4,-14,Buren,390,235,38,1,44,3,1,0,23.94,3.0,17.8,2,0
7,-16,Buren,1795,1155,187,9,96,9,12,0,14.35,4.8,16.7,4,0
4,-16,Buren,100,45,7,0,29,4,0,0,0.0,0.0,0.0,1,0
6,-17,West Betuwe,860,465,74,5,0,0,6,0,5.78,6.4,7.6,2,0
5,-16,Buren,535,270,44,10,410,11,12,0,39.89,22.0,23.0,1,0
3,-13,Buren,3275,1940,314,20,287,24,26,0,19.24,6.5,21.1,2,0
8,-15,Buren,1030,660,107,4,155,10,6,0,8.77,4.0,19.0,1,0
8,-14,Buren,165,110,18,1,0,0,1,0,42.95,6.0,30.0,1,0
7,-15,Buren,585,330,53,5,0,0,7,0,5.29,10.0,22.0,1,0
7,-17,Buren,200,115,19,1,42,4,2,0,32.32,7.0,9.0,1,0
10,-13,Buren,4060,2265,366,31,118,11,40,0,8.56,8.4,35.8,2,0
11,-14,Buren,1205,790,128,0,22,2,0,0,0.0,0.0,5.0,1,0
11,-13,Buren,845,425,69,13,210,19,17,0,6.68,19.0,27.0,1,0
9,-12,Buren,1375,775,125,15,88,7,19,0,6.04,11.5,32.8,2,0
8,-11,Buren,745,545,88,4,22,2,5,0,7.74,4.7,12.6,2,0
7,-12,Buren,5000,2835,459,38,437,40,50,0,10.88,8.4,33.8,2,0
5,-12,Buren,545,340,55,4,22,2,5,0,6.15,6.4,30.1,2,0
8,-12,Buren,925,640,104,4,243,22,5,0,33.26,4.0,27.0,1,0
7,-11,Buren,680,445,72,5,176,8,7,0,58.09,7.0,10.0,1,0
4,-13,Buren,520,325,53,2,52,4,3,0,16.63,4.2,15.8,2,0
0,-12,Culemborg,6400,2900,519,155,1245,86,201,0,9.84,29.9,43.3,4,0
1,-12,Culemborg,2730,1445,258,2,712,47,2,0,31.34,0.5,7.0,3,0
1,-13,Culemborg,7930,3325,595,208,2300,148,270,0,12.56,35.2,49.5,4,0
0,-13,Culemborg,10560,5370,960,215,2634,177,280,0,13.91,21.7,28.2,6,0
-1,-13,Culemborg,2170,1015,182,18,606,39,23,0,17.78,9.9,20.7,2,0
30,-9,Doesburg,6790,3590,458,152,776,62,198,0,7.15,32.2,55.2,4,0
30,-10,Doesburg,5280,3180,427,17,331,29,22,0,28.57,3.2,26.3,4,1
29,-8,Doesburg,0,10,1,0,243,15,0,0,10.08,20.8,0.0,1,1
30,-8,Doesburg,190,130,17,1,44,2,2,0,38.08,7.0,18.0,1,0
29,-9,Doesburg,20,15,2,0,265,24,1,0,45.39,20.8,0.0,1,1
36,-12,Doetinchem,9500,4830,695,274,1249,106,356,0,4.77,38.5,45.2,12,1
36,-11,Doetinchem,6815,3135,451,86,307,28,112,0,3.23,18.2,53.6,7,0
37,-12,Doetinchem,9580,4615,664,201,3939,58,261,0,20.33,30.6,44.3,9,0
37,-11,Doetinchem,4230,1940,279,98,248,22,127,0,7.62,35.5,68.5,4,0
38,-13,Doetinchem,1025,525,76,6,276,25,8,0,10.79,8.0,21.1,3,0
39,-13,Doetinchem,420,265,38,5,22,2,7,0,11.14,14.5,15.2,3,1
37,-13,Doetinchem,825,855,123,13,860,49,17,0,41.89,2.1,24.1,4,1
35,-12,Doetinchem,9105,4755,684,85,491,43,111,0,7.52,12.7,26.1,7,0
35,-11,Doetinchem,670,830,118,32,288,17,42,0,7.23,24.5,21.1,5,2
36,-13,Doetinchem,3910,2010,289,35,641,50,45,0,11.43,12.1,20.8,5,0
40,-15,Oude IJsselstreek,5680,3110,401,58,896,42,75,0,12.42,14.8,36.8,2,0
40,-14,Doetinchem,4185,2205,315,41,66,6,54,0,8.21,13.8,40.2,4,0
34,-12,Doetinchem,1760,1020,147,28,167,14,36,0,5.48,19.0,30.0,1,0
34,-13,Doetinchem,885,465,67,2,62,6,3,0,6.17,3.2,19.1,2,0
35,-13,Doetinchem,285,240,35,10,168,9,13,0,7.94,31.8,15.7,2,1
32,-12,Doetinchem,1700,935,137,18,44,4,24,0,3.66,12.5,10.2,3,0
33,-12,Doetinchem,2385,1275,183,35,55,4,45,0,2.7,19.0,31.0,1,0
15,-17,Druten,6590,3760,595,85,535,46,111,0,9.47,13.7,33.6,7,1
15,-16,Druten,1875,885,140,70,246,21,92,0,4.16,52.8,51.8,2,0
16,-17,Druten,6300,3435,544,92,1269,76,119,0,12.13,15.9,28.2,9,0
18,-17,Druten,1900,1110,176,15,177,15,19,0,12.04,8.4,38.1,3,0
17,-19,Druten,1495,870,138,11,55,5,14,0,4.17,7.2,25.5,2,0
26,-12,Duiven,3635,2235,398,108,1785,41,141,0,17.61,30.0,46.5,3,1
28,-13,Duiven,9655,5000,896,105,1345,87,136,0,21.76,11.6,26.8,6,0
27,-12,Duiven,885,405,73,11,8344,110,14,0,626.97,15.0,35.0,1,0
27,-13,Duiven,3085,1600,287,26,1397,98,34,0,16.79,9.0,38.0,1,0
28,-14,Duiven,4375,2340,420,46,362,25,60,0,14.63,11.0,37.0,1,0
27,-14,Duiven,1180,695,125,9,79,6,11,0,9.02,7.0,20.0,1,0
13,-7,Ede,12825,6205,1018,622,2478,191,809,0,4.04,61.7,40.6,5,0
12,-6,Ede,3295,1605,263,73,619,47,95,0,6.37,28.0,25.2,2,0
12,-7,Ede,22600,9815,1611,652,2280,196,848,0,5.75,40.2,45.7,9,0
13,-8,Ede,16975,7280,1195,465,3055,243,605,0,7.58,40.4,48.2,6,0
11,-7,Ede,2255,1045,172,34,1747,87,45,0,8.29,20.0,37.0,1,0
11,-6,Ede,8220,3580,588,53,1559,111,68,0,21.27,8.6,25.5,4,0
14,-8,Ede,3645,4010,658,184,831,57,240,0,6.01,28.0,36.0,1,0
13,-9,Ede,4125,1915,314,82,583,47,106,0,6.98,26.7,27.1,2,0
12,-8,Ede,5665,3600,591,130,2706,134,169,0,20.38,13.9,14.3,6,1
10,-7,Ede,640,1350,229,68,378,24,88,0,16.96,23.5,14.1,5,2
11,-8,Ede,450,255,42,12,657,51,15,0,2.66,28.0,18.0,1,0
14,-9,Ede,8190,3935,646,143,561,49,186,0,4.81,22.3,33.3,2,0
15,-10,Ede,3825,2295,388,26,66,3,34,0,3.61,7.4,7.1,2,0
14,-10,Ede,4110,1650,272,95,667,57,123,0,5.8,42.7,44.9,2,0
16,-9,Ede,305,230,38,2,66,3,3,0,30.55,5.2,15.2,2,1
10,-5,Ede,5600,2945,483,120,199,18,156,0,4.64,24.8,24.3,2,0
9,-4,Ede,2705,1365,224,40,375,34,52,0,5.56,18.0,36.0,1,0
10,-4,Ede,1215,755,124,7,232,16,10,0,1.88,6.0,3.0,1,0
9,-5,Ede,2830,1360,223,35,0,0,46,0,1.53,15.7,24.3,2,0
11,-4,Ede,300,250,41,9,192,7,11,0,22.34,21.0,45.0,1,0
9,-6,Ede,1425,700,115,15,150,13,19,0,7.74,13.0,15.0,1,0
9,-7,Veenendaal,7300,4220,728,203,4986,164,264,0,22.07,28.5,28.9,6,0
13,-1,Ede,2125,1115,183,35,44,4,45,0,1.94,19.0,29.0,1,0
13,-2,Ede,595,195,32,4,44,4,6,0,9.56,14.0,25.0,1,0
12,-2,Ede,2790,1485,244,45,95,7,59,0,2.05,18.7,21.4,2,0
11,-2,Ede,975,475,78,22,44,2,28,0,3.12,28.0,23.0,1,0
14,-3,Ede,1420,850,140,15,261,18,20,0,25.66,11.0,22.0,1,0
5,19,Elburg,2600,1420,166,44,711,44,57,0,12.89,25.5,36.2,3,0
4,20,Elburg,290,195,23,7,29,4,9,0,22.39,30.0,33.0,1,0
6,19,Elburg,9590,4950,577,70,1159,105,91,0,19.09,12.1,39.4,6,1
8,17,Elburg,6425,3350,391,47,930,72,62,0,18.8,12.2,33.2,5,0
7,17,Elburg,575,360,42,10,136,12,13,0,13.56,23.0,23.0,1,0
6,17,Elburg,3070,1640,191,26,249,18,34,0,8.27,13.9,27.2,2,0
6,18,Elburg,905,565,66,12,44,4,15,0,3.72,18.0,11.0,1,0
13,13,Epe,5270,2875,395,129,472,34,168,0,4.28,31.3,43.2,4,0
13,14,Epe,1170,785,108,37,155,8,48,0,1.67,34.0,5.0,1,0
14,12,Epe,6145,3215,442,88,1221,94,115,0,7.14,20.4,44.6,4,0
14,13,Epe,215,220,30,10,99,9,13,0,2.59,32.0,46.0,1,0
12,14,Epe,640,505,69,3,88,8,4,0,63.58,4.0,15.0,1,0
12,13,Epe,900,590,81,7,22,2,9,0,5.39,9.0,16.0,1,0
14,11,Epe,1405,830,114,10,44,4,13,0,4.3,9.0,30.0,1,0
15,9,Epe,9160,4960,682,142,542,44,184,0,3.72,20.9,30.2,7,0
14,9,Epe,830,405,56,0,66,6,0,0,0.0,0.0,38.0,1,0
15,8,Epe,2650,1245,171,37,141,13,49,0,4.91,22.0,63.1,3,0
15,10,Epe,10,215,30,6,673,31,8,0,206.95,20.6,0.0,1,1
16,12,Epe,705,450,62,11,29,3,14,0,2.64,18.0,36.0,1,0
3,10,Ermelo,6010,3280,506,184,553,43,239,0,4.64,37.8,28.4,2,0
4,9,Ermelo,2920,1470,227,20,251,21,27,0,17.98,9.0,46.0,1,0
3,9,Ermelo,6555,3070,473,109,938,83,141,0,5.36,23.0,40.0,1,0
2,9,Ermelo,6930,3400,524,90,232,21,117,0,5.3,17.3,39.6,2,0
2,10,Ermelo,1470,750,116,15,566,47,19,0,18.11,17.4,34.5,2,0
2,11,Harderwijk,3245,2250,340,38,1965,108,50,0,42.55,11.2,27.8,6,2
1,11,Harderwijk,8205,3445,511,131,2385,157,170,0,24.84,27.7,29.5,7,0
5,8,Ermelo,195,120,18,3,22,2,4,0,7.46,16.0,50.0,1,0
6,8,Ermelo,450,280,43,2,0,0,3,0,20.38,5.0,16.0,1,0
7,8,Ermelo,45,5,1,0,44,3,0,0,0.59,23.4,0.0,1,1
8,7,Ermelo,100,65,10,1,220,10,2,0,156.84,14.0,29.0,1,0
1,13,Harderwijk,8625,4330,642,304,3055,181,395,0,10.34,46.8,48.7,10,1
2,13,Harderwijk,6560,3285,487,146,2264,136,190,0,14.51,30.1,37.8,7,2
2,12,Harderwijk,11285,4815,714,243,8657,209,317,0,34.71,35.3,50.6,11,0
1,12,Harderwijk,8720,3910,580,169,3052,115,219,0,14.44,28.9,40.4,12,0
0,12,Harderwijk,1190,535,79,3,0,0,4,0,51.99,4.0,20.0,1,0
1,14,Harderwijk,45,545,81,24,331,22,32,0,23.36,30.2,0.0,2,2
3,13,Harderwijk,1995,1155,171,10,339,20,13,0,25.42,6.0,22.3,2,0
2,14,Harderwijk,130,10,1,0,22,2,0,0,0.0,14.0,10.0,1,0
4,12,Harderwijk,695,455,67,10,0,0,13,0,7.32,15.0,31.0,1,0
12,21,Hattem,8905,4430,777,150,1047,78,196,0,7.66,19.7,39.4,4,0
13,20,Hattem,2710,1560,274,23,604,39,30,0,21.7,7.2,15.1,2,0
12,20,Hattem,510,220,39,2,22,2,3,0,7.49,5.5,10.4,2,0
14,15,Heerde,9095,4985,659,119,618,51,154,0,6.33,18.0,34.0,1,0
16,15,Heerde,460,255,34,5,44,4,6,0,4.92,14.0,23.0,1,0
15,16,Heerde,220,110,15,1,30,2,1,0,43.39,7.0,5.0,1,0
17,14,Olst-Wijhe,495,390,53,5,0,0,6,0,5.56,8.1,12.0,2,0
14,16,Heerde,1285,860,114,15,594,40,19,0,33.26,13.0,13.0,1,0
14,14,Heerde,1020,670,89,16,141,6,21,0,8.89,18.0,22.0,1,0
17,16,Olst-Wijhe,2730,1360,188,63,50,4,82,0,4.05,34.1,44.5,2,0
14,18,Heerde,5465,2820,373,69,452,37,89,0,6.58,18.6,36.5,2,0
14,19,Heerde,545,410,54,2,44,4,2,0,81.19,3.0,5.0,1,0
28,-25,Heumen,1335,800,137,20,671,26,26,0,83.13,14.8,28.2,3,1
27,-24,Heumen,4075,1995,346,122,477,32,159,0,7.23,35.2,41.1,3,0
27,-23,Heumen,7590,3955,686,72,595,38,94,0,10.46,10.6,25.0,2,0
26,-22,Nijmegen,15895,6100,900,384,1171,99,499,0,4.01,43.4,69.3,3,0
26,-25,Heumen,2395,1415,245,30,110,10,39,0,4.37,12.0,19.8,3,0
24,-24,Heumen,765,465,81,5,33,3,7,0,6.42,6.8,21.8,3,1
23,-24,Wijchen,640,355,58,3,33,3,4,0,9.82,5.9,12.9,2,1
34,1,Lochem,9435,5125,820,192,939,73,250,0,5.96,23.1,39.4,5,0
35,0,Lochem,970,530,85,8,177,10,11,0,25.06,10.0,17.0,1,0
34,0,Lochem,2095,1150,184,0,309,25,0,0,0.0,0.0,17.0,1,0
36,0,Lochem,70,80,13,2,22,1,2,0,11.5,15.0,18.0,1,0
35,3,Lochem,205,135,22,3,0,0,3,0,51.12,12.0,35.0,1,0
31,3,Lochem,2620,1585,254,39,124,12,50,0,3.48,15.4,24.1,2,0
34,2,Lochem,155,95,15,0,44,4,1,0,96.86,3.0,2.0,1,0
31,2,Lochem,285,245,39,5,11,1,7,0,4.02,14.0,15.0,1,0
37,-2,Lochem,935,565,90,7,110,8,9,0,20.23,8.0,20.0,1,0
36,-1,Lochem,160,115,18,4,22,2,5,0,2.0,22.0,25.0,1,0
37,-1,Lochem,310,190,30,7,0,0,9,0,3.03,24.0,22.0,1,0
26,3,Lochem,3510,2025,324,52,221,18,67,0,5.54,16.0,33.0,1,0
28,1,Lochem,4570,2490,398,59,255,22,77,0,3.38,14.7,29.7,2,0
27,4,Lochem,420,305,49,8,0,0,10,0,2.83,16.0,16.0,1,0
30,1,Lochem,980,615,98,6,0,0,8,0,5.53,6.2,21.6,2,0
29,4,Lochem,745,495,79,7,88,7,9,0,20.14,9.0,21.0,1,0
31,0,Lochem,240,140,22,4,44,4,5,0,11.45,17.0,24.0,1,0
10,-24,Maasdriel,6965,3565,597,84,442,40,109,0,7.11,14.0,39.0,1,0
9,-24,Maasdriel,2305,1205,202,4,155,14,6,0,60.88,2.0,18.0,3,0
10,-25,Maasdriel,460,285,48,1,159,14,2,0,3.09,2.5,15.0,2,0
10,-23,Maasdriel,635,380,64,3,22,2,4,0,7.43,4.3,17.1,2,0
7,-26,Maasdriel,2900,1565,262,26,322,24,34,0,11.99,10.0,33.0,1,0
6,-26,Maasdriel,545,270,45,3,66,5,4,0,26.7,6.0,28.0,1,0
5,-25,Zaltbommel,2285,1170,176,9,44,4,11,0,5.13,5.1,14.9,4,0
6,-25,Maasdriel,740,430,72,1,11,1,1,0,17.25,1.0,12.0,1,0
8,-26,Maasdriel,5095,2875,481,43,357,33,56,0,12.69,8.8,23.3,2,0
7,-24,Zaltbommel,665,510,77,4,211,3,6,0,45.88,5.7,15.9,2,0
10,-21,Maasdriel,2060,1215,198,12,132,12,15,0,17.63,6.0,27.8,2,0
10,-22,Maasdriel,85,60,10,0,44,2,0,0,0.0,0.0,20.0,1,0
9,-22,Maasdriel,2580,1745,290,40,132,12,52,0,5.5,14.1,30.7,3,0
8,-22,Maasdriel,1415,800,134,1,88,8,2,0,49.56,0.9,16.3,2,0
7,-23,Zaltbommel,2860,1870,271,45,7483,115,58,0,244.15,16.7,36.4,2,0
0,5,Nijkerk,9470,5170,803,199,2718,163,258,0,16.85,22.2,37.6,6,0
0,4,Nijkerk,7860,3905,606,101,1480,114,131,0,16.31,16.9,26.6,5,1
1,5,Nijkerk,2550,1100,171,59,564,42,76,0,4.51,32.7,36.5,2,0
1,4,Nijkerk,8790,4065,631,96,1074,97,124,0,10.7,14.6,31.8,5,0
4,3,Nijkerk,695,450,70,1,22,1,1,0,31.61,1.0,14.0,1,0
1,3,Nijkerk,3650,1960,304,16,453,41,21,0,27.35,5.4,30.2,2,0
0,3,Amersfoort,4140,1845,322,147,652,48,191,0,7.22,45.0,44.3,4,0
1,2,Nijkerk,5135,2725,423,45,831,68,59,0,16.36,10.8,22.9,3,0
2,1,Nijkerk,2815,1480,232,30,1474,56,39,0,44.13,12.6,25.9,3,0
1,1,Nijkerk,2230,1205,191,30,287,24,39,0,17.97,16.4,18.6,3,0
25,-19,Nijmegen,12505,4595,676,440,1254,107,572,0,6.28,65.3,73.7,2,0
26,-20,Nijmegen,35430,11015,1620,1090,3058,271,1417,0,3.53,69.9,61.2,5,0
27,-20,Nijmegen,4800,2080,312,193,542,48,251,0,2.51,62.4,36.7,2,0
27,-21,Nijmegen,6085,1955,297,132,710,55,172,0,3.5,52.2,50.8,3,0
25,-20,Nijmegen,21085,7555,1111,459,2705,231,596,0,3.65,41.2,59.5,4,0
24,-20,Nijmegen,7615,2735,402,229,2249,112,298,0,4.76,57.0,68.0,1,0
26,-21,Nijmegen,15185,5780,850,355,2556,187,462,0,7.71,43.3,41.1,4,0
25,-21,Nijmegen,2940,1095,161,85,1007,79,111,0,4.99,53.0,76.0,1,0
27,-22,Nijmegen,4070,1660,244,76,397,36,98,0,4.99,31.0,45.0,1,0
24,-21,Nijmegen,13645,6325,930,340,3154,212,442,0,9.99,36.4,54.1,4,1
25,-22,Nijmegen,13925,6730,990,413,1581,137,536,0,4.08,43.2,60.6,5,0
24,-22,Wijchen,490,280,43,4,221,18,6,0,14.46,10.1,45.4,2,0
23,-20,Nijmegen,9230,4435,652,89,818,72,116,0,18.32,13.7,37.3,3,0
23,-21,Wijchen,375,690,111,17,908,51,22,0,57.23,9.1,9.4,3,2
24,-18,Nijmegen,6720,2885,429,27,932,74,35,0,29.84,6.6,22.5,2,0
24,-17,Nijmegen,3970,1700,250,7,2792,103,10,0,121.26,3.0,44.0,1,0
25,-18,Nijmegen,14530,5960,876,237,2098,189,308,0,10.78,27.0,42.0,1,0
8,19,Oldebroek,5420,2735,331,58,254,23,75,0,5.9,17.6,33.3,3,0
9,19,Oldebroek,1265,690,83,10,66,6,14,0,6.35,12.4,23.1,2,0
10,20,Oldebroek,5435,2870,347,45,391,33,59,0,70.7,13.1,38.3,2,0
11,20,Oldebroek,3630,1695,205,18,397,35,24,0,11.89,9.0,32.0,1,0
11,21,Oldebroek,1320,695,84,7,138,11,10,0,19.38,9.1,23.8,2,0
10,21,Oldebroek,2645,1385,167,30,573,32,39,0,23.76,18.0,30.0,1,0
10,19,Oldebroek,60,5,1,0,2922,10,0,0,1496.54,14.9,0.0,1,1
7,20,Oldebroek,1165,555,67,7,110,10,9,0,16.45,10.0,22.0,1,0
5,23,Oldebroek,190,105,13,1,22,2,1,0,43.47,4.0,10.0,1,0
4,7,Putten,10380,5355,731,122,1054,71,158,0,11.93,15.2,35.8,3,0
3,7,Putten,7705,3705,506,98,1680,107,128,0,20.18,19.4,36.0,2,0
0,8,Putten,380,170,23,0,132,6,0,0,0.0,1.0,30.0,1,0
7,5,Putten,305,155,21,1,22,1,1,0,78.29,4.0,21.0,1,0
6,4,Putten,1460,975,133,1,66,3,2,0,171.48,1.0,16.0,1,0
17,-11,Renkum,10485,5625,1003,189,141,10,246,0,2.03,19.0,40.6,11,2
17,-9,Renkum,20,20,4,1,44,4,1,0,1287.08,28.2,0.0,1,1
20,-11,Renkum,2990,1675,299,69,610,32,90,0,1.9,23.8,23.2,5,2
19,-10,Renkum,495,285,51,41,199,10,53,0,11.06,79.8,56.1,2,0
21,-11,Renkum,4875,2500,446,104,188,14,135,0,1.78,23.3,26.2,4,0
20,-10,Renkum,3575,1945,347,74,140,13,97,0,1.39,22.8,32.9,5,0
28,-7,Rheden,2220,1235,176,59,265,22,76,0,4.9,33.7,30.8,2,0
27,-6,Rheden,8150,4170,602,91,534,49,118,0,5.17,15.3,45.1,2,0
26,-6,Rheden,4085,2000,289,38,86,9,49,0,8.71,13.0,45.0,1,0
27,-7,Rheden,980,620,90,8,155,13,10,0,16.44,9.0,14.0,1,0
26,-9,Rheden,7785,3995,577,104,560,49,135,0,5.6,18.2,43.0,2,0
26,-10,Rheden,55,40,6,0,177,12,0,0,0.0,0.0,25.0,1,0
26,-8,Rheden,990,635,92,11,0,0,14,0,8.02,12.0,35.0,1,0
24,-9,Rheden,9450,4935,854,225,311,21,293,0,3.05,31.9,26.3,2,0
26,-11,Zevenaar,580,1205,178,18,342,20,24,0,8.9,5.1,19.7,2,0
5,-4,Scherpenzeel,8995,4625,661,106,1113,79,138,0,17.82,16.0,27.0,1,0
5,-5,Scherpenzeel,700,320,46,0,537,34,1,0,158.02,1.0,30.0,1,0
10,-17,Tiel,7395,3340,491,269,574,51,350,0,2.98,55.4,61.1,4,0
9,-17,Tiel,8710,4135,607,229,1156,78,297,0,5.06,39.1,58.6,5,0
9,-16,Tiel,9405,4525,665,51,4138,186,66,0,73.92,7.7,50.3,4,0
10,-16,Tiel,2845,1810,266,80,524,37,104,0,4.58,30.0,14.0,1,0
8,-17,Tiel,930,520,76,4,144,6,5,0,31.31,4.7,14.8,3,0
8,-16,Tiel,2245,1150,169,4,210,18,5,0,21.27,2.1,30.1,2,0
10,-15,Neder-Betuwe,440,410,60,5,66,6,7,0,561.26,2.2,12.9,2,1
9,-15,Tiel,40,940,138,33,3213,62,43,0,22.54,23.8,0.0,1,1
8,-18,Tiel,695,430,63,2,46,5,2,0,23.49,3.0,30.0,1,0
9,-18,Tiel,9495,4660,684,59,932,84,76,0,14.11,9.0,17.2,5,0
10,-19,Tiel,105,80,12,0,11,1,0,0,0.0,0.0,10.0,1,0
9,-19,West Betuwe,1735,1090,173,6,121,11,8,0,25.72,3.3,21.1,3,0
25,1,Voorst,1970,1070,147,25,508,34,32,0,20.64,16.4,39.2,2,0
23,3,Voorst,85,55,8,1,44,3,1,0,58.28,10.0,17.0,1,0
24,0,Voorst,290,175,24,4,88,4,5,0,22.81,16.0,20.0,1,0
21,6,Voorst,7430,3725,513,132,322,28,171,0,4.48,25.8,40.5,2,0
21,5,Voorst,4230,2175,300,24,432,35,31,0,14.84,8.0,28.0,1,0
20,8,Voorst,1745,1015,140,13,77,6,16,0,14.87,9.2,29.7,2,0
18,9,Voorst,165,95,13,1,99,7,1,0,189.8,4.0,16.0,1,0
21,4,Voorst,145,80,11,1,147,4,1,0,222.43,6.0,9.0,1,0
19,6,Voorst,515,280,39,8,127,11,11,0,5.11,21.0,23.0,1,0
23,0,Voorst,235,135,19,5,0,0,7,0,12.17,28.0,24.0,1,0
22,4,Voorst,275,195,27,1,5594,20,2,0,32.88,5.0,8.0,1,0
14,-11,Wageningen,11100,4285,760,181,1824,145,236,0,7.43,26.1,35.5,9,0
15,-11,Wageningen,12850,3905,693,301,1114,87,391,0,3.97,52.5,67.0,7,0
14,-12,Wageningen,3025,665,118,24,176,16,31,0,6.05,52.6,60.4,3,0
15,-12,Wageningen,9865,3110,552,389,1467,106,506,0,4.67,75.1,68.8,7,0
16,-12,Wageningen,2800,1165,207,87,265,18,113,0,3.97,43.7,33.9,3,0
25,-12,Westervoort,6135,3055,458,78,255,22,101,0,5.18,17.0,34.0,1,0
26,-13,Westervoort,8890,4520,678,81,806,71,105,0,8.07,12.0,44.1,4,0
51,-12,Winterswijk,11160,5595,741,247,762,51,322,0,7.57,34.1,38.1,3,0
50,-11,Winterswijk,5280,2660,352,14,964,31,18,0,17.95,4.0,11.0,1,0
51,-11,Winterswijk,6720,2900,384,69,530,46,90,0,4.26,18.0,34.0,1,0
49,-9,Winterswijk,600,430,57,2,22,2,3,0,9.69,4.0,8.0,1,0
53,-13,Winterswijk,120,120,16,1,100,9,1,0,157.0,4.0,6.0,1,0
49,-13,Winterswijk,145,40,5,0,132,6,0,0,0.0,4.0,7.0,1,0
22,-21,Wijchen,8935,4500,735,114,659,60,149,0,9.23,16.5,32.2,7,0
22,-23,Wijchen,715,400,65,2,66,4,2,0,37.94,2.7,12.0,3,0
21,-22,Wijchen,2365,1265,207,18,99,9,24,0,6.72,8.1,23.1,5,1
22,-22,Wijchen,14905,7570,1236,256,1505,137,332,0,6.18,21.2,39.3,16,0
23,-22,Wijchen,2045,1330,217,68,861,62,88,0,7.66,33.8,41.8,3,0
23,-23,Wijchen,6985,3590,586,78,923,83,101,0,11.53,12.9,18.2,10,0
18,-21,Wijchen,540,365,60,2,44,4,2,0,21.99,3.0,24.0,1,0
19,-21,Wijchen,135,90,15,2,0,0,2,0,2.54,13.0,8.0,1,0
20,-20,Wijchen,800,505,82,3,217,18,4,0,33.51,4.0,16.0,1,0
20,-21,Wijchen,270,135,22,4,22,2,5,0,8.46,17.4,25.7,2,0
21,-23,Wijchen,530,340,54,2,66,6,3,0,39.61,3.5,13.6,3,1
24,-23,Wijchen,530,360,59,11,44,4,14,0,2.34,18.0,15.0,1,0
6,-22,Zaltbommel,6950,3355,483,109,1911,131,142,0,9.48,22.1,50.9,2,0
5,-22,Zaltbommel,3315,1705,245,29,451,30,38,0,23.57,12.0,29.0,1,0
7,-22,Zaltbommel,310,275,40,4,121,7,5,0,38.0,10.0,19.0,1,0
6,-23,Zaltbommel,1620,805,116,3,2904,48,4,0,39.18,2.6,21.1,2,0
0,-21,Zaltbommel,3125,1790,258,29,159,11,37,0,5.54,11.0,23.3,2,0
1,-23,Zaltbommel,615,350,50,2,28,2,3,0,23.01,4.0,26.0,1,0
2,-24,Altena,4745,2680,371,41,112,8,53,0,6.87,11.4,28.8,4,0
2,-22,Zaltbommel,1815,970,140,5,141,12,6,0,30.32,3.3,24.0,2,0
3,-24,Zaltbommel,915,415,60,3,138,8,3,0,41.38,5.0,24.9,2,0
0,-23,Zaltbommel,525,205,30,0,34,2,0,0,10.96,1.0,21.0,1,0
6,-24,Zaltbommel,420,270,39,3,110,6,4,0,24.32,7.0,14.0,1,0
4,-22,Zaltbommel,3050,1535,221,31,352,17,41,0,17.72,13.7,29.7,2,0
3,-22,Zaltbommel,555,310,45,0,113,6,1,0,27.14,1.0,16.0,1,0
30,-14,Zevenaar,14660,7345,1142,282,1742,103,367,0,14.51,24.7,42.6,8,0
29,-13,Zevenaar,3175,1560,243,53,358,27,69,0,8.24,21.9,35.5,2,1
31,-14,Montferland,2445,1675,255,31,1384,35,40,0,46.81,11.2,14.8,3,1
29,-14,Zevenaar,2815,1590,247,52,166,14,68,0,2.05,21.0,44.0,1,0
30,-15,Zevenaar,1180,625,97,5,79,6,6,0,9.06,4.6,13.2,2,0
31,-15,Zevenaar,3360,1650,257,20,290,26,26,0,29.69,7.4,20.1,2,0
32,-15,Zevenaar,0,100,16,3,495,28,3,0,63.34,16.6,0.0,1,1
32,-16,Zevenaar,1875,1015,158,19,44,4,25,0,5.74,12.2,38.8,2,0
28,-10,Zevenaar,2650,1615,251,33,140,13,42,0,4.28,13.0,29.0,1,0
30,-17,Zevenaar,2365,1365,212,24,123,10,31,0,4.22,11.3,32.9,2,0
32,-17,Zevenaar,975,600,93,5,88,8,6,0,15.22,4.9,29.8,2,0
31,-16,Zevenaar,655,455,71,1,33,3,1,0,42.28,1.0,21.0,1,0
34,-19,Zevenaar,3015,1705,265,42,288,25,55,0,6.61,16.0,49.0,1,0
33,-19,Zevenaar,2820,1610,250,55,57,4,71,0,3.6,22.0,32.8,2,1
35,-19,Zevenaar,825,460,72,2,44,4,3,0,38.12,3.2,38.4,2,0
28,-1,Zutphen,12395,5520,840,435,1407,76,566,0,4.2,51.2,63.8,8,0
26,1,Zutphen,1720,975,148,119,0,0,154,0,5.13,80.0,52.0,1,0
27,0,Zutphen,1530,595,91,68,1941,102,88,0,12.11,75.0,65.0,1,0
28,0,Zutphen,5065,2075,316,102,497,45,133,0,4.73,32.9,44.4,4,0
27,1,Zutphen,1395,665,101,33,277,12,43,0,9.37,33.0,35.0,1,0
29,-2,Zutphen,3235,1635,249,53,1075,46,69,0,7.34,21.8,35.4,2,0
28,-2,Zutphen,3780,1860,283,72,344,30,93,0,5.31,26.5,24.1,3,0
29,-1,Zutphen,12015,6030,918,75,888,76,98,0,12.55,8.4,25.8,6,0
6,15,Nunspeet,9055,4400,589,71,1060,95,92,0,7.95,12.0,38.0,1,0
6,14,Nunspeet,9495,4985,667,184,2573,55,239,0,7.66,27.4,39.2,2,0
4,14,Nunspeet,805,505,68,5,88,8,6,0,18.66,7.0,25.0,1,0
3,15,Nunspeet,410,210,28,8,22,1,11,0,2.71,29.0,27.0,1,0
7,14,Nunspeet,85,25,3,0,177,12,0,0,19.62,9.0,36.0,1,0
9,9,Nunspeet,3405,1610,216,24,276,25,31,0,14.3,11.3,28.9,2,0
9,11,Nunspeet,390,220,29,2,0,0,2,0,45.9,6.0,27.0,1,0
9,12,Nunspeet,315,190,25,6,75,7,7,0,2.77,22.0,38.0,1,0
-2,25,Dronten,4085,2410,423,41,1048,48,53,0,39.99,9.1,12.7,4,3
-3,25,Dronten,5655,2765,485,15,491,31,19,0,40.32,3.0,21.0,1,0
-2,24,Dronten,2760,1470,258,15,292,14,20,0,6.31,12.5,19.8,3,0
-1,25,Dronten,120,135,24,4,641,7,5,0,19.87,16.0,10.0,1,0
-1,24,Dronten,9460,4335,761,249,1069,73,324,0,7.66,31.9,54.3,7,0
-1,23,Dronten,4920,2940,516,60,769,17,78,0,12.53,11.3,12.4,3,0
0,23,Dronten,1235,655,115,10,133,10,13,0,4.28,9.0,38.0,1,0
0,20,Dronten,3955,2235,392,42,363,21,54,0,12.37,9.6,50.0,7,0
1,19,Dronten,1645,1000,176,4,144,8,5,0,10.68,2.5,3.0,2,0
-5,27,Dronten,5840,3350,588,18,330,21,23,0,25.46,2.7,28.1,8,3
-6,28,Dronten,670,285,50,0,66,5,0,0,0.0,0.0,15.0,1,0
-1,1,Amersfoort,20035,7490,1334,728,2566,164,946,0,6.07,55.3,58.6,17,0
0,0,Amersfoort,19140,7395,1317,722,2979,201,938,0,6.88,54.8,50.8,14,0
-1,0,Amersfoort,15375,6460,1150,401,4279,240,521,0,9.56,33.8,41.7,18,0
-2,1,Amersfoort,6295,6010,1070,316,4220,145,410,0,9.52,22.1,56.5,6,2
-1,2,Amersfoort,18425,8170,1455,336,3621,171,437,0,13.14,23.0,35.8,16,1
0,1,Amersfoort,13965,5605,998,543,4113,159,705,0,8.1,55.7,56.7,10,1
0,2,Amersfoort,4935,2370,422,68,2622,116,89,0,26.01,13.9,21.9,7,2
1,0,Leusden,4990,2820,499,183,3422,40,238,0,12.65,36.9,39.6,4,0
0,-1,Amersfoort,5295,2265,403,129,1071,65,168,0,9.32,32.5,27.9,4,1
-1,-1,Amersfoort,1545,585,104,58,1312,79,76,0,21.88,58.0,44.3,3,0
-2,2,Amersfoort,7085,3445,614,68,665,47,89,0,7.83,11.3,17.5,6,1
-2,3,Amersfoort,17615,10805,1924,377,10731,254,490,0,25.67,18.8,24.5,13,1
-3,4,Amersfoort,4905,2545,450,155,258,20,201,0,17.6,32.3,23.7,3,0
-1,3,Amersfoort,18845,7565,1347,224,3902,247,291,0,17.04,16.8,28.2,12,1
-2,4,Amersfoort,2035,845,150,20,117,7,25,0,4.52,13.0,11.0,1,0
-1,4,Amersfoort,50,35,6,0,134,11,0,0,0.0,0.0,67.0,1,0
-2,0,Amersfoort,1100,380,68,49,521,26,63,0,11.53,67.3,74.4,2,0
-6,4,Baarn,12355,6505,1137,402,1130,72,522,0,3.6,34.4,30.8,10,0
-5,3,Baarn,4255,1965,344,66,505,35,86,0,3.78,19.5,46.8,2,0
-7,5,Baarn,3225,1560,273,71,376,21,92,0,6.22,28.2,41.7,2,0
-6,5,Baarn,2005,1090,191,48,55,3,63,0,12.75,25.8,33.5,2,1
-5,4,Baarn,2010,1030,180,69,1022,59,90,0,4.95,38.4,34.3,2,0
-6,3,Baarn,260,310,54,5,0,0,7,0,36.55,10.0,58.0,1,0
-8,5,Baarn,810,95,17,5,572,26,7,0,465.76,80.3,89.2,2,0
-7,2,Baarn,280,180,31,4,218,9,5,0,58.99,14.7,28.5,2,1
-9,0,De Bilt,1180,700,134,14,89,6,19,0,6.18,10.5,21.0,2,0
-9,2,De Bilt,1770,1160,221,17,110,5,22,0,9.05,7.1,14.9,4,1
-8,1,De Bilt,4490,2275,437,79,104,8,102,0,5.16,18.0,35.0,1,0
-8,0,De Bilt,410,205,39,11,406,29,14,0,7.55,26.7,44.3,2,0
-8,-2,Utrecht,10905,3705,657,352,3673,65,458,0,10.21,61.6,76.4,4,0
-8,-1,De Bilt,655,390,75,4,300,2,6,0,32.45,6.0,15.0,1,0
-6,-1,De Bilt,10965,5425,1042,417,983,64,543,0,4.42,40.1,43.8,3,0
-6,0,De Bilt,5360,2700,523,86,34,2,111,0,7.19,17.6,29.4,2,0
-6,-2,De Bilt,9145,3865,742,330,1183,83,430,0,4.87,46.1,52.6,3,0
-7,-2,De Bilt,30,190,36,12,1374,29,16,0,5.51,33.7,0.0,2,2
-6,-3,De Bilt,10375,4515,867,369,2662,89,480,0,4.28,42.9,37.8,3,0
-5,-3,Zeist,6930,2570,503,347,718,40,451,0,7.49,68.7,66.3,3,0
-4,-5,Bunnik,7110,3070,643,141,2090,75,183,0,11.96,21.9,27.7,2,0
-5,-6,Bunnik,335,260,55,5,2850,10,7,0,50.26,9.4,21.6,2,0
-6,-5,Utrecht,2325,555,98,60,1309,93,78,0,7.53,75.1,70.9,4,0
-3,-6,Bunnik,5420,2665,559,106,518,34,138,0,4.87,19.0,28.0,1,0
-3,-7,Bunnik,705,295,62,2,91,9,3,0,41.48,4.0,7.0,1,0
-1,-8,Bunnik,2635,1360,285,25,204,14,33,0,8.48,9.1,21.4,2,0
-4,6,Bunschoten,13900,6100,984,182,1206,84,236,0,12.35,18.9,25.0,5,0
-4,7,Bunschoten,7465,3285,530,159,509,27,206,0,3.31,29.5,31.3,2,0
-6,7,Bunschoten,815,445,72,1,34,2,1,0,47.38,1.0,10.0,1,0
-5,7,Bunschoten,225,275,44,2,22,2,3,0,11.64,5.0,23.0,1,0
-8,7,Eemnes,5265,2970,536,72,2736,62,93,0,38.28,13.5,31.5,3,0
-8,6,Eemnes,4085,2210,399,44,898,65,57,0,20.39,11.0,23.9,2,1
-9,7,Laren,7520,4420,1100,218,983,66,283,0,5.61,19.0,35.7,4,0
-4,-8,Houten,15540,6960,1514,442,2884,173,575,0,8.76,28.2,31.5,15,1
-5,-7,Houten,5760,2930,638,135,1213,77,175,0,9.41,21.6,30.3,5,1
-4,-7,Houten,9670,4040,879,212,1101,79,275,0,5.81,25.7,45.8,8,0
-3,-9,Houten,11185,4560,992,274,4244,138,356,0,17.92,28.0,27.9,8,1
-3,-8,Houten,4880,2160,470,37,1716,69,48,0,13.91,7.5,14.7,5,1
-5,-8,Houten,245,440,96,16,7468,149,21,0,424.38,5.2,29.6,4,3
-4,-9,Houten,0,335,73,17,1127,38,22,0,44.16,23.5,0.0,1,1
-1,-10,Houten,300,195,42,1,78,4,1,0,92.1,2.0,26.0,1,0
-2,-9,Houten,385,200,44,2,28,2,3,0,13.79,5.5,13.4,2,0
-4,-10,Vijfheerenlanden,1230,580,114,3,293,19,5,0,20.9,2.0,14.3,4,1
-2,-10,Houten,1205,625,136,18,194,12,23,0,14.52,13.0,30.0,1,0
0,-11,Houten,130,90,20,0,10,1,0,0,0.0,0.0,6.0,1,0
1,-1,Leusden,7995,4360,771,291,4715,109,378,0,19.08,35.9,36.0,7,0
2,-1,Leusden,8535,4295,759,34,2420,86,44,0,22.34,4.7,21.1,10,0
2,-2,Leusden,2245,1125,199,48,1638,36,63,0,31.2,25.2,36.0,2,0
1,-2,Leusden,5430,2685,475,57,1207,74,74,0,19.52,12.1,19.7,3,0
4,-1,Leusden,2805,1580,279,40,304,25,52,0,7.82,14.4,28.9,2,0
-10,-11,Lopik,5585,2885,418,79,422,28,103,0,5.31,19.0,31.0,1,0
-9,-11,Lopik,1345,935,136,7,178,10,9,0,25.73,5.6,15.7,3,0
-8,-11,Lopik,625,345,50,2,34,2,3,0,17.0,4.0,19.0,1,0
-7,-10,Lopik,585,310,45,4,135,8,5,0,9.46,8.0,17.0,1,0
-11,-11,Lopik,290,170,25,6,77,4,7,0,13.61,23.0,23.0,1,0
-11,-12,Lopik,765,390,57,7,78,4,9,0,11.5,12.0,25.0,1,0
-12,-12,Lopik,170,100,14,2,0,0,2,0,3.05,13.0,16.0,1,0
-10,-13,Lopik,415,275,40,5,11,1,7,0,2.13,13.0,13.0,1,0
-10,-9,Lopik,3600,1930,280,38,251,20,50,0,5.62,13.7,25.5,2,0
-13,-11,Lopik,645,310,45,8,78,6,10,0,10.22,17.0,23.0,1,0
-12,-7,Montfoort,8305,4175,687,131,1055,80,171,0,8.53,18.4,29.3,3,0
-14,-6,Montfoort,3835,1875,308,38,56,4,49,0,9.0,12.5,21.9,2,0
-14,-5,Montfoort,110,1145,206,56,1043,56,73,0,61.69,21.8,0.0,2,2
-11,-7,Montfoort,660,500,82,2,0,0,3,0,4.47,3.0,8.0,1,0
-11,-8,Montfoort,150,85,14,2,0,0,2,0,14.75,13.0,19.0,1,0
7,-5,Renswoude,5755,3320,487,69,592,44,90,0,10.71,14.3,24.9,2,0
12,-12,Rhenen,10260,5115,886,258,1103,75,335,0,4.78,29.5,41.7,11,0
13,-13,Rhenen,495,255,44,9,220,10,11,0,16.5,20.0,42.0,1,0
11,-12,Rhenen,740,415,72,0,34,2,0,0,0.0,0.0,37.0,1,0
13,-12,Rhenen,50,5,1,0,44,2,0,0,50.7,32.0,16.0,1,0
11,-11,Rhenen,540,280,48,4,66,5,5,0,15.98,8.2,11.7,2,1
10,-10,Rhenen,710,455,79,23,509,39,30,0,9.25,29.3,7.1,2,0
9,-9,Veenendaal,4370,2200,380,56,291,23,73,0,7.31,14.7,15.2,4,1
12,-11,Rhenen,2630,1255,217,17,48,4,22,0,2.89,7.4,14.7,4,0
10,-11,Rhenen,80,160,28,4,421,13,5,0,101.39,15.0,58.0,1,0
9,-10,Rhenen,70,40,7,0,33,3,0,0,0.0,0.0,57.0,1,0
9,-11,Rhenen,3365,1880,326,14,181,13,19,0,15.4,4.6,33.3,3,1
8,-10,Rhenen,1320,745,130,8,126,8,11,0,7.43,6.2,14.2,3,0
-5,2,Soest,13375,7220,1322,475,4660,147,617,0,8.78,36.2,34.7,5,0
-6,1,Zeist,140,100,19,5,11,1,6,0,2.44,23.6,26.4,2,0
-5,1,Soest,8030,4045,740,130,639,42,169,0,5.06,17.7,33.6,4,0
-6,2,Soest,5,170,31,10,257,16,14,0,12.98,33.6,0.0,1,1
-4,2,Soest,5445,2750,503,279,696,46,363,0,2.62,56.7,43.5,3,0
-4,1,Soest,12145,6050,1107,363,1341,90,472,0,6.03,34.5,31.0,6,0
-4,0,Soest,175,130,24,0,147,9,0,0,0.17,1.0,6.0,1,0
-4,-1,Soest,160,160,29,27,0,0,35,0,1.73,91.0,2.0,1,0
-3,-2,Soest,8775,4540,838,276,1385,94,359,0,6.82,33.9,41.2,4,0
-2,-2,Soest,450,300,55,12,590,42,16,0,11.13,22.0,31.0,1,0
-9,-4,Utrecht,19965,5930,1029,503,3374,218,654,0,5.66,49.8,41.9,7,0
-8,-4,Utrecht,24270,8825,1531,1325,12774,792,1723,0,8.74,79.7,62.8,9,0
-9,-3,Utrecht,33055,9300,1613,829,3848,234,1078,0,4.97,52.4,55.7,9,0
-11,-2,Utrecht,150,2925,507,128,3844,132,167,0,40.34,6.3,28.8,2,1
-8,-3,Utrecht,41445,10555,1831,1069,5913,409,1390,0,5.53,59.6,51.6,11,0
-10,-2,Utrecht,12920,4250,737,393,1370,88,511,0,4.15,53.6,57.3,4,0
-9,-2,Utrecht,21295,6490,1126,911,1960,100,1185,0,2.4,82.1,78.5,5,0
-10,-1,Utrecht,95,370,64,27,433,30,35,0,14.42,42.0,44.0,1,0
-7,-3,Utrecht,13090,4305,747,442,2115,127,574,0,6.31,59.7,41.1,4,0
-7,-4,Utrecht,29425,7460,1294,695,5413,396,903,0,6.99,57.8,56.7,11,0
-7,-5,Utrecht,27020,7405,1285,818,3311,231,1064,0,3.52,64.5,56.5,8,0
-6,-4,Utrecht,6330,1115,193,116,2626,242,150,0,29.06,77.0,60.8,2,0
-7,-6,Utrecht,7705,3725,655,299,8451,582,389,0,33.45,48.5,59.9,5,1
-8,-5,Utrecht,25410,6990,1213,1044,4415,273,1358,0,8.0,87.3,77.2,5,1
-11,-3,Utrecht,13235,4820,836,275,1707,99,358,0,5.02,33.5,34.2,3,0
-10,-3,Utrecht,11660,4830,838,652,3860,248,848,0,6.38,72.5,63.5,3,0
-10,-4,Utrecht,22570,8745,1517,391,2290,157,508,0,7.91,26.0,37.3,5,0
-9,-5,Utrecht,2595,1565,271,55,1609,106,72,0,24.58,30.3,43.1,2,0
-12,-2,Stichtse Vecht,1695,915,173,11,4860,84,14,0,214.82,6.8,3.1,2,0
-12,-3,Utrecht,14760,6235,1082,174,2199,152,226,0,9.89,15.9,32.6,2,0
-11,-4,Utrecht,16805,6690,1161,243,2752,156,316,0,12.1,21.3,30.0,2,0
-12,-4,Utrecht,4960,1920,333,43,4477,32,56,0,7.77,13.0,29.0,1,0
-9,-6,Utrecht,260,165,29,3,0,0,4,0,5.27,11.0,22.0,1,0
10,-8,Veenendaal,15110,6210,1074,418,1821,160,544,0,5.01,38.8,38.6,7,1
9,-8,Veenendaal,22455,9665,1671,925,3037,225,1202,0,3.41,56.1,54.5,9,0
11,-9,Veenendaal,3350,1400,242,31,132,12,40,0,6.82,12.9,20.5,2,0
10,-9,Veenendaal,5105,2415,418,109,1074,91,142,0,5.96,26.0,28.9,2,0
11,-10,Veenendaal,415,485,84,22,96,5,29,0,11.3,25.6,25.0,2,0
8,-7,Veenendaal,8710,4495,777,138,1343,112,180,0,11.63,17.5,28.8,4,0
8,-8,Veenendaal,2645,1295,224,74,508,46,96,0,4.91,33.0,31.0,1,0
8,-6,Veenendaal,50,35,6,2,199,12,3,0,20.33,36.6,0.0,1,1
2,-4,Woudenberg,2200,1100,171,31,11,1,40,0,1.54,18.0,35.0,1,0
3,-4,Woudenberg,6585,3190,496,102,144,8,132,0,3.41,20.9,31.4,5,0
3,-5,Woudenberg,4810,2440,385,63,198,8,82,0,5.49,16.5,23.2,3,0
4,-4,Woudenberg,70,165,26,0,176,10,0,0,0.0,0.0,19.0,1,0
2,-5,Utrechtse Heuvelrug,840,460,83,13,490,27,17,0,27.84,20.9,36.5,2,0
3,-11,Wijk bij Duurstede,10760,5645,920,134,242,17,174,0,1.86,14.7,24.5,6,0
3,-12,Wijk bij Duurstede,25,105,17,3,0,0,4,0,28.76,17.2,0.0,1,1
2,-10,Wijk bij Duurstede,2885,1575,257,26,181,12,33,0,4.89,10.0,29.0,1,0
2,-9,Wijk bij Duurstede,1800,925,151,17,83,6,22,0,4.99,11.0,29.0,1,0
-8,-8,IJsselstein,17985,8035,1465,550,3570,164,715,0,9.85,39.5,41.8,14,0
-8,-9,IJsselstein,9700,4600,839,155,1482,105,201,0,10.58,17.7,26.6,9,1
-7,-9,IJsselstein,1535,890,162,21,3961,65,28,0,25.76,10.1,22.3,6,4
-9,-8,IJsselstein,3715,1710,312,35,589,46,45,0,12.87,11.1,20.3,2,0
-10,-7,IJsselstein,510,395,72,7,0,0,9,0,13.99,10.0,12.0,1,0
-3,-4,Zeist,15575,7455,1461,652,2234,126,848,0,5.48,45.0,38.5,4,0
-3,-5,Zeist,685,480,94,72,2106,142,94,0,16.01,76.3,34.9,2,0
-4,-4,Zeist,20415,8530,1672,547,6435,255,711,0,12.92,32.9,43.6,9,0
-4,-3,Zeist,4750,3035,595,192,2658,98,249,0,13.39,37.6,64.4,2,0
-2,-5,Zeist,6745,2880,564,360,946,60,468,0,2.76,64.5,53.3,3,0
-2,-6,Utrechtse Heuvelrug,2655,1420,275,43,402,24,55,0,8.98,15.7,29.4,2,0
-2,-4,Zeist,355,205,40,12,11,1,16,0,6.57,31.0,41.0,1,0
-1,-4,Zeist,1885,1065,209,18,172,12,23,0,18.54,8.6,19.6,2,1
-3,-3,Zeist,665,400,78,36,2343,94,47,0,41.72,46.0,63.0,1,0
-4,-2,Zeist,2940,1915,375,78,465,31,102,0,4.03,21.2,33.4,3,0
-5,-1,Zeist,1845,1020,200,50,770,51,65,0,4.37,25.0,15.0,1,0
-7,-7,Nieuwegein,14600,7210,1295,711,4141,254,924,0,8.38,50.5,46.2,7,0
-7,-8,Nieuwegein,15495,6780,1217,612,4646,238,796,0,10.8,51.2,48.4,8,0
-8,-7,Nieuwegein,9470,4350,781,155,1752,108,202,0,9.59,20.8,23.3,4,0
-8,-6,Nieuwegein,8110,3915,703,239,2842,183,310,0,9.53,33.9,29.8,3,0
-6,-8,Nieuwegein,1970,1150,206,50,3165,180,65,0,18.17,20.5,29.0,2,1
-6,-9,Nieuwegein,13650,6045,1085,280,3139,209,364,0,11.33,26.1,42.4,8,1
-6,-10,Vijfheerenlanden,4550,2160,359,157,2364,66,204,0,11.2,42.7,35.7,6,0
-5,-9,Nieuwegein,25,135,24,9,8470,38,12,0,935.09,38.5,0.0,1,1
-6,-7,Nieuwegein,45,35,6,2,3313,56,3,0,26.85,38.5,0.0,1,1
-26,8,Aalsmeer,3605,2350,458,196,2888,200,255,0,14.26,51.1,37.5,3,1
-25,7,Aalsmeer,9740,4985,939,205,2441,109,267,0,13.75,22.0,42.1,2,0
-25,6,Aalsmeer,9260,4740,892,205,670,47,267,0,9.23,23.0,34.0,1,0
-25,8,Aalsmeer,2190,1225,231,13,4747,102,17,0,717.69,5.3,19.1,2,0
-24,8,Aalsmeer,15330,6635,1428,237,2294,156,308,0,10.13,16.5,34.4,5,0
-25,9,Aalsmeer,460,335,63,6,193,18,8,0,4.79,10.0,15.0,1,0
-38,30,Alkmaar,5810,2495,407,127,1802,71,165,0,10.79,36.7,33.7,4,0
-37,30,Alkmaar,10350,5125,794,424,6671,220,551,0,18.32,57.5,67.3,7,1
-38,31,Alkmaar,20330,8300,1286,682,9558,361,886,0,16.77,52.3,42.9,11,0
-37,31,Alkmaar,10245,5040,781,242,9265,135,315,0,30.18,35.5,39.7,6,0
-36,30,Alkmaar,1800,905,140,60,44,2,78,0,4.21,43.0,43.0,1,0
-37,32,Alkmaar,8675,5400,873,167,1907,78,217,0,9.99,14.7,21.1,5,2
-37,29,Alkmaar,0,305,47,17,1915,53,22,0,77.73,35.2,0.0,1,1
-39,31,Alkmaar,6990,2905,450,300,1462,47,389,0,8.43,66.4,53.8,2,0
-39,32,Alkmaar,2435,1330,206,35,1374,70,46,0,18.06,16.0,34.1,2,0
-38,32,Alkmaar,17090,7095,1099,330,3907,167,429,0,12.83,31.9,41.7,7,0
-39,33,Alkmaar,2990,1240,192,40,1160,26,52,0,17.19,21.0,34.0,1,0
-38,33,Alkmaar,13335,6085,943,160,2737,140,208,0,15.42,17.1,34.6,5,0
-39,34,Alkmaar,4790,2320,359,63,425,31,82,0,9.11,17.6,37.8,3,1
-35,31,Dijk en Waard,1965,985,164,6,197,15,8,0,12.01,3.4,9.4,2,0
-35,30,Alkmaar,2100,1250,194,29,282,18,38,0,5.75,15.0,25.0,1,0
-32,29,Alkmaar,1260,705,109,23,104,8,30,0,4.54,21.0,28.0,1,0
-35,28,Alkmaar,655,395,61,5,55,3,6,0,11.25,8.0,12.0,1,0
-34,28,Alkmaar,230,150,23,5,26,2,6,0,5.6,20.0,14.0,1,0
-33,28,Alkmaar,710,425,66,8,48,4,10,0,6.08,12.0,21.0,1,0
-33,27,Alkmaar,85,60,9,0,30,2,0,0,0.0,0.0,3.0,1,0
-33,26,Alkmaar,885,455,70,6,22,2,7,0,2.33,8.0,22.0,1,0
-32,26,Alkmaar,4270,2320,359,29,884,62,37,0,30.44,8.0,24.0,1,0
-33,24,Zaanstad,765,470,74,5,206,14,7,0,41.0,7.2,27.8,2,0
-24,11,Amstelveen,10595,3570,784,412,3909,234,536,0,6.09,56.9,44.3,3,0
-24,10,Amstelveen,9565,4335,1076,329,2304,162,428,0,6.4,27.3,37.4,6,1
-23,10,Amstelveen,19610,6740,1673,1044,7227,509,1358,0,6.48,63.4,49.1,7,0
-23,11,Amsterdam,15380,3725,769,568,1961,115,738,0,4.61,82.1,65.6,6,2
-22,10,Ouder-Amstel,9090,4225,945,197,821,49,256,0,9.71,21.4,35.7,3,0
-23,9,Amstelveen,20395,8090,2008,1228,4828,319,1596,0,4.4,63.1,64.9,9,0
-22,9,Amstelveen,2495,800,199,168,1013,81,218,0,7.87,86.4,80.5,2,0
-22,8,Amstelveen,6020,2575,639,209,1109,82,271,0,5.49,32.9,46.4,2,0
-23,8,Amstelveen,5405,2270,563,192,2105,138,249,0,6.2,34.0,40.8,2,0
-24,9,Amstelveen,8285,5385,1337,834,6290,209,1084,0,8.35,44.4,52.6,5,0
-23,7,Amstelveen,235,340,84,5,317,23,7,0,28.29,6.0,32.0,1,0
-25,15,Amsterdam,43130,9040,1608,1565,6916,401,2034,0,3.42,97.6,70.4,25,0
-25,14,Amsterdam,61425,12995,2311,2259,4066,235,2937,0,2.13,97.9,69.9,35,0
-24,14,Amsterdam,31640,18205,3238,3008,6754,416,3911,0,2.0,94.8,70.1,27,0
-24,15,Amsterdam,20190,6440,1145,1102,3998,260,1433,0,5.52,95.4,77.5,9,1
-24,13,Amsterdam,51995,12550,2232,2096,6963,421,2725,0,3.25,95.9,68.0,25,1
-23,14,Amsterdam,43980,8890,1581,1549,3056,192,2013,0,2.07,98.1,69.9,20,1
-31,17,Amsterdam,5,20,4,3,158,13,4,0,436.7,84.9,0.0,1,1
-30,17,Amsterdam,5,150,27,23,0,0,29,0,2.92,84.9,0.0,1,1
-28,16,Amsterdam,15,215,38,32,1735,30,42,0,14.03,84.9,0.0,2,2
-28,17,Zaanstad,175,130,21,6,321,20,7,0,42.59,3.5,8.0,2,1
-27,16,Amsterdam,75,1765,314,266,7990,351,346,0,20.38,84.9,0.0,4,4
-27,17,Amsterdam,690,50,9,8,606,40,10,0,56.91,84.9,0.0,1,1
-26,16,Amsterdam,8845,3175,565,534,9558,369,694,0,17.73,95.3,58.4,8,5
-26,15,Amsterdam,31160,6475,1152,1138,3371,179,1480,0,2.82,99.2,66.6,14,3
-27,15,Amsterdam,24370,7520,1337,1152,2622,150,1498,0,4.73,85.0,78.3,11,1
-26,14,Amsterdam,40765,8275,1472,1395,2938,174,1814,0,1.97,95.5,71.7,17,1
-25,13,Amsterdam,49335,12275,2183,2119,4448,265,2754,0,3.3,97.9,66.8,22,0
-30,16,Amsterdam,25,50,9,8,1347,21,10,0,4.51,84.9,0.0,1,1
-29,16,Amsterdam,15,35,6,5,2466,87,7,0,91.82,84.9,0.0,1,1
-28,15,Amsterdam,17785,6360,1131,770,2177,84,1001,0,5.58,67.7,69.9,7,0
-29,15,Amsterdam,25,45,8,7,366,23,9,0,9.74,84.9,0.0,1,1
-28,14,Amsterdam,3625,1425,253,169,245,18,220,0,1.64,76.3,79.5,3,0
-28,13,Amsterdam,9335,3860,698,229,4351,166,297,0,14.43,35.6,51.6,4,0
-27,13,Amsterdam,37975,11565,2057,1375,2482,146,1788,0,1.88,70.5,62.5,9,0
-26,13,Amsterdam,31360,7465,1328,991,3457,219,1288,0,4.9,80.4,79.3,12,0
-25,12,Amsterdam,1915,915,163,144,5527,223,187,0,20.1,91.1,59.2,6,3
-27,12,Haarlemmermeer,14375,6855,1399,429,11587,112,558,0,27.43,30.6,28.9,10,0
-26,12,Amsterdam,5990,2305,410,148,6784,209,192,0,27.43,39.1,43.3,5,1
-23,13,Amsterdam,48370,15135,2692,2644,6337,334,3438,0,2.44,97.6,76.6,20,1
-24,12,Amsterdam,23485,8795,1564,1492,7801,587,1939,0,7.51,95.6,66.7,11,0
-23,12,Amsterdam,19735,4615,821,810,4201,200,1054,0,3.12,99.0,72.8,12,3
-23,15,Amsterdam,9470,3085,549,304,555,33,395,0,1.81,57.3,58.3,8,2
-22,14,Amsterdam,16915,3625,645,612,4491,123,796,0,7.38,95.8,74.9,8,1
-22,13,Amsterdam,20225,4835,860,813,1892,106,1057,0,2.16,95.2,66.5,8,0
-21,13,Diemen,7290,2930,631,244,1369,90,318,0,5.53,40.6,56.4,8,2
-21,14,Amsterdam,7855,2070,368,268,338,20,348,0,1.67,73.8,62.5,3,0
-20,13,Amsterdam,18110,5020,893,627,1051,65,815,0,2.95,72.2,50.4,6,0
-22,12,Amsterdam,11725,5435,1127,724,8273,373,942,0,147.08,77.8,63.0,7,3
-21,12,Diemen,28800,8245,1731,1084,246710,346,1409,0,138.92,67.8,59.0,18,0
-27,18,Oostzaan,8520,4335,838,183,6021,152,238,0,28.13,23.6,35.6,5,2
-26,17,Amsterdam,15405,5670,1008,441,1559,83,573,0,5.44,44.9,68.3,9,2
-26,18,Landsmeer,8600,3830,766,189,1137,76,246,0,12.09,24.0,35.5,6,1
-25,16,Amsterdam,16705,4455,792,585,3787,264,760,0,4.79,76.7,68.9,9,1
-25,17,Amsterdam,10340,3600,670,302,6204,89,393,0,16.35,54.8,51.1,4,0
-24,16,Amsterdam,29625,8455,1504,1030,1755,100,1339,0,2.21,71.3,69.0,18,0
-23,16,Amsterdam,12565,3640,647,540,882,48,702,0,1.67,83.3,71.8,6,1
-24,17,Amsterdam,80,35,6,5,88,4,7,0,9.6,84.9,0.0,1,1
-21,15,Amsterdam,830,455,81,11,0,0,15,0,2.98,13.7,14.4,2,0
-18,10,Amsterdam,4270,2005,357,185,685,38,240,0,4.68,45.1,47.1,4,0
-18,11,Amsterdam,6305,2080,370,120,1523,91,157,0,7.01,32.0,23.7,5,1
-17,11,Gooise Meren,1380,625,123,16,407,27,21,0,467.13,10.9,22.7,2,0
-17,10,Amsterdam,12980,5485,975,376,3201,114,488,0,10.05,41.3,41.3,11,1
-21,11,Amsterdam,18650,4135,754,618,10830,565,803,0,12.29,88.6,77.6,9,2
-21,10,Amsterdam,50,2310,411,349,8585,369,453,0,15.22,84.9,0.0,1,1
-20,10,Amsterdam,17415,4565,812,590,7150,410,767,0,23.6,81.4,84.3,9,0
-20,9,Ouder-Amstel,110,545,98,77,7650,133,100,0,88.79,30.9,6.4,3,2
-19,8,De Ronde Venen,8350,4030,786,132,742,58,172,0,8.25,16.9,28.3,4,1
-20,11,Amsterdam,27935,7545,1352,817,3676,188,1063,0,9.03,66.5,68.6,15,1
-19,9,Amsterdam,14530,3900,694,520,782,46,677,0,2.07,79.0,73.5,6,0
-19,10,Amsterdam,9265,3025,538,302,3876,52,392,0,1.48,65.4,46.6,4,1
-18,9,Amsterdam,3385,1125,200,88,136,8,114,0,2.72,44.0,74.0,1,0
-40,33,Bergen (Noord-Holland),9430,5005,891,233,1476,102,303,0,7.0,25.9,37.5,12,0
-41,34,Bergen (Noord-Holland),2875,1645,293,82,561,40,107,0,7.17,27.7,20.8,5,0
-41,33,Bergen (Noord-Holland),355,270,48,3,677,6,4,0,205.22,6.0,13.0,1,0
-43,33,Bergen (Noord-Holland),335,240,43,18,376,23,23,0,21.47,41.0,35.0,1,0
-41,30,Bergen (Noord-Holland),5190,2780,495,154,1698,55,200,0,9.16,32.6,32.3,4,0
-42,30,Bergen (Noord-Holland),1370,710,126,78,300,22,102,0,6.69,62.0,40.0,1,0
-42,31,Bergen (Noord-Holland),715,340,61,17,22,2,22,0,5.55,27.8,26.9,2,0
-40,28,Bergen (Noord-Holland),2505,1365,243,46,0,0,60,0,7.36,19.0,24.0,1,0
-40,30,Bergen (Noord-Holland),675,335,60,1,409,23,2,0,504.5,2.0,19.0,1,0
-39,30,Heiloo,3650,1860,370,102,136,11,133,0,6.92,27.5,15.4,3,0
-41,36,Schagen,755,570,91,7,544,33,10,0,64.95,8.6,11.0,3,0
-44,37,Bergen (Noord-Holland),1785,1060,189,16,275,17,21,0,13.46,8.6,28.6,2,0
-44,38,Schagen,270,170,27,1,0,0,2,0,33.99,5.1,11.8,2,0
-36,22,Beverwijk,27315,12125,1951,1023,2779,147,1330,0,4.05,53.5,56.4,18,0
-36,21,Beverwijk,12100,5525,867,399,3593,132,518,0,9.23,46.2,41.4,9,0
-37,21,Velsen,335,215,34,2,748,49,2,0,6.82,3.1,61.1,3,2
-37,22,Beverwijk,6655,3320,517,117,460,34,153,0,3.96,23.0,21.3,6,0
-38,22,Beverwijk,2155,1135,177,72,122,8,94,0,6.31,41.0,34.0,1,0
-35,21,Beverwijk,880,790,123,38,2000,72,49,0,49.27,24.3,46.9,3,1
-35,20,Beverwijk,25,195,30,12,327,24,16,0,22.67,41.1,0.0,1,1
-35,22,Beverwijk,9805,4560,754,96,1949,76,125,0,16.71,11.9,22.7,5,0
-9,9,Huizen,18365,9035,1903,547,3575,149,711,0,7.88,29.9,44.1,8,0
-9,8,Blaricum,5235,3485,865,44,2864,30,57,0,67.16,5.4,20.9,2,1
-10,8,Laren,860,610,153,15,88,6,19,0,6.33,8.1,9.2,3,1
-35,16,Bloemendaal,4525,2315,540,178,2957,48,231,0,4.5,35.7,28.1,3,0
-35,17,Velsen,5250,2580,504,202,621,47,263,0,2.6,41.0,45.1,7,0
-34,15,Haarlem,29150,10020,1825,801,4027,230,1041,0,7.58,47.2,37.8,14,1
-35,15,Haarlem,2880,1170,205,17,408,30,23,0,12.81,8.3,20.7,2,0
-34,14,Haarlem,14470,6575,1299,339,1993,122,441,0,4.91,29.9,24.1,9,1
-35,14,Zandvoort,1890,1130,229,54,70,6,71,0,1.29,28.2,28.2,3,0
-34,13,Heemstede,1595,830,189,91,317,24,118,0,2.78,46.5,33.6,2,0
-34,11,Bloemendaal,2200,1280,299,49,179,13,64,0,4.23,16.3,40.0,2,0
-33,11,Bloemendaal,6970,3500,810,179,714,54,233,0,5.08,24.5,32.2,8,0
-38,26,Castricum,15875,7275,1382,401,1802,134,521,0,6.65,28.9,24.0,6,0
-37,26,Castricum,2265,1170,222,22,254,20,29,0,7.9,10.0,32.0,1,0
-37,25,Castricum,2905,1405,267,67,645,47,88,0,5.96,25.4,42.2,2,0
-38,25,Castricum,690,380,72,22,410,27,29,0,4.46,31.0,39.0,1,0
-39,26,Castricum,1090,420,80,21,306,24,27,0,7.87,23.4,18.9,2,0
-36,26,Castricum,1680,950,181,25,5868,80,33,0,223.22,14.0,16.0,1,0
-34,25,Castricum,150,95,18,0,41,3,0,0,0.0,0.0,5.0,1,0
-38,27,Castricum,5635,3050,580,99,561,44,129,0,9.63,17.1,17.4,2,0
-20,12,Diemen,410,290,63,23,1951,38,30,0,7.95,7.3,45.5,4,3
-19,12,Diemen,15,15,3,2,2123,56,2,0,481.66,59.0,0.0,1,1
-23,23,Edam-Volendam,11390,4430,966,162,1744,130,211,0,9.12,16.6,26.2,6,0
-24,23,Edam-Volendam,1705,810,177,25,292,16,33,0,12.19,12.9,15.6,3,0
-23,22,Edam-Volendam,7320,2940,641,35,640,50,46,0,15.72,5.6,9.3,5,1
-22,22,Edam-Volendam,6830,2545,555,110,1228,78,143,0,11.84,19.7,28.8,3,0
-22,23,Edam-Volendam,2930,1380,301,79,164,12,103,0,6.28,28.7,22.7,2,0
-29,28,Edam-Volendam,530,340,74,2,0,0,3,0,9.93,3.0,15.0,1,0
-27,27,Edam-Volendam,3625,1980,432,36,406,26,47,0,12.76,8.2,23.6,2,0
-26,24,Purmerend,1980,1175,236,39,637,42,51,0,14.45,14.4,30.1,3,1
-21,35,Enkhuizen,2500,1100,151,61,314,22,79,0,6.31,40.0,44.0,1,0
-22,36,Enkhuizen,9780,4060,558,146,2385,191,190,0,19.34,26.2,46.0,6,1
-22,35,Enkhuizen,2430,1300,183,48,460,36,63,0,9.98,27.6,26.4,6,3
-23,37,Enkhuizen,3045,1400,193,5,2490,41,7,0,313.35,2.9,11.2,2,0
-23,36,Enkhuizen,2100,1070,148,29,166,12,37,0,12.47,18.9,24.5,3,0
-33,15,Haarlem,21270,11245,1919,1158,4122,204,1506,0,4.24,55.9,59.0,12,0
-33,14,Haarlem,21605,8455,1443,838,5350,175,1089,0,6.48,60.1,51.3,15,2
-33,16,Haarlem,1775,755,129,43,716,50,56,0,6.29,33.4,61.4,2,1
-32,15,Haarlem,2845,1770,321,97,1480,34,126,0,17.4,31.6,34.3,6,1
-32,14,Haarlem,12710,4480,765,447,794,58,582,0,1.98,59.2,62.5,7,0
-34,16,Haarlem,32075,11180,1908,705,3748,224,916,0,5.66,37.2,30.1,18,0
-34,17,Haarlem,18145,6990,1193,450,1473,87,585,0,3.45,36.7,36.6,13,1
-34,18,Velsen,13950,6870,1097,227,5644,129,295,0,26.32,21.3,29.6,9,1
-33,17,Haarlemmermeer,3860,1940,388,77,375,28,100,0,4.56,19.8,28.9,2,0
-32,13,Haarlem,19980,7695,1313,845,1124,77,1098,0,1.31,65.5,63.2,12,1
-32,12,Heemstede,6545,3340,720,158,1642,78,205,0,11.27,20.6,40.6,4,0
-31,13,Haarlemmermeer,4400,2365,486,75,508,37,97,0,26.45,15.9,22.4,4,1
-29,10,Haarlemmermeer,13480,8950,1840,779,2090,144,1012,0,4.42,46.2,47.4,4,0
-29,9,Haarlemmermeer,4445,1900,391,196,1731,119,254,0,8.31,43.9,52.0,3,0
-30,10,Haarlemmermeer,27590,12615,2594,594,1683,148,772,0,4.17,22.6,29.6,6,0
-28,9,Haarlemmermeer,430,1150,236,67,6216,349,87,0,68.1,58.7,26.8,3,2
-31,11,Haarlemmermeer,10140,4520,929,168,1970,124,218,0,10.8,18.0,43.0,2,0
-30,11,Haarlemmermeer,730,505,104,3,152,12,4,0,4.69,2.8,11.1,2,0
-31,10,Haarlemmermeer,18205,8270,1700,452,1415,113,587,0,3.37,26.7,31.2,2,0
-30,9,Haarlemmermeer,4570,1905,392,106,477,37,137,0,2.37,27.0,41.0,1,0
-28,8,Haarlemmermeer,300,160,33,6,2548,18,8,0,390.05,19.0,42.0,1,0
-29,7,Haarlemmermeer,3090,1810,372,106,297,15,137,0,47.76,28.3,47.5,3,0
-30,8,Haarlemmermeer,4610,2375,488,162,661,57,210,0,4.63,32.9,31.0,2,0
-30,7,Haarlemmermeer,7550,4065,836,187,6047,95,244,0,5.95,22.6,28.5,4,1
-31,8,Haarlemmermeer,16505,7500,1542,267,1244,98,347,0,5.33,17.2,25.7,2,0
-30,15,Haarlemmermeer,8450,4345,893,246,1474,77,320,0,6.71,27.6,33.3,6,0
-29,14,Haarlemmermeer,2160,1110,228,52,242,14,68,0,3.02,23.7,12.6,2,0
-29,13,Haarlemmermeer,340,620,127,34,865,31,45,0,28.0,24.9,46.5,2,0
-27,11,Haarlemmermeer,245,490,101,16,22,2,21,0,1.62,13.9,21.1,2,1
-26,11,Haarlemmermeer,835,295,61,4,908,25,5,0,487.55,13.4,6.5,2,1
-26,9,Haarlemmermeer,160,220,45,1,5375,50,2,0,841.95,3.0,11.0,1,0
-27,9,Haarlemmermeer,35,35,7,2,900,39,3,0,306.06,30.0,75.0,1,0
-27,8,Haarlemmermeer,40,45,9,2,176,14,3,0,69.34,24.4,0.0,1,1
-27,7,Haarlemmermeer,4415,2655,546,53,268,21,69,0,6.08,11.1,39.7,4,0
-28,6,Haarlemmermeer,335,205,42,4,930,20,5,0,225.88,10.0,22.0,1,0
-28,5,Kaag en Braassem,2145,1275,233,18,247,22,23,0,8.23,7.7,29.9,3,0
-30,5,Haarlemmermeer,1170,685,141,7,63,5,9,0,9.02,4.9,35.4,2,0
-31,5,Haarlemmermeer,480,265,54,9,66,4,11,0,8.05,16.0,19.0,1,0
-29,4,Kaag en Braassem,785,435,79,6,0,0,8,0,3.53,8.3,17.1,2,0
-32,7,Lisse,18165,9445,1605,444,1120,90,577,0,6.93,29.0,33.5,11,0
-31,6,Haarlemmermeer,170,155,32,3,0,0,4,0,2.41,9.0,18.0,1,0
-32,9,Hillegom,12375,6255,1041,280,1045,81,364,0,4.06,28.3,33.8,12,0
-32,11,Haarlemmermeer,2185,1280,263,17,74,6,22,0,5.83,6.4,14.1,2,0
-31,12,Haarlemmermeer,95,30,6,0,181,14,1,0,140.8,8.0,8.0,1,0
-31,16,Haarlemmermeer,75,140,29,3,22,2,4,0,6.39,12.0,73.0,1,0
-36,23,Heemskerk,16030,7535,1326,505,4160,132,656,0,10.27,38.7,50.2,14,1
-37,23,Heemskerk,8385,4625,814,137,3405,80,178,0,14.78,17.8,23.2,7,0
-37,24,Heemskerk,775,425,75,18,241,15,24,0,7.11,29.6,29.0,4,1
-36,24,Heemskerk,5095,2560,444,69,1494,106,90,0,11.47,15.7,24.3,2,0
-35,23,Uitgeest,2330,1225,210,43,958,55,56,0,23.92,19.0,17.0,2,1
-33,13,Heemstede,14300,6815,1521,599,2183,170,779,0,3.69,39.2,32.6,6,0
-33,12,Heemstede,4000,2025,452,117,935,69,152,0,6.51,25.9,32.7,3,0
-38,29,Heiloo,7175,3295,662,142,1284,88,184,0,8.31,23.2,26.3,6,0
-39,29,Heiloo,6895,3235,650,187,2357,47,243,0,11.68,29.0,34.7,4,0
-38,28,Heiloo,4185,2160,434,113,1605,73,147,0,11.1,24.9,25.4,3,0
-37,28,Heiloo,1785,1060,213,51,190,14,67,0,4.96,24.0,24.7,3,2
-48,52,Den Helder,12910,5650,834,257,874,57,334,0,4.33,31.5,41.5,9,0
-47,52,Den Helder,1365,635,94,52,295,20,67,0,3.98,57.2,52.9,3,1
-47,51,Den Helder,11945,5595,826,241,917,57,314,0,4.19,28.7,55.8,12,2
-49,52,Den Helder,0,25,4,1,52,4,1,0,2.13,24.9,0.0,1,1
-49,51,Den Helder,585,365,54,9,0,0,11,0,6.04,16.0,13.0,1,0
-48,51,Den Helder,9300,3830,565,189,625,42,246,0,3.49,35.4,67.2,11,0
-47,50,Den Helder,2635,1225,181,31,256,18,40,0,3.88,23.8,40.3,3,0
-46,50,Den Helder,2470,1255,185,18,381,26,24,0,13.25,9.6,46.0,5,1
-46,48,Den Helder,4230,2155,318,40,304,20,52,0,6.71,12.9,28.0,3,0
-45,49,Den Helder,45,105,15,2,133,5,3,0,64.87,13.0,25.0,1,0
-45,47,Den Helder,1065,395,58,21,155,14,27,0,7.94,37.5,45.2,2,1
-48,49,Den Helder,115,70,10,0,82,6,0,0,264.83,3.0,19.0,1,0
-47,48,Den Helder,1230,800,118,1,218,11,1,0,255.13,0.6,3.9,2,0
-46,47,Den Helder,8450,4685,691,43,398,27,56,0,9.65,6.2,14.6,6,0
-10,5,Hilversum,24660,9325,1695,685,4369,213,890,0,5.96,42.6,42.0,9,0
-10,4,Hilversum,19610,8265,1503,486,1814,138,632,0,5.08,32.0,38.0,7,0
-11,5,Hilversum,5510,2675,486,235,863,59,306,0,3.09,45.9,31.1,4,1
-11,6,Hilversum,9600,4260,774,428,2443,98,556,0,6.2,57.9,51.5,4,1
-12,5,Hilversum,75,180,33,13,424,28,17,0,7.24,39.9,0.0,1,1
-11,4,Hilversum,10315,4645,844,465,1846,110,605,0,3.99,55.3,55.1,2,0
-9,4,Hilversum,5045,1945,354,213,3170,177,276,0,14.82,62.8,56.0,3,0
-9,5,Hilversum,12775,4835,879,216,1012,68,281,0,4.19,24.3,44.7,3,0
-10,6,Hilversum,1620,680,124,10,371,27,13,0,13.14,8.0,57.0,1,0
-13,8,Hilversum,6250,3205,612,55,305,22,71,0,4.52,8.5,32.1,3,0
-12,7,Gooise Meren,245,245,50,15,670,10,20,0,41.88,30.1,5.4,2,1
-10,2,Hilversum,380,180,33,13,0,0,17,0,15.43,40.0,60.0,1,0
-27,31,Hoorn,4925,2290,380,198,571,42,257,0,4.38,52.9,50.7,3,0
-28,32,Hoorn,10130,4045,671,355,7717,150,462,0,26.18,52.8,63.5,12,1
-27,32,Hoorn,13825,5505,914,276,1485,104,359,0,5.74,32.7,49.0,13,0
-28,31,Hoorn,4965,2280,378,88,416,30,114,0,4.37,22.9,32.7,6,0
-28,33,Hoorn,13300,6670,1107,236,2340,112,307,0,10.53,19.9,34.1,12,1
-29,33,Hoorn,3840,1800,299,48,434,31,62,0,7.15,16.6,29.9,4,0
-27,33,Hoorn,10985,4900,813,134,1402,100,175,0,10.0,16.3,26.9,12,1
-28,34,Hoorn,3590,1735,288,29,1389,72,38,0,42.77,9.8,13.0,4,1
-26,32,Hoorn,10070,5035,836,66,1177,87,85,0,16.8,7.0,14.5,5,1
-11,10,Huizen,6005,3130,580,107,1769,73,139,0,12.2,18.7,36.4,2,0
-10,9,Huizen,8860,4295,796,243,1439,110,316,0,6.16,31.5,40.5,7,2
-12,9,Gooise Meren,2100,1155,236,69,1542,57,90,0,18.2,31.1,24.9,3,0
-11,9,Huizen,1140,785,145,2,181,8,3,0,5.46,1.6,3.3,4,0
-11,8,Gooise Meren,7675,3810,780,286,877,73,372,0,3.07,37.3,33.7,7,0
-10,10,Huizen,7815,4130,765,199,1614,120,259,0,7.39,25.2,45.8,4,0
-11,11,Huizen,45,120,22,20,0,0,26,0,10.24,91.0,94.0,1,0
-9,10,Huizen,5655,3035,562,120,357,26,156,0,1.85,21.3,29.5,3,0
-27,21,Landsmeer,405,235,50,7,22,2,8,0,1.43,13.0,21.0,1,0
-25,18,Landsmeer,3085,1300,278,28,554,40,36,0,12.13,10.0,59.0,1,0
-9,6,Laren,1865,1160,291,29,8152,73,38,0,217.19,11.7,15.3,4,1
-10,7,Laren,1485,870,218,74,243,17,96,0,1.69,37.0,34.7,2,0
-30,40,Medemblik,5405,2760,409,124,1191,49,161,0,11.93,30.0,41.6,4,0
-30,39,Medemblik,3225,1570,233,22,407,24,29,0,20.29,9.4,42.6,4,1
-29,39,Medemblik,415,295,44,1,48,4,1,0,4.51,0.8,12.2,3,2
-31,39,Medemblik,1985,1050,156,22,1852,16,29,0,82.9,14.5,35.9,2,0
-31,38,Medemblik,1075,685,102,9,56,4,11,0,10.39,8.4,26.1,2,0
-32,38,Medemblik,2225,1335,198,10,700,4,13,0,85.39,5.0,26.0,3,0
-31,36,Medemblik,1410,805,119,4,1280,6,5,0,23.68,2.9,25.2,3,0
-32,36,Medemblik,275,180,27,2,0,0,2,0,2.96,7.0,12.0,1,0
-30,34,Medemblik,5810,2930,434,72,308,26,93,0,4.57,16.4,22.0,5,0
-29,34,Medemblik,890,520,77,0,30,2,0,0,0.01,0.3,11.4,3,0
-29,35,Medemblik,2585,1345,199,16,508,16,21,0,30.58,8.2,23.8,2,0
-29,36,Medemblik,2290,1285,190,27,191,13,35,0,6.72,14.0,34.0,1,0
-29,37,Medemblik,865,515,76,5,59,6,6,0,12.04,6.8,18.8,2,0
-27,36,Medemblik,855,575,85,27,22,1,35,0,25.07,10.1,19.5,2,0
-27,35,Medemblik,445,270,40,0,26,2,1,0,44.33,1.0,8.0,1,0
-27,37,Medemblik,4490,2145,318,34,342,23,44,0,9.0,10.2,33.9,3,0
-27,38,Medemblik,3265,1930,286,48,34,2,63,0,3.53,17.3,31.4,2,0
-28,38,Medemblik,1440,790,117,4,128,10,5,0,22.33,3.3,18.5,2,1
-25,38,Medemblik,3795,1935,287,46,421,21,60,0,9.73,16.3,37.3,3,0
-24,38,Medemblik,600,380,56,1,22,1,1,0,39.22,1.0,5.0,1,0
-26,39,Medemblik,875,525,78,2,48,4,3,0,7.79,3.0,5.0,1,0
-26,38,Medemblik,35,15,2,0,22,2,0,0,308.86,12.9,0.0,1,1
-34,36,Opmeer,3400,1900,245,30,898,28,39,0,15.1,12.3,29.6,12,2
-33,35,Opmeer,3350,1750,226,38,386,24,49,0,16.89,15.3,21.5,10,0
-33,36,Opmeer,2125,1165,150,29,781,19,38,0,19.52,21.0,22.0,5,2
-34,37,Opmeer,1485,1085,140,27,59,5,35,0,17.9,20.8,20.8,5,0
-34,38,Opmeer,440,275,35,4,34,2,5,0,8.65,11.2,26.4,3,0
-33,38,Opmeer,125,65,8,1,30,2,1,0,19.6,9.0,4.0,1,0
-32,37,Opmeer,685,460,59,2,134,12,2,0,20.96,3.0,20.0,1,0
-22,11,Ouder-Amstel,65,70,15,2,363,22,2,0,21.39,10.0,33.0,1,0
-20,8,Ouder-Amstel,140,75,17,1,182,9,1,0,275.23,4.0,25.0,1,0
-27,23,Purmerend,17880,7480,1395,765,2006,134,995,0,3.57,55.0,50.2,7,0
-27,24,Purmerend,5685,2670,498,279,1359,84,362,0,2.41,56.0,37.0,1,0
-26,23,Purmerend,19645,8125,1515,525,4514,127,683,0,10.93,36.8,56.2,6,0
-26,22,Purmerend,21980,10460,1950,383,2611,175,498,0,7.49,20.0,33.7,4,0
-25,22,Purmerend,3020,1305,243,24,488,26,32,0,6.46,10.6,21.9,2,0
-25,24,Purmerend,120,860,160,72,56,4,94,0,50.69,45.0,36.0,1,0
-27,22,Purmerend,13930,6235,1162,250,1940,125,324,0,8.12,21.7,24.3,3,0
-29,25,Purmerend,5740,2900,541,76,321,21,98,0,6.03,14.0,31.0,1,0
-31,26,Purmerend,775,450,84,6,350,38,8,0,64.14,7.0,13.0,1,0
-43,42,Schagen,1745,970,146,17,155,8,21,0,9.37,11.1,29.8,2,0
-45,43,Schagen,200,125,19,1,33,2,1,0,58.46,3.0,25.0,1,0
-40,40,Schagen,2010,1265,190,24,254,14,31,0,12.26,13.8,29.9,4,2
-43,38,Schagen,390,220,33,3,34,2,4,0,14.96,9.0,21.0,1,0
-42,38,Schagen,465,275,41,5,0,0,6,0,2.41,11.5,16.7,2,0
-42,40,Schagen,1020,620,93,5,188,16,6,0,40.13,5.3,24.7,2,0
-41,39,Schagen,455,280,42,3,47,4,4,0,7.93,7.7,10.3,2,0
-41,37,Schagen,5415,2895,436,65,464,31,85,0,10.99,15.7,27.0,7,1
-42,37,Schagen,130,115,17,2,88,6,2,0,14.12,9.0,8.0,1,0
-40,37,Schagen,320,165,25,1,0,0,2,0,9.88,6.0,10.0,1,0
-41,38,Schagen,3530,1855,279,38,230,16,50,0,7.23,14.0,30.3,3,1
-38,37,Schagen,2760,1550,233,33,212,13,43,0,6.48,14.1,17.3,2,0
-40,38,Schagen,1690,1060,160,20,228,14,26,0,12.45,11.2,22.8,3,0
-42,44,Schagen,490,315,47,9,44,2,12,0,4.64,20.0,30.0,1,0
-41,41,Schagen,12900,6275,945,275,2676,122,357,0,9.37,29.1,40.6,8,0
-45,40,Schagen,1065,625,94,7,169,11,9,0,22.32,7.4,30.2,2,0
-45,39,Schagen,585,330,50,1,118,6,1,0,154.37,3.8,12.7,2,0
-45,41,Schagen,95,75,11,2,556,40,2,0,334.63,16.2,0.0,2,2
-43,40,Schagen,735,460,69,2,60,4,3,0,27.58,3.2,5.8,2,0
-44,44,Schagen,2330,1315,198,28,125,12,36,0,5.2,14.9,31.0,3,0
-44,45,Schagen,70,30,5,0,22,2,1,0,6.44,10.0,40.0,1,0
-45,44,Schagen,335,225,34,4,0,0,5,0,13.52,10.5,25.8,2,0
-44,41,Schagen,580,295,44,1,66,4,1,0,81.05,2.4,24.4,3,0
-46,44,Schagen,1825,1100,166,11,457,29,15,0,35.86,6.9,31.9,3,1
-46,45,Schagen,255,170,26,6,44,2,8,0,10.35,25.0,27.0,1,0
-46,46,Schagen,225,100,15,1,11,1,1,0,12.22,6.0,10.0,1,0
-41,40,Schagen,980,520,78,9,64,4,12,0,7.77,11.4,27.7,2,1
-42,41,Schagen,2300,1225,184,17,427,25,22,0,19.77,4.7,29.5,3,0
-41,42,Schagen,1390,600,90,15,34,2,20,0,22.49,17.3,15.6,2,0
-40,41,Schagen,125,105,16,0,11,1,0,0,0.0,0.0,9.0,1,0
-49,58,Texel,6675,3255,400,100,182,12,130,0,7.29,25.0,41.0,1,0
-52,61,Texel,1040,615,76,26,629,8,34,0,25.05,35.0,34.0,1,0
-48,60,Texel,945,510,63,6,45,3,7,0,7.99,9.0,21.0,1,0
-49,59,Texel,205,125,15,2,34,2,2,0,20.14,11.0,23.0,1,0
-47,57,Texel,1355,745,91,9,484,14,12,0,52.87,10.0,18.0,1,0
-50,56,Texel,415,235,29,5,22,2,6,0,4.77,16.0,26.0,1,0
-48,58,Texel,965,590,72,9,44,2,11,0,5.08,12.0,18.0,1,0
-51,61,Texel,485,315,39,11,11,1,15,0,1.97,29.0,40.0,1,0
-50,65,Texel,550,290,36,6,0,0,7,0,17.02,16.0,28.0,1,0
-36,25,Uitgeest,3800,2040,349,36,736,51,47,0,19.57,10.1,35.3,2,0
-35,24,Uitgeest,4850,2385,407,111,430,27,145,0,7.57,27.3,28.8,2,0
-22,5,Uithoorn,7050,3740,738,202,473,35,263,0,2.57,27.7,30.3,2,0
-23,6,Uithoorn,11945,5445,1075,293,1425,106,381,0,4.44,27.3,43.3,2,0
-22,6,Uithoorn,8845,4825,951,293,811,52,381,0,3.19,37.3,45.4,3,0
-24,6,Uithoorn,4210,2160,426,58,855,38,75,0,6.87,13.5,27.7,2,0
-24,7,Uithoorn,225,160,32,0,1368,77,0,0,0.0,0.0,72.0,1,0
-25,5,Uithoorn,275,270,53,0,1458,80,0,0,0.0,0.0,39.0,1,0
-24,5,Uithoorn,115,70,14,0,22,2,0,0,0.0,0.0,19.0,1,0
-36,20,Velsen,6355,2975,475,149,881,50,193,0,8.85,32.4,42.1,6,0
-35,19,Velsen,4325,2580,412,89,649,44,116,0,5.41,23.4,21.7,4,0
-36,19,Velsen,3680,1990,317,64,796,26,84,0,5.73,21.2,12.6,5,0
-37,20,Velsen,17235,7680,1225,566,2159,104,736,0,4.71,47.3,54.8,12,0
-38,20,Velsen,265,495,79,62,1412,87,80,0,18.28,78.0,39.0,1,0
-37,19,Velsen,5380,2240,357,270,1430,42,351,0,5.02,75.1,71.6,4,0
-38,19,Velsen,3220,1510,241,147,34,2,191,0,2.59,62.6,57.3,2,0
-35,18,Velsen,7200,3675,586,142,1236,81,184,0,7.13,23.7,22.0,8,0
-36,18,Velsen,55,40,6,3,17,1,4,0,6.52,47.0,38.0,1,0
-34,19,Velsen,50,30,5,0,397,18,0,0,1661.92,5.0,14.0,1,0
-33,18,Velsen,320,175,28,2,70,7,2,0,32.81,6.0,20.0,1,0
-37,15,Zandvoort,7475,3255,567,333,1211,82,433,0,3.73,58.8,57.5,6,0
-36,14,Zandvoort,2475,1030,179,69,309,26,90,0,2.89,40.7,36.9,3,0
-37,14,Zandvoort,6485,3120,544,283,563,36,369,0,2.96,52.9,38.5,4,0
-28,18,Zaanstad,13515,5100,812,407,1349,92,529,0,7.68,51.7,59.8,7,0
-29,19,Zaanstad,26185,9605,1530,776,5036,235,1009,0,6.04,51.1,55.9,8,0
-28,19,Zaanstad,8885,3130,499,294,5409,51,382,0,15.29,62.3,69.4,3,0
-30,20,Zaanstad,16480,7000,1115,398,4480,138,517,0,12.7,36.4,38.1,6,0
-30,21,Zaanstad,2775,1400,223,60,4116,28,78,0,74.2,27.8,39.5,3,0
-29,20,Zaanstad,3800,1755,280,81,1295,54,105,0,9.25,29.0,44.0,1,0
-29,18,Zaanstad,4100,1930,307,146,3502,249,189,0,19.46,53.9,50.0,5,2
-30,19,Zaanstad,12770,5205,829,263,3033,194,342,0,13.42,33.7,35.4,4,0
-30,18,Zaanstad,3345,1590,253,21,2150,68,28,0,65.53,8.2,27.3,3,0
-31,20,Zaanstad,2630,1200,191,32,519,37,42,0,14.42,17.0,37.0,1,0
-31,21,Zaanstad,8520,3750,597,186,1217,85,242,0,5.5,31.6,46.8,3,0
-31,22,Wormerland,12020,7905,1292,460,1283,84,598,0,3.36,35.7,44.8,4,0
-32,22,Zaanstad,11700,5285,859,328,939,63,427,0,4.06,40.0,48.2,4,0
-32,23,Wormerland,1010,875,143,3,426,33,4,0,24.32,1.8,18.3,2,0
-33,23,Zaanstad,6030,2960,472,156,1877,106,202,0,9.54,36.5,49.7,4,0
-33,22,Zaanstad,21320,9480,1510,243,4779,191,315,0,20.14,15.8,25.6,9,0
-34,23,Zaanstad,6430,2860,456,184,750,16,239,0,6.07,40.4,51.9,2,0
-34,24,Zaanstad,480,245,39,1,28,2,2,0,23.91,3.0,8.0,1,0
-33,21,Zaanstad,6130,3115,496,69,204,12,90,0,9.0,14.0,37.0,1,0
-32,21,Zaanstad,2965,1645,262,35,142,11,45,0,9.09,13.3,26.4,3,0
-31,19,Zaanstad,660,425,68,3,41,3,4,0,3.26,5.0,11.0,1,0
-16,-18,Alblasserdam,13960,6035,882,261,2378,161,339,0,10.49,30.5,38.8,14,1
-16,-19,Hendrik-Ido-Ambacht,8670,4145,774,286,1998,126,371,0,9.42,38.2,33.4,5,0
-17,-18,Alblasserdam,3790,1670,244,74,815,60,96,0,7.0,30.4,39.0,5,0
-15,-19,Alblasserdam,1010,1045,154,33,5142,73,43,0,127.31,7.5,8.4,6,3
-15,-20,Hendrik-Ido-Ambacht,6060,2795,536,96,1046,69,125,0,13.8,17.4,29.2,5,3
-15,-18,Molenlanden,180,140,20,2,11,1,3,0,5.55,13.7,11.1,3,2
-26,0,Alphen aan den Rijn,2920,1670,307,115,475,27,149,0,4.33,39.3,50.7,5,0
-26,1,Kaag en Braassem,1200,685,122,31,156,13,41,0,6.9,26.2,30.8,2,0
-25,0,Alphen aan den Rijn,22090,9950,1826,809,3603,255,1052,0,4.89,46.0,41.7,16,0
-25,-1,Alphen aan den Rijn,15275,7185,1319,842,4028,263,1094,0,5.35,62.7,53.6,10,0
-24,0,Alphen aan den Rijn,5005,2365,434,85,611,42,111,0,6.26,19.3,27.1,4,1
-24,-1,Alphen aan den Rijn,4515,1965,361,184,919,65,239,0,3.34,52.0,41.3,3,1
-26,-1,Alphen aan den Rijn,1900,1065,195,45,694,33,59,0,7.26,25.8,35.0,3,0
-24,-2,Alphen aan den Rijn,12940,6280,1153,320,4023,210,416,0,13.1,27.8,14.7,9,2
-23,-2,Alphen aan den Rijn,800,555,102,12,34,2,16,0,2.22,12.0,19.0,1,0
-23,-3,Alphen aan den Rijn,320,190,35,1,11,1,1,0,26.73,2.6,10.2,2,0
-25,-2,Alphen aan den Rijn,8275,4110,754,167,2763,174,217,0,15.4,20.6,22.8,7,2
-24,-3,Alphen aan den Rijn,3025,1480,272,4,79,6,5,0,7.24,1.4,1.4,3,1
-27,-5,Zoetermeer,24290,11490,2324,685,2025,176,890,0,3.75,29.6,37.4,4,0
-26,-5,Alphen aan den Rijn,170,220,40,3,298,26,4,0,73.78,8.0,15.0,1,0
-23,0,Alphen aan den Rijn,390,240,44,4,101,6,6,0,10.41,10.0,17.0,1,0
-22,0,Alphen aan den Rijn,115,75,13,1,604,43,1,0,67.31,5.1,4.9,2,1
-22,-1,Alphen aan den Rijn,520,285,52,5,34,2,7,0,19.23,10.0,44.0,1,0
-22,-4,Alphen aan den Rijn,585,395,73,0,11,1,0,0,41.7,0.6,5.0,2,0
-24,-4,Alphen aan den Rijn,600,320,59,1,92,8,1,0,1.58,1.0,6.0,1,0
-23,-5,Alphen aan den Rijn,10535,4855,891,322,2031,147,419,0,6.09,36.2,42.6,6,0
-23,-4,Alphen aan den Rijn,2240,1185,218,39,11,1,51,0,6.11,18.0,20.0,1,0
-22,-5,Alphen aan den Rijn,1370,725,133,27,291,21,36,0,3.76,20.7,32.6,2,0
-24,-5,Alphen aan den Rijn,990,485,89,22,1074,11,29,0,48.5,25.0,40.0,1,0
-21,-3,Alphen aan den Rijn,1310,755,137,19,130,9,25,0,10.89,14.1,35.0,2,0
-22,-3,Alphen aan den Rijn,835,215,39,2,175,12,3,0,32.81,19.4,15.2,2,1
-25,-3,Alphen aan den Rijn,730,440,81,0,34,2,0,0,0.0,0.0,8.0,1,0
-26,-4,Alphen aan den Rijn,3115,1585,291,20,566,40,26,0,36.75,7.0,33.7,2,0
-25,-4,Alphen aan den Rijn,760,615,113,24,0,0,31,0,3.71,21.0,22.0,1,0
-28,-1,Alphen aan den Rijn,965,515,95,18,276,18,23,0,11.45,19.0,27.0,1,0
-27,-1,Alphen aan den Rijn,6970,3585,658,125,1248,96,163,0,12.09,19.0,36.2,4,0
-20,-19,Barendrecht,16680,7620,1685,460,2707,223,598,0,8.02,27.0,32.4,17,0
-19,-19,Ridderkerk,5805,3405,656,80,2393,105,104,0,37.2,10.9,21.0,8,4
-19,-20,Barendrecht,6260,3185,663,128,734,62,167,0,7.69,19.6,22.3,9,1
-21,-19,Barendrecht,17005,8270,1829,619,5718,324,804,0,9.21,34.2,31.1,13,4
-22,-19,Albrandswaard,11280,5260,1174,247,2054,171,322,0,12.58,20.6,25.4,10,1
-22,-18,Rotterdam,15845,5320,869,580,2528,198,754,0,3.91,70.6,72.7,3,0
-21,-18,Rotterdam,15050,5100,812,575,1702,136,747,0,4.02,73.0,70.9,3,2
-20,-18,Barendrecht,250,745,154,71,15449,162,92,0,201.68,28.6,29.8,5,3
-20,-20,Barendrecht,2025,1230,272,80,411,35,104,0,6.33,29.1,30.3,4,2
-25,35,Drechterland,8550,3965,625,102,2061,49,133,0,20.72,16.4,29.5,8,1
-27,34,Drechterland,195,105,17,0,11,1,1,0,1.71,3.0,6.0,1,0
-26,33,Drechterland,1545,895,141,6,74,4,7,0,13.02,4.0,19.0,1,0
-23,33,Drechterland,2900,1510,238,43,257,20,56,0,5.37,18.0,35.0,1,0
-23,34,Drechterland,1600,845,131,1,184,11,1,0,3.5,0.7,10.0,2,0
-24,31,Drechterland,1335,830,131,9,28,2,12,0,7.58,7.0,21.0,1,0
-25,31,Drechterland,840,505,80,2,922,8,2,0,579.19,2.0,12.0,1,0
-24,33,Drechterland,1425,845,133,14,88,5,18,0,9.24,10.6,22.5,2,0
-23,32,Drechterland,320,235,37,1,44,2,1,0,0.95,2.0,12.0,2,0
-21,-16,Rotterdam,6120,3000,472,245,2359,139,319,0,8.16,52.0,31.0,3,2
-21,-15,Capelle aan den IJssel,13470,5955,1103,408,5427,241,530,0,12.95,39.3,30.8,14,2
-21,-14,Capelle aan den IJssel,16415,6575,1218,762,2024,169,990,0,4.12,65.3,48.4,16,0
-20,-15,Krimpen aan den IJssel,14655,6430,1017,390,2787,187,507,0,6.55,38.5,43.0,3,0
-20,-14,Capelle aan den IJssel,17720,7755,1383,547,1291,110,711,0,3.86,41.2,43.6,15,0
-21,-13,Capelle aan den IJssel,11635,4660,863,565,1584,113,735,0,3.84,69.5,65.6,11,1
-22,-13,Rotterdam,17785,7195,1224,705,9592,497,917,0,14.24,61.0,53.2,7,0
-22,-12,Rotterdam,19065,8170,1343,596,13103,383,775,0,19.56,46.2,53.0,11,5
-22,-15,Rotterdam,16795,6910,1120,705,8518,453,916,0,13.67,66.4,54.3,7,2
-31,-9,Delft,34280,9200,1659,1043,3976,345,1356,0,4.65,65.5,55.7,21,0
-32,-8,Rijswijk,7200,2860,547,220,3310,127,286,0,13.92,41.4,37.3,8,2
-31,-8,Den Haag,6505,2630,478,110,2024,133,143,0,20.71,24.3,53.5,6,3
-30,-9,Delft,14435,4985,1055,386,4574,182,502,0,10.03,44.2,51.6,11,2
-32,-9,Delft,20485,8115,1493,596,11787,295,775,0,21.87,41.9,36.9,9,0
-31,-10,Delft,31310,8890,1603,1279,3188,221,1663,0,2.78,83.3,71.2,19,0
-31,-11,Delft,6250,2765,499,196,874,74,255,0,4.03,41.1,42.0,6,1
-30,-11,Delft,7975,3345,603,248,1381,110,322,0,6.45,40.7,50.2,8,1
-30,-10,Delft,4905,1040,188,108,1386,94,140,0,28.95,74.4,88.5,9,5
-29,-11,Delft,105,55,10,4,5460,28,5,0,32.2,26.9,28.2,2,1
-15,-21,Zwijndrecht,24635,11490,1976,737,3674,246,958,0,5.91,38.3,38.0,23,0
-14,-22,Dordrecht,24320,9250,1474,756,4749,333,983,0,6.03,52.9,46.6,28,0
-14,-21,Papendrecht,17590,7595,1283,669,2416,167,870,0,4.63,52.5,47.1,17,0
-14,-23,Dordrecht,12515,5225,833,411,3525,220,535,0,9.9,50.9,56.0,13,1
-13,-22,Dordrecht,11030,4645,740,174,2480,146,226,0,8.79,25.3,28.4,11,1
-13,-23,Dordrecht,13720,5430,865,585,2874,186,761,0,4.76,68.6,64.0,7,1
-13,-21,Papendrecht,5075,2880,490,246,1818,122,320,0,7.98,53.9,29.4,7,2
-12,-22,Dordrecht,15050,6900,1099,320,2664,189,415,0,10.81,29.6,33.2,8,0
-12,-21,Sliedrecht,5070,2280,327,72,1084,60,93,0,83.27,21.4,18.4,6,2
-13,-24,Dordrecht,15275,7205,1148,320,8586,285,416,0,19.14,29.0,21.6,9,1
-12,-24,Dordrecht,1325,565,90,24,465,34,31,0,8.09,28.9,31.6,2,0
-13,-25,Dordrecht,1765,770,123,8,50,4,10,0,379.61,6.1,7.0,2,1
-12,-23,Dordrecht,12050,5790,923,185,2076,129,240,0,14.64,20.5,28.2,9,3
-11,-23,Dordrecht,3040,1545,246,25,618,45,32,0,10.17,10.0,15.9,3,0
-15,-22,Zwijndrecht,8365,11530,1845,788,4549,169,1024,0,6.02,45.8,50.4,19,4
-15,-23,Dordrecht,240,430,71,12,621,40,16,0,41.37,7.2,11.7,3,2
-14,-24,Dordrecht,370,620,99,29,4663,178,38,0,116.73,3.7,5.6,4,3
-14,-25,Dordrecht,10,300,48,20,254,14,26,0,35.15,41.2,0.0,1,1
-13,-26,Dordrecht,5,25,4,2,2908,10,2,0,1753.7,41.2,0.0,1,1
-10,-21,Sliedrecht,8420,4515,642,233,1671,114,303,0,7.48,39.4,44.5,9,3
-11,-22,Dordrecht,0,5,1,0,154,8,0,0,577.22,41.2,0.0,1,1
-12,-27,Dordrecht,390,275,44,4,0,0,6,0,574.18,10.0,23.0,1,0
-4,-20,Gorinchem,14175,6895,1106,218,2272,193,283,0,13.22,19.2,39.7,8,2
-4,-21,Gorinchem,3820,1740,279,215,374,26,279,0,2.27,77.0,60.0,1,0
-5,-20,Gorinchem,15030,6245,1001,547,8306,157,711,0,14.94,55.7,60.8,6,1
-6,-20,Molenlanden,1220,860,121,14,673,32,18,0,51.96,7.6,19.9,5,4
-3,-21,Gorinchem,1625,840,135,0,323,27,0,0,0.0,0.0,8.3,2,0
-3,-20,Gorinchem,3825,1790,287,53,5502,97,69,0,94.68,18.5,26.7,3,1
-4,-19,West Betuwe,1025,1125,180,12,70,7,16,0,28.74,3.5,21.9,2,0
-5,-19,Gorinchem,165,85,14,2,377,24,2,0,98.39,9.3,6.1,3,2
-19,-9,Gouda,24175,8705,1411,614,4225,298,799,0,6.55,44.1,49.0,11,0
-20,-9,Gouda,3665,1815,294,72,2836,103,93,0,23.37,20.7,30.0,7,2
-19,-10,Gouda,690,335,57,5,145,12,7,0,2.17,6.1,42.3,3,2
-20,-8,Gouda,13720,5625,912,486,7783,162,632,0,20.28,51.4,49.6,9,0
-20,-7,Gouda,10235,4590,766,111,2200,93,144,0,17.61,12.0,28.3,7,0
-19,-8,Gouda,10640,4180,679,285,1015,74,371,0,4.12,44.1,41.5,7,0
-18,-9,Gouda,15610,6240,1012,311,1346,111,404,0,4.69,32.7,36.6,13,1
-37,-2,Den Haag,8385,2970,542,433,2702,224,563,0,5.05,80.0,39.0,1,0
-36,-3,Den Haag,7300,3145,574,345,3805,327,449,0,10.86,58.7,27.8,4,0
-35,-4,Den Haag,16620,6540,1193,900,11826,974,1171,0,10.33,75.6,48.0,6,0
-35,-3,Den Haag,5190,2350,433,367,3275,279,477,0,7.67,86.0,31.1,3,0
-37,-3,Den Haag,23635,8205,1497,1222,7114,610,1589,0,6.69,81.3,50.6,6,0
-37,-4,Den Haag,11280,4405,804,374,4451,376,486,0,6.27,50.1,34.6,2,0
-36,-4,Den Haag,32780,9795,1787,1475,9494,796,1917,0,6.88,83.5,53.1,5,0
-37,-5,Den Haag,18395,7320,1335,1048,5100,438,1363,0,5.52,78.6,26.8,6,0
-36,-5,Den Haag,52225,15685,2861,2596,10035,858,3375,0,4.73,90.8,46.8,8,0
-37,-6,Den Haag,18970,6975,1272,937,5250,305,1218,0,5.76,73.9,62.4,5,0
-37,-7,Den Haag,10435,4185,764,298,1072,80,388,0,4.82,39.1,35.6,2,0
-36,-7,Den Haag,10935,4095,748,560,5224,287,728,0,8.87,76.8,72.7,4,0
-36,-6,Den Haag,33095,11610,2118,1594,6614,527,2072,0,4.09,76.2,47.6,3,0
-35,-5,Den Haag,61865,14230,2596,2287,8580,711,2973,0,4.22,88.2,79.7,8,0
-34,-4,Den Haag,27050,9590,1758,1588,8596,571,2065,0,6.04,90.9,52.2,6,0
-34,-3,Den Haag,8395,3715,729,433,4853,137,563,0,11.79,68.7,49.7,4,0
-34,-5,Den Haag,37905,11250,2052,1921,13768,639,2497,0,7.36,94.3,84.4,8,0
-35,-6,Den Haag,35370,9530,1739,1591,5886,490,2069,0,3.31,91.4,69.8,6,0
-35,-7,Den Haag,38075,12320,2249,1748,5858,482,2272,0,4.07,79.6,69.2,6,0
-34,-6,Den Haag,42325,12150,2219,1850,7706,470,2405,0,3.74,83.8,66.6,8,0
-34,-7,Rijswijk,16145,6285,1215,797,3133,272,1037,0,2.47,69.9,62.9,6,0
-34,-8,Den Haag,28910,12415,2281,668,5761,493,869,0,10.85,29.8,33.6,8,0
-33,-9,Den Haag,3950,2335,429,64,4927,115,84,0,22.81,16.0,35.3,3,0
-33,-6,Rijswijk,18030,8145,1589,920,15474,446,1196,0,16.83,63.1,30.3,10,0
-32,-7,Den Haag,7400,3395,619,142,4277,368,185,0,19.38,21.1,30.2,3,1
-32,-6,Den Haag,7790,3215,587,229,5076,180,297,0,12.92,38.9,53.0,2,0
-31,-6,Den Haag,14730,6240,1265,340,12923,440,442,0,36.62,28.1,34.7,6,0
-31,-7,Pijnacker-Nootdorp,17485,7465,1637,365,3018,255,475,0,8.73,21.1,33.5,5,0
-32,-5,Leidschendam-Voorburg,4655,3245,613,303,7414,321,394,0,19.69,37.2,31.6,7,1
-31,-5,Den Haag,12395,5525,1008,275,2478,209,358,0,19.02,27.3,35.3,2,0
-9,-21,Hardinxveld-Giessendam,10650,4900,675,193,1130,68,251,0,7.33,28.3,37.6,5,0
-9,-20,Hardinxveld-Giessendam,1275,675,93,3,223,14,4,0,15.12,3.8,12.1,3,1
-8,-21,Hardinxveld-Giessendam,1390,955,132,22,520,36,28,0,12.69,9.1,13.2,6,2
-7,-21,Hardinxveld-Giessendam,4390,1980,273,60,2762,25,78,0,58.86,22.3,36.6,5,1
-17,-19,Hendrik-Ido-Ambacht,5805,2890,562,84,4475,71,109,0,50.18,15.5,22.4,3,0
-16,-20,Hendrik-Ido-Ambacht,6480,3185,630,102,3012,209,132,0,13.83,16.6,27.3,3,0
-17,-20,Hendrik-Ido-Ambacht,1335,1075,211,47,3765,26,61,0,73.34,22.6,17.2,2,1
-24,35,Stede Broec,7495,3685,539,101,401,27,131,0,6.63,14.4,28.6,7,1
-23,35,Stede Broec,13220,6235,911,78,938,65,101,0,10.35,9.1,32.2,11,1
-33,9,Hillegom,4490,2390,388,129,329,27,168,0,4.15,33.5,22.4,3,0
-33,10,Hillegom,4045,2595,421,99,687,42,129,0,4.48,25.0,31.9,5,0
-32,8,Hillegom,3190,1685,273,79,461,28,103,0,7.49,28.3,33.4,4,1
-36,4,Katwijk,10430,4030,735,393,1828,141,511,0,5.3,54.4,36.4,6,2
-35,4,Katwijk,6335,2985,545,133,2305,150,173,0,13.29,23.2,16.7,6,3
-35,3,Katwijk,15230,6035,1100,480,3265,250,624,0,6.94,44.1,43.2,9,1
-34,2,Katwijk,15500,6620,1207,401,2151,165,522,0,6.27,33.0,29.0,7,0
-36,3,Katwijk,8810,3225,588,227,1080,79,295,0,5.88,37.0,29.6,5,0
-35,2,Katwijk,455,55,10,4,57,4,5,0,14.61,38.6,0.0,2,2
-34,3,Katwijk,8700,3720,678,266,1784,119,345,0,6.45,38.4,39.4,5,0
-33,2,Oegstgeest,12135,5180,1174,424,2124,152,552,0,5.71,37.0,29.3,8,0
-33,1,Leiden,11450,4030,778,336,2448,169,436,0,8.89,49.9,46.8,5,0
-20,-16,Krimpen aan den IJssel,2310,1440,225,31,2177,151,41,0,31.05,14.0,13.0,1,0
-19,-15,Krimpen aan den IJssel,7055,3240,506,66,2191,144,86,0,15.25,13.0,38.0,1,0
-19,-16,Krimpen aan den IJssel,2785,1510,240,87,178,13,113,0,3.26,38.3,26.2,4,2
-31,0,Leiden,31225,8365,1465,841,4813,358,1093,0,6.14,60.7,58.9,12,0
-32,1,Leiden,17195,4530,793,516,5230,357,670,0,9.11,68.1,65.4,9,0
-31,1,Leiden,28470,8030,1426,842,4607,327,1095,0,5.3,60.3,69.9,12,0
-30,0,Leiden,19660,8435,1597,572,3481,256,743,0,7.96,37.4,30.9,13,1
-30,-1,Zoeterwoude,420,225,42,19,582,27,25,0,1.44,46.3,21.5,2,1
-31,-1,Leiden,7050,2980,533,345,1384,82,448,0,3.63,66.7,48.7,4,0
-32,0,Leiden,22225,8435,1503,657,3606,250,854,0,5.55,46.7,48.3,6,0
-32,2,Leiden,16125,5865,1139,432,2070,145,561,0,5.49,43.7,36.8,11,1
-31,2,Leiden,5885,2525,444,84,589,40,110,0,9.02,21.0,19.4,4,1
-30,1,Leiderdorp,17045,7380,1493,645,13445,299,839,0,17.93,45.0,40.3,8,0
-29,0,Leiderdorp,715,380,77,24,467,31,31,0,208.39,34.2,38.1,2,0
-29,1,Kaag en Braassem,305,165,29,1,4366,22,2,0,1048.66,4.5,4.7,2,1
-32,6,Lisse,7600,4035,652,155,645,45,202,0,4.35,25.0,35.6,8,0
-33,8,Lisse,105,125,20,1,2559,43,1,0,574.01,3.0,14.0,1,0
-32,5,Teylingen,7290,3740,712,262,778,66,340,0,3.21,37.3,34.5,11,2
-32,-15,Rotterdam,20300,9650,1589,589,2235,139,765,0,5.09,36.4,42.7,6,0
-32,-14,Maassluis,8945,3795,681,337,1320,119,438,0,4.2,52.4,62.5,6,1
-31,-15,Maassluis,5245,2450,436,251,1154,71,326,0,3.62,59.5,43.5,5,1
-33,-14,Maassluis,11235,5300,941,447,1634,134,581,0,4.25,48.5,38.5,4,0
-33,-13,Maassluis,4485,2570,462,45,1808,52,59,0,50.23,9.5,20.9,3,0
-21,0,Nieuwkoop,9095,4740,803,117,1024,84,152,0,14.82,14.0,28.0,2,0
-22,1,Nieuwkoop,135,310,53,6,11,1,8,0,34.29,11.0,28.0,1,0
-21,1,Nieuwkoop,0,5,1,0,132,6,0,0,19.38,13.1,0.0,1,1
-20,1,Nieuwkoop,1735,940,159,15,270,20,20,0,18.16,9.3,24.5,2,0
-19,1,Nieuwkoop,195,120,20,0,57,4,0,0,0.0,0.0,11.0,1,0
-22,2,Nieuwkoop,1610,885,150,11,314,24,14,0,30.07,7.0,31.9,2,1
-23,3,Nieuwkoop,835,500,85,2,285,22,3,0,50.15,2.6,30.9,2,0
-24,3,Nieuwkoop,3725,1770,300,44,792,42,58,0,22.18,15.3,28.6,3,1
-23,2,Nieuwkoop,10,25,4,1,121,9,1,0,19.39,13.1,0.0,1,1
-24,1,Nieuwkoop,4915,2555,433,76,1351,91,99,0,17.68,17.5,30.9,3,0
-24,2,Nieuwkoop,45,80,14,2,147,10,2,0,137.47,13.1,0.0,1,1
-25,3,Nieuwkoop,4030,2225,377,57,533,39,75,0,10.83,15.8,28.0,3,0
-36,6,Noordwijk,9770,5170,957,378,1409,103,491,0,3.8,37.7,35.5,11,0
-35,6,Noordwijk,4290,1915,355,127,538,39,164,0,2.66,36.2,38.3,4,0
-35,5,Noordwijk,11890,5815,1077,377,1167,86,491,0,3.77,35.7,36.5,8,0
-36,5,Noordwijk,565,10,2,2,143,13,2,0,29.31,87.0,100.0,1,0
-36,9,Noordwijk,645,370,68,14,0,0,19,0,3.07,21.0,34.0,1,0
-35,8,Noordwijk,4255,2225,412,75,193,12,98,0,2.35,18.9,21.1,5,0
-35,7,Noordwijk,3380,1625,301,51,628,44,66,0,5.12,16.5,39.1,2,0
-34,7,Noordwijk,5835,2900,537,200,691,52,260,0,3.97,36.8,40.4,4,0
-34,6,Noordwijk,2775,1770,329,98,376,21,128,0,6.47,36.5,39.2,4,0
-34,9,Noordwijk,445,340,63,3,220,12,4,0,76.11,1.8,8.5,2,1
-34,10,Noordwijk,1970,1080,200,26,245,20,34,0,9.44,13.0,31.0,1,0
-33,3,Oegstgeest,5920,2795,639,160,3432,104,208,0,18.9,24.7,31.7,4,0
-16,-9,Oudewater,690,370,60,3,158,8,4,0,58.69,4.4,20.7,2,0
-14,-8,Oudewater,7440,3670,580,142,909,60,185,0,6.35,24.3,33.9,5,0
-15,-7,Oudewater,500,430,68,6,26,2,7,0,5.15,6.0,21.2,3,0
-14,-20,Papendrecht,14250,6925,1216,263,2543,182,342,0,11.46,22.3,29.3,8,1
-13,-20,Papendrecht,4320,2165,380,79,1529,69,102,0,15.19,20.3,21.9,5,1
-18,-18,Ridderkerk,22915,11305,1958,853,5630,231,1109,0,6.6,42.7,43.7,5,0
-19,-18,Ridderkerk,3535,1585,275,173,435,36,225,0,3.16,63.0,60.0,1,0
-19,-17,Ridderkerk,9425,4565,791,340,1160,93,442,0,8.3,43.0,34.0,1,0
-20,-17,Rotterdam,19820,8150,1341,663,1948,160,861,0,4.19,48.8,54.6,2,0
-24,-15,Rotterdam,42565,14130,2219,2196,55330,1281,2855,0,24.94,99.0,73.1,6,0
-24,-16,Rotterdam,13045,3785,594,582,5784,227,757,0,7.18,98.0,70.6,2,0
-25,-15,Rotterdam,56530,14225,2234,2118,6583,514,2753,0,3.48,94.9,74.9,5,0
-26,-15,Schiedam,22695,6660,1075,936,4648,220,1217,0,5.01,88.2,64.6,13,0
-26,-14,Rotterdam,15155,5885,924,617,7076,289,802,0,33.6,68.3,54.6,3,1
-28,-13,Schiedam,8330,4150,681,178,815,66,231,0,4.63,26.4,14.6,9,0
-28,-12,Rotterdam,330,210,33,0,168,10,0,0,33.48,1.0,14.0,1,0
-26,-13,Rotterdam,4475,1675,263,32,17747,172,41,0,156.32,12.0,20.0,1,0
-27,-13,Rotterdam,370,870,137,83,5752,122,108,0,7.29,0.2,71.8,2,1
-24,-14,Rotterdam,54150,13790,2165,2052,5884,483,2668,0,4.05,94.9,79.8,5,0
-25,-14,Rotterdam,31155,8610,1352,1317,6660,493,1713,0,5.88,97.5,58.2,4,0
-26,-12,Rotterdam,17115,5760,904,606,1820,150,788,0,3.18,67.0,61.0,1,0
-25,-13,Rotterdam,8370,3020,474,356,4048,280,462,0,7.44,75.0,33.0,1,0
-25,-12,Rotterdam,7785,3620,568,404,2870,233,525,0,4.54,71.0,51.0,1,0
-24,-13,Rotterdam,7330,2750,432,190,1096,93,247,0,6.72,53.0,55.8,2,0
-24,-12,Rotterdam,8210,3620,568,182,1743,127,236,0,9.73,32.0,29.0,1,0
-23,-14,Rotterdam,90,70,11,1,4587,154,2,0,1982.46,13.0,43.0,1,0
-23,-15,Rotterdam,17315,5145,808,788,5554,425,1024,0,4.16,97.3,76.6,3,0
-23,-16,Rotterdam,40300,11570,1817,1505,4918,415,1957,0,3.8,82.4,76.7,5,0
-22,-17,Rotterdam,15470,5020,788,292,4282,278,379,0,5.04,37.0,86.0,1,0
-22,-16,Rotterdam,12310,3470,545,496,5315,241,645,0,3.74,91.0,77.0,1,0
-21,-17,Rotterdam,29660,10525,1653,1091,5230,232,1418,0,3.65,66.0,66.0,1,0
-26,-17,Rotterdam,4990,2645,415,89,939,75,115,0,10.48,16.2,26.9,2,1
-22,-14,Rotterdam,18640,8055,1265,653,3317,263,850,0,4.3,52.8,54.7,2,0
-23,-13,Rotterdam,11400,4180,656,532,2684,180,691,0,4.73,81.0,62.0,1,0
-23,-12,Rotterdam,26065,10145,1593,1020,3710,280,1325,0,3.58,64.0,61.0,1,0
-22,-11,Rotterdam,13135,5700,895,277,4360,204,361,0,9.61,31.0,25.0,1,0
-23,-18,Rotterdam,14585,5000,785,476,4138,142,619,0,7.96,65.3,69.0,3,0
-23,-17,Rotterdam,39395,11490,1804,1660,3303,261,2158,0,4.89,92.1,71.2,4,0
-25,-17,Rotterdam,1890,785,123,33,496,39,43,0,23.24,27.0,60.0,1,0
-26,-18,Rotterdam,12725,5990,941,329,1905,144,428,0,5.35,35.0,43.0,1,0
-26,-19,Rotterdam,26420,11250,1814,888,2447,204,1155,0,5.21,47.1,57.6,4,0
-39,-11,Rotterdam,2570,1385,217,15,464,22,20,0,1.45,7.0,53.0,1,0
-38,-11,Rotterdam,7940,3795,596,215,1414,112,279,0,7.26,36.0,59.0,1,0
-36,-12,Rotterdam,55,90,14,2,55,4,2,0,35.51,11.0,39.0,1,0
-27,-14,Schiedam,1190,2225,359,215,6784,158,279,0,31.66,62.5,23.5,6,3
-24,-17,Rotterdam,10,250,39,29,3800,171,37,0,4.65,73.5,0.0,1,1
-24,-18,Albrandswaard,40,635,108,64,7053,90,83,0,122.77,25.8,0.0,3,3
-27,-17,Rotterdam,0,30,5,3,176,8,4,0,50.85,73.5,0.0,1,1
-31,-17,Rotterdam,5,210,33,24,99,5,31,0,18.58,73.5,0.0,1,1
-35,-14,Rotterdam,5,130,20,15,132,6,19,0,8.8,73.5,0.0,1,1
-41,-13,Rotterdam,10,50,8,6,198,10,7,0,208.59,73.5,0.0,1,1
-33,-7,Rijswijk,10845,5655,1110,1022,3560,215,1329,0,3.33,91.1,60.0,6,0
-33,-8,Rijswijk,17905,6700,1315,712,4459,168,926,0,9.58,55.1,53.5,5,0
-27,-15,Schiedam,29785,10610,1742,1310,3411,298,1703,0,3.75,76.5,56.4,21,0
-27,-16,Vlaardingen,25,325,53,33,1955,117,43,0,55.05,60.9,0.0,2,2
-26,-16,Schiedam,7745,3300,542,327,1289,94,425,0,3.68,58.5,47.9,7,2
-28,-14,Schiedam,17060,6670,1095,670,7177,221,871,0,10.27,63.5,52.1,11,0
-29,-13,Schiedam,8265,3670,601,227,1053,89,295,0,3.76,37.6,57.3,4,0
-11,-21,Sliedrecht,13515,5920,845,301,2389,171,392,0,7.93,35.9,42.7,16,2
-10,-22,Sliedrecht,500,275,39,20,0,0,27,0,3.5,52.0,30.0,1,0
-11,-20,Molenlanden,220,135,19,3,0,0,3,0,5.12,10.3,6.8,2,1
-12,-20,Molenlanden,635,545,76,3,4701,29,4,0,24.4,4.5,22.6,3,0
-25,-18,Albrandswaard,2480,1275,286,48,397,34,63,0,12.04,17.2,14.6,2,0
-25,-19,Albrandswaard,7040,3225,724,82,1956,133,107,0,20.29,11.3,38.2,6,0
-24,-19,Albrandswaard,7115,3675,825,170,1196,96,221,0,14.74,20.5,33.2,7,0
-23,-19,Albrandswaard,2040,1150,258,64,246,15,83,0,15.3,28.1,21.6,3,0
-29,-15,Vlaardingen,13805,6015,980,614,4781,174,798,0,7.57,62.7,48.5,4,1
-28,-16,Vlaardingen,7005,3340,544,472,2693,159,613,0,5.03,85.5,58.6,4,1
-29,-16,Vlaardingen,7390,2605,424,318,1169,76,414,0,3.01,76.2,71.0,5,2
-30,-15,Vlaardingen,2920,1245,203,139,299,26,181,0,1.96,69.5,54.4,2,0
-28,-15,Vlaardingen,20285,8485,1382,653,5123,207,849,0,7.48,48.4,40.3,7,0
-29,-14,Vlaardingen,21885,9505,1548,893,2198,191,1161,0,2.76,60.3,54.0,12,0
-30,-13,Vlaardingen,35,20,3,2,30,3,3,0,5.6,60.7,0.0,1,1
-32,-1,Voorschoten,5880,2775,515,205,1153,99,266,0,5.0,39.7,31.3,4,0
-32,-2,Voorschoten,6490,3110,577,135,850,77,176,0,4.34,22.8,21.3,4,0
-31,-2,Voorschoten,5345,2330,433,177,466,40,230,0,3.48,41.4,49.4,2,0
-23,-6,Waddinxveen,4280,1985,379,54,665,54,71,0,3.89,14.7,29.7,4,0
-22,-7,Waddinxveen,14565,7095,1353,476,2395,161,618,0,4.51,36.8,41.0,8,0
-23,-7,Waddinxveen,1710,790,151,20,466,40,25,0,17.31,13.0,12.0,1,0
-22,-8,Waddinxveen,7135,3200,610,80,6714,116,105,0,20.78,14.4,17.9,2,0
-22,-6,Waddinxveen,5055,2400,455,184,246,20,239,0,3.38,42.4,32.6,5,0
-21,-8,Waddinxveen,1085,1755,335,73,1790,102,95,0,19.23,14.7,42.7,4,3
-21,-7,Waddinxveen,560,275,52,2,22,1,2,0,14.01,3.0,5.0,1,0
-34,-1,Wassenaar,5030,2535,559,160,620,55,208,0,6.09,28.8,35.7,3,0
-34,-2,Wassenaar,1845,1060,234,105,366,28,136,0,3.32,40.5,59.5,2,0
-35,-1,Wassenaar,1300,945,208,4,96,7,5,0,19.29,2.0,17.0,1,0
-35,-2,Wassenaar,515,305,67,0,88,8,0,0,0.0,0.0,11.0,1,0
-33,-3,Leidschendam-Voorburg,9150,3515,677,456,665,54,592,0,2.77,71.3,52.9,6,1
-34,0,Wassenaar,14210,6470,1427,449,2316,186,583,0,5.58,31.7,49.2,5,0
-33,0,Wassenaar,530,340,75,11,698,50,14,0,7.51,14.4,16.8,2,0
-16,-4,Woerden,13870,6125,1113,420,3159,185,546,0,7.16,38.0,46.8,5,0
-15,-4,Woerden,14835,6380,1160,344,2591,174,447,0,9.0,29.7,23.3,4,0
-16,-5,Woerden,9000,3940,716,210,1264,82,273,0,8.38,29.6,39.3,3,0
-15,-5,Woerden,825,715,130,73,4760,112,95,0,19.9,87.7,69.9,3,1
-15,-3,Woerden,295,140,25,1,11,1,1,0,9.61,4.7,12.7,2,0
-14,-4,Woerden,150,110,20,0,126,8,0,0,0.0,0.0,15.0,1,0
-13,-4,Woerden,7415,3740,680,111,1320,87,145,0,11.85,16.8,24.6,3,0
-14,-3,Woerden,245,340,62,6,210,7,8,0,34.31,10.0,14.0,1,0
-12,-5,Woerden,150,85,15,0,1811,12,0,0,0.0,0.0,8.0,1,0
-16,-2,Woerden,3910,1970,358,47,172,10,61,0,6.79,13.5,30.7,3,0
-18,-2,Woerden,2435,1205,219,24,283,20,31,0,11.84,10.8,22.6,2,0
-28,-6,Zoetermeer,21685,9960,2039,1471,3211,247,1912,0,2.66,71.9,57.3,4,0
-29,-6,Zoetermeer,15915,6190,1267,772,1736,143,1004,0,2.49,61.6,54.6,2,0
-29,-5,Zoetermeer,10655,4155,851,404,1084,93,525,0,2.49,47.8,59.7,2,0
-28,-5,Zoetermeer,28995,13415,2746,794,2611,219,1032,0,4.18,29.0,39.5,4,0
-28,-7,Zoetermeer,20725,10540,2158,572,5105,283,744,0,9.09,25.9,32.1,2,0
-26,-6,Zoetermeer,7465,3175,650,130,3818,137,169,0,31.99,20.0,25.0,1,0
-27,-7,Zoetermeer,980,1100,225,77,6160,343,100,0,73.19,29.8,13.6,2,0
-27,-6,Zoetermeer,300,405,83,28,2356,163,36,0,28.14,36.5,34.5,2,0
-29,-7,Zoetermeer,30,15,3,1,132,10,2,0,1.7,41.2,0.0,1,1
-30,-6,Zoetermeer,265,120,25,2,3342,28,3,0,1475.06,8.8,11.6,2,0
-26,-7,Zoetermeer,5,175,38,7,1327,80,9,0,107.79,37.4,0.0,2,2
-29,-3,Zoeterwoude,495,270,50,2,22,2,3,0,6.16,4.2,22.0,2,0
-29,-2,Zoeterwoude,350,225,42,2,11,1,3,0,5.25,5.0,10.0,1,0
-29,-1,Zoeterwoude,1215,635,119,43,1960,98,56,0,39.59,35.0,27.4,4,2
-16,-21,Zwijndrecht,8455,4645,749,246,2323,154,320,0,9.9,36.0,39.9,18,5
-17,-21,Zwijndrecht,3325,1770,285,19,961,51,25,0,25.01,6.5,11.2,6,0
-16,-22,Zwijndrecht,4875,2265,365,90,905,62,117,0,11.99,27.2,46.7,9,1
-17,-22,Zwijndrecht,85,90,15,5,602,42,6,0,41.82,30.4,0.0,3,3
-18,-20,Zwijndrecht,2380,1245,201,35,385,27,45,0,12.31,17.7,35.2,4,1
-18,-21,Zwijndrecht,95,70,11,1,214,13,1,0,4.51,7.6,4.7,2,1
-27,-48,Borsele,160,100,14,0,270,14,0,0,0.0,0.0,5.0,1,0
-33,-47,Borsele,1485,800,109,3,57,4,4,0,37.27,2.7,22.9,2,0
-31,-47,Borsele,570,360,49,0,22,2,0,0,66.77,0.7,9.7,2,0
-30,-49,Borsele,305,215,29,0,22,2,0,0,0.0,0.0,23.0,1,0
-33,-43,Borsele,5020,2895,393,51,530,32,66,0,27.5,13.0,30.0,1,0
-32,-44,Borsele,500,275,37,0,778,29,0,0,0.0,0.0,6.0,1,0
-28,-46,Borsele,720,440,60,2,34,2,2,0,43.46,2.7,17.1,2,0
-29,-46,Borsele,965,580,79,3,123,6,5,0,35.42,4.6,28.9,2,0
-35,-42,Borsele,1380,900,122,9,1060,14,11,0,16.14,7.0,27.0,1,0
-35,-43,Borsele,430,250,34,0,11,1,0,0,0.0,0.0,4.0,1,0
-35,-44,Borsele,1105,690,94,7,380,18,9,0,43.27,7.0,27.0,1,0
-34,-44,Borsele,220,115,16,0,69,4,0,0,0.0,0.0,15.0,1,0
-35,-45,Borsele,0,75,10,1,1181,50,1,0,1588.0,7.7,0.0,1,1
-30,-45,Borsele,630,435,59,2,34,2,2,0,22.9,2.4,14.3,2,0
-29,-48,Borsele,660,460,62,0,83,4,1,0,88.98,0.7,13.1,2,0
-31,-46,Borsele,1225,765,104,8,69,4,10,0,14.01,7.5,23.4,2,0
-29,-44,Borsele,4505,2225,302,39,364,22,51,0,9.26,13.0,31.0,1,0
-30,-44,Borsele,365,240,33,0,79,6,0,0,0.0,0.0,21.0,1,0
-33,-45,Borsele,2045,1285,174,12,145,8,15,0,12.19,7.0,28.5,2,0
-31,-41,Goes,16975,7945,1207,346,755,49,450,0,3.96,28.9,44.5,5,0
-30,-42,Goes,10365,5145,782,208,1374,77,270,0,18.43,27.9,38.2,4,0
-31,-42,Goes,3460,2695,409,78,3945,106,102,0,37.16,27.3,44.6,2,0
-31,-40,Goes,1675,1085,165,3,177,9,4,0,13.68,2.2,12.5,2,0
-30,-41,Goes,1295,610,93,8,44,4,11,0,21.03,9.0,11.9,2,0
-31,-39,Goes,50,40,6,0,44,2,0,0,0.0,4.0,8.0,1,0
-29,-43,Goes,50,20,3,0,442,26,0,0,0.0,0.0,20.0,1,0
-30,-40,Goes,365,220,33,0,22,2,0,0,65.21,1.0,15.0,1,0
-33,-42,Goes,1490,920,140,15,132,6,19,0,9.1,10.9,24.4,3,0
-32,-41,Goes,1280,755,115,1,44,4,1,0,21.07,0.9,12.1,2,0
-32,-42,Goes,40,30,5,1,0,0,1,0,939.69,23.4,0.0,1,1
-34,-40,Goes,1675,965,147,16,200,11,21,0,12.39,11.0,27.0,1,0
-35,-39,Goes,275,195,30,0,110,5,0,0,74.71,1.0,8.0,1,0
13,-21,West Maas en Waal,1715,1100,192,18,44,4,23,0,2.47,9.2,21.4,2,0
15,-19,West Maas en Waal,650,385,67,3,22,2,4,0,6.74,5.3,11.3,2,0
16,-20,West Maas en Waal,835,560,98,7,44,4,9,0,9.78,7.1,18.6,2,0
13,-17,West Maas en Waal,7315,4175,727,128,119,9,167,0,2.98,17.9,34.1,2,0
14,-17,West Maas en Waal,2250,1375,239,25,165,10,33,0,1.88,10.4,26.8,2,0
15,-21,West Maas en Waal,1425,910,158,13,102,7,17,0,7.66,8.2,22.6,2,0
11,-17,West Maas en Waal,2215,1310,228,34,93,8,44,0,2.67,15.0,26.0,1,0
11,-18,West Maas en Waal,370,225,39,1,22,2,2,0,20.16,3.0,21.0,1,0
-18,-56,Hulst,3235,1835,254,94,15600,32,122,0,146.76,36.9,41.9,3,0
-18,-55,Hulst,4095,2310,320,35,158,9,45,0,5.31,11.1,41.3,3,0
-19,-55,Hulst,2455,1535,213,17,0,0,22,0,3.41,7.5,6.2,3,0
-17,-56,Hulst,2515,1495,207,9,66,4,12,0,12.73,4.4,16.0,2,0
-18,-57,Hulst,2110,1370,190,6,79,4,8,0,304.63,3.0,15.4,4,2
-17,-57,Hulst,1430,855,118,15,66,4,20,0,4.39,13.2,30.6,2,0
-16,-57,Hulst,800,365,51,1,118,9,1,0,66.22,2.0,21.0,1,0
-18,-53,Hulst,865,545,75,0,77,4,0,0,0.0,0.0,12.5,2,0
-19,-51,Hulst,75,50,7,0,34,2,0,0,0.0,0.0,15.0,1,0
-18,-58,Hulst,1160,745,103,1,34,2,1,0,33.67,1.0,12.4,2,0
-15,-55,Hulst,800,430,60,1,34,2,2,0,28.97,2.0,15.0,1,0
-22,-50,Hulst,2885,1700,235,23,155,8,31,0,6.59,10.2,30.2,4,1
-20,-53,Hulst,445,315,44,0,34,2,0,0,0.0,0.0,16.4,2,0
-22,-53,Hulst,1800,1145,159,0,34,2,1,0,70.19,0.3,21.4,3,0
-22,-52,Hulst,665,475,66,0,132,8,0,0,398.68,0.5,12.7,2,0
-24,-49,Hulst,130,100,14,0,44,4,0,0,0.0,0.0,11.0,1,0
-28,-43,Kapelle,8915,4785,729,73,797,43,95,0,18.15,10.0,23.0,1,0
-27,-41,Kapelle,2990,1735,264,26,582,34,34,0,32.19,10.0,24.0,1,0
-28,-40,Kapelle,110,110,17,0,355,22,0,0,0.0,0.0,9.0,1,0
-26,-44,Kapelle,490,280,43,1,211,10,1,0,56.0,1.8,14.4,2,1
-40,-42,Middelburg,15305,6960,934,383,2930,188,498,0,8.32,42.2,45.8,12,0
-41,-41,Middelburg,5930,2680,360,122,462,32,158,0,5.19,34.0,36.5,7,1
-40,-41,Middelburg,4890,2515,338,89,815,44,116,0,6.43,26.5,28.2,5,0
-41,-40,Middelburg,940,655,88,1,80,5,1,0,70.15,1.7,10.0,2,0
-41,-42,Middelburg,1300,510,68,23,163,9,30,0,6.11,33.8,29.9,3,2
-39,-41,Middelburg,740,315,42,2,0,0,2,0,29.72,3.5,9.6,3,1
-40,-43,Middelburg,6290,3005,392,97,331,20,126,0,5.78,25.1,38.8,7,1
-39,-43,Middelburg,5385,2435,327,34,4883,93,44,0,133.72,12.3,33.7,6,2
-39,-42,Middelburg,3225,1550,208,72,785,42,94,0,10.73,36.7,63.0,3,1
-38,-43,Middelburg,3375,1680,226,6,155,8,8,0,27.85,2.6,9.5,5,1
-38,-42,Middelburg,3590,1715,230,25,381,20,32,0,14.62,11.2,28.0,6,2
-38,-41,Middelburg,800,400,54,2,34,2,3,0,8.33,4.5,17.1,2,0
-39,-40,Middelburg,55,40,5,0,44,3,0,0,0.0,0.0,6.0,1,0
-37,-41,Middelburg,60,45,6,2,188,9,3,0,69.88,34.0,24.0,1,0
-38,-40,Middelburg,170,105,14,0,44,3,0,0,0.0,0.0,17.0,1,0
-25,-42,Reimerswaal,4675,2380,277,26,769,44,34,0,21.87,9.5,24.4,2,0
-25,-43,Reimerswaal,2105,995,116,29,33,3,38,0,6.58,25.0,38.0,1,0
-24,-43,Reimerswaal,235,300,35,18,44,2,24,0,4.51,52.0,11.0,1,0
-24,-45,Reimerswaal,4110,1930,224,32,410,22,41,0,14.71,14.2,33.5,3,0
-24,-46,Reimerswaal,770,390,45,13,375,16,16,0,31.41,28.0,6.0,1,0
-25,-44,Reimerswaal,10,55,6,1,1744,13,1,0,1933.17,13.4,0.0,1,1
-21,-46,Reimerswaal,3525,1625,189,33,312,16,43,0,18.51,17.7,34.9,3,0
-20,-46,Reimerswaal,170,115,13,0,22,1,0,0,0.0,0.0,5.0,1,0
-22,-47,Reimerswaal,1045,575,67,5,57,4,6,0,12.12,7.0,16.0,1,0
-18,-47,Reimerswaal,2720,1675,195,18,1949,21,24,0,108.04,9.9,32.6,4,1
-25,-45,Reimerswaal,1740,980,114,17,255,15,22,0,15.24,14.8,35.6,3,0
-23,-45,Reimerswaal,620,275,32,0,88,4,0,0,1130.9,1.1,7.4,2,1
-23,-56,Terneuzen,7840,4380,643,84,156,9,110,0,4.22,13.5,36.4,2,0
-32,-53,Terneuzen,1265,815,120,6,1699,9,8,0,283.91,5.0,18.0,1,0
-29,-52,Terneuzen,530,375,55,0,737,31,0,0,0.0,0.0,8.0,1,0
-19,-59,Terneuzen,2610,1615,237,14,77,4,19,0,5.37,6.0,17.1,2,0
-28,-56,Terneuzen,1800,1155,170,2,141,7,2,0,82.97,1.0,15.0,1,0
-25,-59,Terneuzen,3555,1795,264,32,617,33,41,0,14.24,12.0,36.0,1,0
-26,-56,Terneuzen,2180,1270,187,7,34,2,10,0,42.64,4.0,26.0,1,0
-26,-55,Terneuzen,80,55,8,0,7,1,0,0,0.0,0.0,8.0,1,0
-24,-55,Terneuzen,180,130,19,0,44,2,1,0,101.82,2.4,0.9,2,1
-28,-52,Terneuzen,3035,1720,253,145,177,11,189,0,1.39,54.1,60.1,2,0
-27,-52,Terneuzen,4685,2550,375,191,238,17,248,0,2.43,51.0,28.2,2,0
-27,-53,Terneuzen,6960,3415,502,89,1431,55,115,0,15.13,19.2,38.8,4,0
-26,-54,Terneuzen,5235,3055,449,72,1367,73,94,0,21.02,19.4,31.7,5,2
-25,-55,Terneuzen,15,25,4,1,485,22,1,0,548.32,17.5,0.0,1,1
-26,-53,Terneuzen,6075,3410,501,77,587,31,100,0,4.72,15.4,16.8,2,0
-24,-59,Terneuzen,1885,1125,165,12,166,9,15,0,8.59,7.0,24.0,1,0
-24,-54,Terneuzen,1860,1060,156,11,123,6,14,0,11.27,7.0,24.0,1,0
-22,-59,Terneuzen,910,610,90,1,34,2,1,0,51.06,0.8,16.4,2,0
-21,-39,Tholen,8055,4345,555,100,1514,95,130,0,16.03,18.0,32.0,1,0
-23,-39,Tholen,1345,745,95,4,189,14,5,0,49.6,4.0,32.0,1,0
-25,-39,Tholen,1855,930,119,5,277,15,7,0,44.71,4.5,23.2,2,0
-26,-38,Tholen,3565,1905,243,27,145,8,35,0,17.95,11.5,34.2,2,0
-29,-36,Tholen,1695,880,112,5,345,20,7,0,67.97,4.5,26.2,2,0
-27,-35,Tholen,3900,2075,265,29,590,33,38,0,26.92,11.0,27.0,1,0
-22,-37,Tholen,2440,1375,176,12,200,11,16,0,27.06,7.0,27.0,1,0
-25,-34,Tholen,2145,1190,152,9,217,14,12,0,23.75,6.0,20.0,1,0
-27,-33,Tholen,235,155,20,0,101,6,0,0,0.0,0.0,5.0,1,0
-40,-38,Veere,915,570,84,4,168,9,6,0,49.08,5.7,16.3,3,0
-40,-39,Veere,950,530,76,23,156,12,30,0,8.53,29.6,32.0,2,0
-41,-39,Veere,515,295,42,1,22,2,2,0,15.71,3.4,16.9,2,0
-42,-37,Veere,720,445,64,8,279,15,10,0,74.41,12.0,23.0,1,0
-43,-36,Veere,45,25,4,1,1022,47,1,0,1166.77,18.0,27.0,1,0
-42,-39,Veere,1865,1070,153,7,397,19,9,0,69.99,4.4,15.7,2,0
-46,-38,Veere,1770,1010,145,43,1012,61,56,0,22.33,30.7,28.3,2,0
-44,-38,Veere,1625,910,130,15,546,30,19,0,43.77,11.2,26.1,2,0
-45,-37,Veere,420,330,47,8,397,20,11,0,35.83,18.4,18.0,2,0
-45,-39,Veere,1485,700,100,8,110,6,10,0,14.28,7.5,17.5,2,0
-43,-40,Veere,1020,585,84,5,88,4,7,0,8.74,6.0,20.0,1,0
-44,-41,Veere,1450,665,95,3,123,6,4,0,38.79,3.0,14.6,2,0
-41,-43,Veere,3275,1785,256,23,238,13,29,0,14.9,9.0,20.0,2,0
-43,-43,Veere,180,130,19,4,44,2,6,0,36.72,21.9,15.0,2,1
-42,-44,Veere,50,10,1,0,110,11,0,0,18.69,20.0,25.0,1,0
-43,-42,Veere,705,410,59,1,66,4,2,0,55.93,2.0,16.0,1,0
-44,-42,Veere,1345,785,112,21,546,30,28,0,26.53,19.0,20.5,3,2
-45,-41,Veere,310,200,29,2,241,18,3,0,90.57,7.1,14.8,2,1
-47,-40,Veere,2595,1440,207,18,464,24,24,0,32.58,9.2,15.8,2,0
-46,-41,Veere,15,10,1,0,399,19,0,0,2348.19,11.3,0.0,1,1
-39,-46,Vlissingen,3860,1760,220,167,414,24,217,0,4.57,76.0,58.0,1,0
-40,-45,Vlissingen,12200,5260,657,361,2350,134,469,0,6.99,52.1,59.2,10,0
-39,-45,Vlissingen,2570,1335,167,41,1176,66,53,0,16.02,28.2,32.1,4,1
-40,-44,Vlissingen,9150,4350,543,109,906,50,141,0,7.06,21.2,34.6,7,2
-41,-44,Vlissingen,8020,4270,533,94,669,34,122,0,7.49,19.1,21.0,5,0
-39,-44,Vlissingen,6895,3415,426,80,1136,59,104,0,15.07,18.8,35.7,6,1
-36,-45,Vlissingen,0,90,11,4,100,5,5,0,50.69,33.0,0.0,1,1
-20,4,De Ronde Venen,9170,5025,981,313,3016,119,407,0,10.73,29.1,42.5,4,0
-20,3,De Ronde Venen,6140,3245,634,139,1076,74,181,0,6.76,22.0,33.5,2,0
-22,4,De Ronde Venen,895,575,112,10,11,1,14,0,5.3,9.2,12.7,2,0
-18,4,De Ronde Venen,7760,3985,778,166,1065,71,216,0,6.62,21.5,34.7,3,0
-18,6,De Ronde Venen,1840,1320,258,13,110,10,17,0,6.7,5.0,22.0,1,0
-19,4,De Ronde Venen,280,160,31,4,335,23,5,0,32.76,13.0,30.0,1,0
-19,3,De Ronde Venen,6800,3595,702,124,391,29,161,0,5.26,17.4,32.3,2,0
-17,6,De Ronde Venen,1460,855,167,16,258,16,20,0,16.51,8.9,28.2,2,0
-13,67,Tytsjerksteradiel,9660,4910,551,121,628,39,158,0,5.99,22.0,38.0,1,0
-14,68,Tytsjerksteradiel,435,255,29,0,639,7,0,0,2195.84,1.0,8.0,1,0
-18,71,Tytsjerksteradiel,2760,1520,167,29,79,5,38,0,5.72,17.6,31.1,3,0
-18,70,Tytsjerksteradiel,2155,1220,137,10,254,13,12,0,22.98,7.0,25.0,1,0
-19,70,Tytsjerksteradiel,105,65,7,0,34,2,0,0,233.0,2.0,4.0,1,0
-17,69,Tytsjerksteradiel,770,480,54,0,56,3,0,0,0.0,0.0,18.4,2,0
-13,63,Tytsjerksteradiel,345,240,27,1,488,28,1,0,604.3,3.0,28.0,1,0
-13,65,Tytsjerksteradiel,1550,915,103,7,102,6,9,0,14.26,7.0,21.0,1,0
-12,66,Tytsjerksteradiel,915,540,61,4,34,2,5,0,22.75,6.0,29.0,1,0
-10,66,Tytsjerksteradiel,1290,720,81,6,34,2,8,0,7.93,8.0,25.0,1,0
-14,69,Tytsjerksteradiel,2280,1255,141,7,78,4,9,0,11.3,5.0,23.7,2,0
-16,68,Tytsjerksteradiel,4775,2565,288,32,128,9,41,0,9.23,11.0,27.0,1,0
-15,69,Tytsjerksteradiel,320,160,18,0,22,2,0,0,0.0,2.0,8.0,1,0
35,-47,Asten,830,460,62,3,94,6,4,0,28.56,4.6,15.1,3,1
36,-47,Asten,860,605,82,3,2494,12,3,0,447.19,2.1,6.9,4,2
36,-48,Asten,10675,5920,803,139,2323,95,181,0,26.72,17.4,33.0,13,0
35,-48,Asten,1685,850,115,3,66,6,4,0,8.62,2.9,18.3,2,0
36,-49,Someren,340,335,48,3,364,23,4,0,75.2,4.8,21.9,3,0
37,-49,Asten,1615,920,125,7,101,8,10,0,13.45,6.0,19.0,1,0
7,-46,Baarle-Nassau,1060,630,71,32,88,6,42,0,12.81,46.0,47.0,1,0
6,-45,Baarle-Nassau,1475,905,101,6,475,37,8,0,51.31,5.8,26.4,3,0
7,-45,Baarle-Nassau,1345,855,96,5,285,16,6,0,25.22,4.3,32.9,2,1
4,-45,Baarle-Nassau,585,410,46,3,22,2,4,0,8.01,6.0,24.0,1,0
-17,-42,Bergen op Zoom,21670,9820,1495,645,2854,229,839,0,6.27,43.0,52.6,9,0
-17,-41,Bergen op Zoom,6130,2985,455,68,765,60,88,0,17.33,16.2,30.8,4,0
-18,-41,Bergen op Zoom,4085,2120,323,38,983,64,49,0,21.61,11.8,32.1,2,0
-16,-43,Bergen op Zoom,11410,5200,792,221,1424,125,287,0,6.63,28.1,46.6,5,0
-16,-42,Bergen op Zoom,3990,1885,287,122,2498,114,159,0,10.45,44.6,53.4,2,0
-17,-43,Bergen op Zoom,7230,3890,592,178,964,87,231,0,2.07,30.0,24.0,1,0
-18,-42,Bergen op Zoom,1565,790,120,57,399,19,73,0,9.28,47.0,31.0,1,0
-19,-41,Bergen op Zoom,90,350,53,13,22,4,17,0,10.18,4.8,7.5,2,1
-19,-40,Bergen op Zoom,2635,1395,212,55,288,25,72,0,9.45,26.0,47.0,1,0
-19,-39,Bergen op Zoom,2170,1175,179,13,277,24,16,0,8.58,7.0,23.0,1,0
-18,-40,Bergen op Zoom,2650,1415,215,6,884,69,8,0,66.86,3.0,17.0,1,0
-18,-39,Bergen op Zoom,3255,1900,289,38,507,23,50,0,19.55,13.3,19.3,2,0
-19,-38,Bergen op Zoom,1400,760,116,6,0,0,8,0,19.0,5.0,36.0,1,0
20,-41,Best,14465,7320,1308,266,1529,130,346,0,6.04,20.4,35.4,7,0
21,-41,Best,3235,1775,317,55,423,31,71,0,5.87,16.4,20.0,3,0
21,-42,Best,5815,3210,574,87,1322,94,113,0,60.87,15.6,29.3,5,1
20,-42,Best,7115,3840,686,104,4041,124,135,0,15.98,15.0,13.9,2,0
20,-40,Best,585,270,48,0,110,8,0,0,0.0,0.0,21.0,1,0
27,-35,Boekel,5720,3340,386,73,508,43,95,0,6.29,19.0,31.0,1,0
28,-36,Boekel,865,360,43,4,0,0,6,0,16.11,10.3,15.5,2,0
28,-35,Boekel,1165,540,62,1,0,0,2,0,37.38,2.0,17.0,1,0
29,-35,Boekel,1800,1025,118,9,61,5,11,0,7.04,7.3,17.8,2,0
15,-36,Boxtel,8190,3715,542,248,1086,65,322,0,4.09,47.4,51.9,2,0
16,-36,Boxtel,9175,4350,635,121,1085,96,157,0,6.9,19.0,36.0,1,0
15,-35,Boxtel,7090,3495,510,141,742,39,183,0,8.17,28.5,37.5,2,0
17,-37,Boxtel,4380,2665,389,34,66,6,44,0,6.97,8.7,22.0,3,0
13,-35,Boxtel,695,440,64,4,0,0,5,0,3.58,6.0,15.0,1,0
16,-37,Boxtel,820,435,63,1,88,6,1,0,22.54,1.0,12.0,1,0
14,-35,Boxtel,1850,1025,150,13,154,13,17,0,11.64,9.0,26.0,1,0
13,-34,Boxtel,380,250,37,7,11,1,9,0,1.3,18.3,7.5,2,1
-3,-36,Breda,25465,11445,1862,1297,5607,430,1687,0,6.03,68.4,59.3,6,0
-4,-36,Breda,18670,7505,1221,630,4080,293,819,0,7.33,53.1,63.3,5,0
-4,-35,Breda,9360,4035,657,296,3208,168,385,0,10.24,47.5,54.9,3,0
-3,-35,Breda,12555,5130,835,444,3339,229,577,0,6.78,53.4,66.5,4,0
-4,-34,Breda,4205,1750,285,94,741,47,122,0,8.74,33.0,57.0,1,0
-3,-37,Breda,13395,6330,1030,435,5587,365,565,0,8.71,41.9,30.0,3,0
-2,-36,Breda,5220,2475,403,146,2992,218,190,0,15.13,37.7,49.6,2,0
-1,-36,Oosterhout,2840,2030,339,48,1580,86,62,0,58.44,5.6,13.8,2,1
-2,-37,Breda,13130,6175,1005,391,4673,335,509,0,8.12,38.5,36.3,3,0
-2,-38,Breda,5435,2805,456,132,629,47,172,0,9.85,29.0,22.0,1,0
-2,-39,Breda,835,465,76,28,116,10,36,0,4.14,37.0,12.0,1,0
-4,-37,Breda,16875,7410,1206,500,10265,382,650,0,22.7,42.2,51.6,2,0
-5,-36,Breda,630,485,79,2,1098,65,2,0,107.15,2.0,8.0,1,0
-2,-41,Zundert,1230,905,127,6,176,12,8,0,573.9,4.3,12.1,2,0
-5,-35,Breda,8910,4750,773,204,5444,191,265,0,34.34,24.8,37.3,4,0
-5,-37,Breda,780,455,74,10,4190,20,13,0,10.62,14.0,15.0,1,0
-5,-34,Breda,8440,4360,709,154,1490,83,200,0,12.72,21.6,36.7,2,0
-6,-34,Breda,5235,2745,447,86,1583,108,112,0,14.91,19.6,27.3,3,0
-6,-33,Breda,5015,2650,430,66,450,34,85,0,12.18,15.2,33.0,3,0
-1,-37,Breda,5545,2955,481,53,2158,93,69,0,13.73,11.0,28.0,1,0
-1,-38,Breda,2330,1155,188,28,487,32,37,0,18.62,15.0,22.0,1,0
0,-38,Breda,605,370,59,5,247,17,6,0,9.22,8.2,4.6,2,1
-1,-39,Breda,4955,2655,432,70,757,55,91,0,10.83,16.1,23.7,2,0
-6,-35,Breda,11435,6000,976,117,2802,175,152,0,18.09,12.0,22.0,1,0
-2,-35,Breda,8870,4400,716,107,3918,88,140,0,10.56,15.0,24.0,1,0
-4,-33,Breda,115,55,9,1,555,27,1,0,390.67,8.0,13.0,1,0
-2,-34,Oosterhout,3795,1870,315,77,401,34,101,0,20.79,23.9,37.9,3,0
35,-44,Deurne,9520,4815,598,142,1201,93,184,0,11.08,23.4,34.8,8,1
36,-44,Deurne,11625,5945,738,57,876,76,74,0,14.34,7.9,36.3,7,0
35,-43,Deurne,985,530,66,2,66,6,3,0,38.01,3.0,12.0,1,0
35,-45,Deurne,2615,1415,176,31,441,26,40,0,21.55,17.8,33.9,3,1
36,-45,Deurne,1970,1235,153,5,555,42,7,0,30.11,3.1,17.6,3,1
38,-47,Deurne,3355,1970,244,28,224,20,36,0,8.1,11.4,27.9,2,0
41,-50,Deurne,1870,1190,148,8,99,9,10,0,14.03,5.3,21.4,2,0
42,-49,Deurne,455,320,40,2,66,6,2,0,41.7,4.0,38.0,1,0
24,61,Pekela,120,75,8,0,101,8,0,0,0.0,0.0,8.0,1,0
24,58,Pekela,110,60,6,0,14,1,0,0,0.0,3.0,15.0,1,0
1,-34,Dongen,7230,4100,665,230,1644,92,299,0,10.72,35.7,38.5,3,1
0,-33,Dongen,4170,2290,372,45,901,58,58,0,22.02,12.2,27.4,3,0
1,-33,Dongen,5790,2945,478,36,1940,129,47,0,33.71,7.8,28.6,2,0
2,-34,Dongen,6585,3665,595,34,846,58,44,0,19.39,5.7,20.9,3,0
1,-32,Dongen,950,550,89,2,104,6,3,0,62.55,2.2,19.4,2,0
4,-35,Tilburg,45,145,22,7,166,8,9,0,30.34,31.6,0.0,3,3
0,-32,Dongen,3195,2010,330,22,205,13,29,0,17.21,6.8,23.7,2,0
0,-31,Waalwijk,1275,780,107,2,188,12,3,0,59.16,2.3,28.4,2,1
22,-51,Eersel,5520,3375,575,121,487,40,158,0,9.06,20.8,31.5,4,1
23,-51,Eersel,4130,2135,364,41,794,64,54,0,12.88,11.9,30.1,3,0
22,-50,Eersel,1905,1230,209,37,1179,63,48,0,25.22,12.3,22.5,3,0
24,-51,Bergeijk,530,380,59,10,44,2,13,0,4.53,18.3,9.7,2,0
24,-52,Eersel,390,250,43,14,154,7,18,0,1.57,33.0,15.0,1,0
23,-52,Eersel,400,290,49,9,103,8,12,0,8.28,18.0,15.0,1,0
21,-50,Eersel,280,345,49,8,430,25,11,0,50.65,77.6,84.0,2,1
23,-49,Eersel,1375,805,137,10,33,3,12,0,5.22,7.0,18.0,1,0
20,-47,Eersel,2210,1380,235,43,222,18,56,0,5.64,18.6,24.1,2,0
20,-45,Eersel,2150,1260,215,39,33,3,50,0,4.85,17.7,18.7,2,0
22,-48,Eersel,1220,780,133,17,88,8,21,0,5.35,12.4,15.4,2,0
23,-48,Veldhoven,1710,920,167,12,2761,29,15,0,18.92,7.0,38.7,2,0
26,-46,Eindhoven,24845,9315,1507,946,4255,320,1229,0,6.91,64.0,62.1,12,0
25,-45,Eindhoven,21260,6970,1127,830,5008,347,1080,0,5.3,72.5,79.5,9,0
26,-45,Eindhoven,9195,3610,584,163,2247,121,212,0,9.11,35.4,57.8,5,0
27,-47,Eindhoven,15715,6455,1044,195,1643,126,253,0,7.26,19.7,50.5,8,0
26,-47,Eindhoven,6030,2180,353,168,1153,90,219,0,7.04,47.6,58.1,5,2
27,-48,Waalre,9960,5285,1005,208,9907,115,270,0,41.89,20.3,23.5,4,0
27,-46,Eindhoven,9310,3785,612,161,1361,103,210,0,7.15,27.0,56.2,4,0
28,-47,Geldrop-Mierlo,7580,5200,842,97,290,24,126,0,38.92,13.5,20.1,4,1
28,-46,Geldrop-Mierlo,7890,4180,677,46,366,32,60,0,18.08,6.7,17.3,3,0
27,-45,Eindhoven,4520,2285,393,116,559,47,150,0,2.03,38.9,56.8,2,0
26,-44,Eindhoven,3220,1535,269,3,144,13,4,0,55.39,9.2,20.2,4,0
24,-44,Eindhoven,18615,6925,1120,424,2881,181,551,0,10.94,37.1,64.3,6,0
25,-44,Eindhoven,13820,5750,930,385,2026,150,500,0,4.38,42.1,52.5,5,0
23,-43,Eindhoven,12770,6975,1128,94,1547,120,122,0,21.17,8.1,17.4,4,0
24,-43,Eindhoven,16340,7395,1196,285,2236,173,371,0,8.3,25.0,59.0,4,0
22,-43,Eindhoven,135,470,76,12,1384,100,16,0,227.39,8.2,13.6,2,1
23,-42,Eindhoven,6535,3240,524,69,1881,86,89,0,13.74,13.7,37.9,3,0
24,-42,Eindhoven,7460,4720,784,103,841,50,134,0,21.2,9.2,12.3,3,1
25,-43,Eindhoven,12330,5380,870,226,1121,86,294,0,6.02,27.2,51.9,3,0
25,-42,"Nuenen, Gerwen en Nederwetten",1010,595,112,5,57,4,6,0,11.87,4.4,12.7,3,0
25,-46,Eindhoven,21245,8040,1300,654,5652,284,851,0,9.34,50.8,58.3,9,0
24,-45,Eindhoven,17580,6585,1065,469,7446,450,610,0,16.55,46.8,70.2,6,0
24,-46,Eindhoven,11370,5825,1004,210,6906,370,274,0,25.18,19.1,21.5,3,1
23,-44,Eindhoven,130,95,15,1,304,21,1,0,81.96,4.4,19.5,2,1
21,-43,Eindhoven,30,15,2,1,660,30,1,0,70.9,37.8,0.0,1,1
23,-45,Eindhoven,3530,1560,252,48,1197,81,63,0,13.93,19.2,20.8,3,1
23,-46,Veldhoven,12845,6110,1090,245,2029,163,318,0,9.48,22.7,29.9,6,1
22,-45,Eindhoven,0,215,35,13,454,28,17,0,75.22,37.8,0.0,1,1
21,-45,Eindhoven,5,5,1,0,110,10,0,0,0.0,37.8,0.0,1,1
25,-47,Eindhoven,10650,4870,788,195,2255,152,254,0,12.17,25.3,50.2,3,0
26,-48,Waalre,2915,1595,314,42,652,25,55,0,43.78,13.0,32.0,2,1
25,-48,Veldhoven,3400,1985,354,86,553,41,112,0,12.71,23.1,33.5,2,0
-7,-37,Etten-Leur,15565,7835,1349,299,2074,158,389,0,8.21,22.6,40.6,12,1
-8,-37,Etten-Leur,4690,2500,430,79,960,79,103,0,11.13,18.1,32.5,7,1
-8,-38,Etten-Leur,200,585,101,9,1490,63,11,0,110.98,8.3,10.7,2,1
-6,-37,Etten-Leur,210,120,21,0,2928,12,1,0,6739.77,2.0,9.0,1,0
-7,-36,Etten-Leur,6345,3080,530,138,789,68,179,0,6.29,25.7,39.6,5,0
-8,-36,Etten-Leur,8310,4235,729,124,686,61,161,0,6.62,17.0,27.5,6,0
-9,-37,Halderberge,5080,3065,487,32,172,14,41,0,3.98,6.6,29.7,2,0
-7,-38,Etten-Leur,8095,3880,668,110,1038,90,143,0,10.75,16.4,37.9,7,0
-4,-29,Geertruidenberg,13950,7135,1126,285,1621,143,371,0,10.35,25.3,42.4,4,0
-3,-29,Geertruidenberg,5645,3035,479,57,1300,104,75,0,19.71,12.0,29.0,1,0
-4,-28,Geertruidenberg,40,350,55,21,476,41,27,0,14.53,38.0,58.0,1,0
-2,-30,Geertruidenberg,2285,1395,220,16,232,21,21,0,15.46,7.6,25.0,2,0
-5,-28,Geertruidenberg,20,25,4,1,770,36,1,0,36.31,20.2,0.0,1,1
-5,-29,Geertruidenberg,50,20,3,1,220,10,1,0,249.12,28.0,62.0,1,0
2,-36,Gilze en Rijen,12710,6670,1093,217,1071,96,282,0,7.56,20.1,35.3,7,0
1,-35,Gilze en Rijen,3795,1930,317,8,88,8,10,0,26.63,2.4,40.9,2,0
3,-37,Gilze en Rijen,520,835,137,7,217,8,8,0,34.05,3.3,10.2,3,0
2,-37,Gilze en Rijen,215,170,28,1,44,4,1,0,2.92,2.7,2.4,2,1
4,-39,Gilze en Rijen,6930,3800,622,89,2214,65,116,0,46.93,14.0,36.8,6,0
1,-37,Gilze en Rijen,690,475,78,5,88,8,7,0,17.56,7.0,14.0,1,0
1,-38,Gilze en Rijen,525,345,57,2,22,1,2,0,8.66,3.0,16.0,1,0
9,-40,Goirle,8660,4570,745,146,1127,93,190,0,12.08,19.0,28.4,8,0
9,-41,Goirle,2530,1345,219,47,662,46,61,0,9.12,23.4,38.3,3,0
8,-40,Goirle,9480,4935,803,86,2064,133,111,0,22.62,11.0,28.1,13,1
8,-39,Tilburg,12060,4680,706,239,4648,252,310,0,16.83,35.7,54.8,14,3
9,-42,Goirle,295,155,25,2,0,0,2,0,16.82,7.0,19.0,1,0
7,-40,Goirle,2770,1480,241,10,455,34,13,0,44.07,4.3,13.3,3,0
30,-43,Helmond,19475,8760,1400,670,2243,163,871,0,4.22,49.9,59.4,8,0
30,-42,Helmond,14515,6385,1021,238,878,79,310,0,3.99,23.2,59.7,4,0
31,-43,Helmond,9925,4385,701,332,828,72,432,0,4.16,47.2,70.7,4,0
30,-44,Helmond,14490,7290,1165,134,817,73,174,0,7.38,11.5,30.1,5,0
31,-44,Helmond,780,435,70,32,1164,74,42,0,6.6,46.5,66.4,2,1
32,-44,Helmond,9110,4560,729,75,1253,84,97,0,11.41,11.1,36.8,4,0
33,-45,Helmond,125,130,21,2,5672,46,3,0,2810.33,1.0,8.6,2,1
29,-42,Helmond,140,55,9,1,99,5,1,0,12.76,13.0,15.0,1,0
28,-42,Helmond,5315,3160,505,48,66,6,63,0,5.89,9.6,18.3,2,0
29,-43,Helmond,260,270,43,3,795,61,4,0,101.58,7.0,15.0,1,0
32,-43,Helmond,8215,4035,645,93,386,34,121,0,6.29,14.3,31.6,3,0
31,-42,Helmond,4865,2680,428,0,239,19,1,0,237.05,0.1,3.1,2,0
30,-45,Geldrop-Mierlo,13600,6820,1099,86,793,62,111,0,9.41,7.2,28.3,6,0
29,-44,Helmond,3000,1465,234,98,498,43,127,0,6.38,41.3,36.6,2,0
32,-45,Helmond,475,1725,274,33,0,0,43,0,12.12,9.1,27.6,2,0
12,-30,'s-Hertogenbosch,16885,7370,1224,942,2339,184,1224,0,3.42,77.8,63.3,7,0
11,-29,'s-Hertogenbosch,14695,6120,1016,658,3710,282,856,0,5.88,64.7,65.2,8,1
12,-31,Vught,8390,4265,787,267,3114,110,347,0,14.7,34.3,30.0,4,0
13,-30,'s-Hertogenbosch,5790,2635,438,170,1283,81,221,0,8.66,39.0,52.2,6,3
14,-30,Sint-Michielsgestel,445,390,69,14,206,14,18,0,33.3,8.1,15.0,2,1
12,-29,'s-Hertogenbosch,12095,7430,1234,418,3758,253,544,0,11.06,34.4,51.4,7,1
13,-29,'s-Hertogenbosch,4135,1900,316,157,3546,116,204,0,16.54,50.0,36.0,2,0
14,-29,'s-Hertogenbosch,2260,1265,222,10,44,4,13,0,12.78,4.1,15.7,3,0
14,-28,'s-Hertogenbosch,835,290,48,24,66,6,31,0,6.78,61.8,54.5,2,0
13,-28,'s-Hertogenbosch,11575,6115,1016,227,2548,141,296,0,14.15,21.8,27.5,4,0
12,-28,'s-Hertogenbosch,4335,2015,335,74,8675,259,96,0,82.26,23.2,43.5,4,1
13,-27,'s-Hertogenbosch,640,540,90,6,155,14,8,0,16.19,6.4,16.3,2,0
12,-27,'s-Hertogenbosch,12305,5875,976,141,2233,188,183,0,17.5,14.0,32.5,7,1
12,-26,'s-Hertogenbosch,1585,800,133,0,328,29,0,0,44.4,0.2,14.0,2,0
11,-26,'s-Hertogenbosch,2215,925,154,7,484,44,9,0,81.34,3.7,24.8,2,0
11,-27,'s-Hertogenbosch,7615,3955,657,72,1028,88,94,0,13.59,11.0,24.0,5,1
11,-28,'s-Hertogenbosch,15975,6735,1119,299,2089,170,388,0,13.08,27.1,61.4,10,0
10,-28,'s-Hertogenbosch,265,315,52,21,1893,110,27,0,40.07,43.0,35.9,2,1
10,-27,'s-Hertogenbosch,14995,7715,1281,321,2101,165,417,0,8.3,24.9,29.8,10,1
11,-30,'s-Hertogenbosch,5840,2725,453,390,3187,211,507,0,7.31,85.0,58.9,3,0
10,-29,'s-Hertogenbosch,13540,5945,987,412,3308,214,536,0,7.93,42.3,62.7,4,1
9,-28,'s-Hertogenbosch,2870,1730,287,25,321,26,32,0,16.29,8.4,14.0,3,1
9,-27,'s-Hertogenbosch,125,55,9,0,1039,59,1,0,0.48,5.0,19.0,1,0
8,-27,'s-Hertogenbosch,2795,1495,248,68,454,40,88,0,18.74,27.9,8.7,2,0
15,-27,'s-Hertogenbosch,3955,2245,373,33,364,30,43,0,15.17,8.6,27.5,3,0
14,-27,'s-Hertogenbosch,615,265,44,18,88,6,23,0,3.34,41.0,45.0,1,0
16,-28,'s-Hertogenbosch,2245,1590,264,29,155,14,38,0,6.36,11.2,19.6,2,0
15,-28,'s-Hertogenbosch,595,385,64,1,287,24,2,0,86.33,2.0,7.0,1,0
5,-29,Heusden,4580,2570,411,57,155,14,74,0,4.31,14.9,28.2,2,0
6,-29,Heusden,3235,1925,308,25,2095,51,32,0,84.79,8.0,22.0,1,0
6,-30,Heusden,670,395,63,51,1251,109,67,0,20.32,81.0,38.0,1,0
5,-30,Heusden,5695,3105,495,115,298,27,150,0,2.37,24.0,32.6,3,1
7,-28,Heusden,2585,1580,253,10,221,20,13,0,21.84,4.0,14.0,1,0
7,-29,Heusden,2165,1565,250,23,542,51,29,0,20.75,9.0,21.0,1,0
8,-28,Heusden,7150,3750,600,42,0,0,55,0,4.6,7.0,27.0,1,0
9,-29,Heusden,4045,2225,356,135,221,20,176,0,4.7,38.0,32.0,1,0
8,-30,Heusden,4585,2505,401,56,243,22,73,0,6.1,14.0,46.0,1,0
4,-27,Heusden,2910,1650,264,13,155,13,17,0,9.89,5.1,41.1,2,0
6,-28,Heusden,785,485,78,3,44,3,4,0,28.43,4.0,8.0,1,0
5,-27,Heusden,1315,815,130,37,342,28,47,0,4.53,28.0,53.0,1,0
12,-42,Hilvarenbeek,8080,4455,778,140,188,17,182,0,4.65,18.0,31.0,1,0
11,-41,Hilvarenbeek,695,440,77,2,71,3,2,0,39.02,2.0,14.0,1,0
13,-44,Hilvarenbeek,885,595,104,4,88,8,5,0,21.24,4.0,19.0,1,0
12,-41,Hilvarenbeek,1025,610,107,2,22,2,2,0,12.15,1.6,14.8,2,0
14,-43,Hilvarenbeek,3015,1920,335,34,308,24,44,0,11.65,10.0,20.0,1,0
14,-44,Hilvarenbeek,655,340,59,1,88,8,1,0,9.12,1.0,15.0,1,0
14,-42,Hilvarenbeek,570,375,66,1,144,11,1,0,216.13,1.0,15.0,1,0
14,-41,Hilvarenbeek,350,195,34,2,0,0,2,0,1.12,5.0,13.0,1,0
3,-32,Loon op Zand,8245,4450,676,74,2792,181,96,0,46.9,11.3,37.7,10,0
3,-31,Waalwijk,5055,2945,421,94,2485,173,123,0,22.51,20.0,31.2,5,0
2,-31,Waalwijk,3590,2360,328,11,280,19,15,0,8.97,3.4,23.3,2,0
4,-32,Loon op Zand,5755,3180,483,76,7045,361,99,0,86.15,16.1,35.7,7,0
4,-31,Loon op Zand,295,195,30,1,492,40,1,0,62.46,3.0,14.0,1,0
5,-34,Loon op Zand,2500,1370,208,66,0,0,86,0,11.89,32.0,39.9,2,1
6,-34,Loon op Zand,3535,2020,307,30,2080,135,39,0,63.06,10.6,25.3,4,0
5,-33,Loon op Zand,0,20,3,0,544,35,1,0,104.07,16.2,0.0,1,1
4,-33,Loon op Zand,150,105,16,0,204,10,1,0,426.36,3.0,16.0,1,0
4,-34,Loon op Zand,685,395,60,1,313,21,1,0,441.44,1.0,14.0,1,0
27,-43,"Nuenen, Gerwen en Nederwetten",13750,7600,1460,257,756,63,334,0,5.19,17.7,28.1,3,0
27,-44,"Nuenen, Gerwen en Nederwetten",7075,3810,732,59,964,85,76,0,11.26,8.0,20.0,1,0
28,-44,"Nuenen, Gerwen en Nederwetten",70,55,11,0,77,7,0,0,0.0,0.0,10.0,1,0
17,-41,Oirschot,4675,2495,385,141,203,19,183,0,7.39,36.4,43.6,2,0
18,-41,Oirschot,4000,2415,373,23,684,50,30,0,23.13,5.1,12.5,2,0
16,-41,Oirschot,755,500,77,5,99,9,7,0,18.37,7.0,21.0,1,0
17,-44,Oirschot,2760,1730,267,35,364,29,45,0,10.39,13.0,23.0,1,0
17,-43,Oirschot,1885,1100,170,9,110,10,12,0,12.33,5.4,17.5,2,0
12,-39,Oisterwijk,5450,3140,567,75,487,39,98,0,6.45,13.8,25.6,8,0
10,-36,Oisterwijk,6495,3470,578,57,422,29,74,0,11.53,9.6,26.7,4,0
11,-36,Oisterwijk,4325,2475,447,166,1158,77,216,0,9.69,38.8,40.8,6,0
10,-37,Tilburg,1850,1025,160,15,176,12,20,0,10.38,9.5,13.5,3,0
12,-37,Oisterwijk,3625,1790,323,37,412,37,49,0,7.58,10.0,16.9,5,0
11,-37,Oisterwijk,6270,3300,596,77,1463,126,100,0,11.46,13.5,28.1,8,1
12,-36,Oisterwijk,2600,1260,228,54,144,13,71,0,4.57,23.9,49.5,2,1
12,-35,Oisterwijk,6005,3435,621,89,155,13,116,0,3.73,14.4,25.5,2,0
-2,-33,Oosterhout,15770,9725,1638,784,1838,164,1019,0,12.25,51.7,51.1,6,0
-1,-33,Oosterhout,1335,865,146,30,44,2,39,0,9.39,20.0,54.6,2,1
-3,-32,Oosterhout,7560,4255,717,129,2146,149,168,0,13.06,17.5,26.3,5,1
-2,-32,Oosterhout,10245,5345,900,47,1214,103,61,0,15.73,5.4,33.7,7,0
-1,-34,Oosterhout,1875,905,152,11,7792,233,14,0,18.59,8.3,77.5,2,0
-3,-31,Oosterhout,4445,2370,399,43,2344,112,56,0,50.78,10.8,50.2,4,0
-2,-31,Oosterhout,1800,1040,175,35,94,9,46,0,8.39,20.0,26.0,1,0
-3,-33,Oosterhout,3390,1855,312,88,232,20,114,0,6.88,27.5,17.9,3,0
-4,-32,Oosterhout,3150,1695,285,18,243,22,23,0,11.13,7.1,22.2,3,0
-4,-31,Oosterhout,5,85,14,3,4502,45,4,0,1316.79,23.4,0.0,1,1
0,-36,Oosterhout,220,115,19,0,155,14,0,0,0.0,0.0,6.0,1,0
-1,-35,Oosterhout,330,220,37,1,1300,4,1,0,4.75,3.0,19.0,1,0
16,-24,Oss,13930,6860,1052,232,1302,116,301,0,6.01,23.5,35.4,8,0
17,-25,Oss,11560,5490,842,413,1871,157,537,0,4.67,49.6,43.9,10,1
17,-24,Oss,8765,4205,645,183,1210,86,238,0,7.36,29.4,48.2,8,1
18,-25,Oss,305,2000,307,40,1105,48,52,0,22.4,12.6,23.0,2,0
16,-25,Oss,12425,5895,904,216,1541,110,281,0,5.74,25.3,48.6,9,0
16,-26,Oss,3535,1745,268,39,144,13,51,0,4.39,14.8,31.5,3,0
17,-26,Oss,5865,2885,444,44,287,26,57,0,3.65,10.3,34.0,5,0
15,-24,Oss,3855,2100,322,37,188,16,49,0,7.06,12.1,20.5,4,0
16,-23,Oss,115,60,9,2,22,2,2,0,3.09,17.4,5.6,2,1
18,-24,Oss,10685,5570,854,75,588,43,97,0,13.48,8.9,22.7,3,0
17,-23,Oss,165,85,13,0,11,1,0,0,0.14,2.0,17.0,1,0
17,-22,Oss,735,420,64,2,51,4,3,0,26.49,3.0,24.0,1,0
16,-22,Oss,665,375,58,1,44,4,1,0,90.08,1.3,27.6,2,1
16,-21,Oss,1755,1010,155,17,155,14,22,0,7.67,11.2,35.4,2,1
20,-23,Oss,3480,1935,297,43,386,35,56,0,10.86,14.5,36.7,4,1
20,-24,Oss,15,10,2,0,232,21,0,0,18.44,20.6,0.0,1,1
21,-25,Oss,2645,1510,231,23,0,0,29,0,10.22,9.8,37.5,3,1
21,-24,Oss,445,290,44,1,138,10,2,0,33.08,3.0,18.0,1,0
19,-22,Oss,965,545,84,3,66,4,4,0,19.51,4.0,10.1,3,0
12,-22,Oss,3095,1840,282,23,177,14,29,0,10.76,8.0,27.0,1,0
13,-22,Oss,715,435,67,3,158,15,3,0,9.43,4.0,19.0,1,0
14,-21,Oss,860,480,74,6,66,6,8,0,11.25,8.0,33.0,1,0
11,-23,Oss,1145,690,106,5,99,9,6,0,21.05,4.6,22.7,3,0
15,-26,Oss,4265,2340,359,49,336,30,64,0,9.11,13.7,28.5,2,0
16,-27,Oss,270,155,24,1,136,9,1,0,3.43,4.0,11.0,1,0
-9,-40,Rucphen,5095,3000,459,55,199,17,71,0,4.82,12.0,29.5,2,0
-9,-38,Rucphen,10635,5860,899,91,66,6,118,0,5.68,10.6,38.7,3,0
-8,-39,Rucphen,3910,2255,345,24,404,22,31,0,3.76,7.0,34.0,1,0
-8,-40,Rucphen,240,380,58,3,22,2,5,0,148.9,6.0,12.0,1,0
-8,-42,Rucphen,1725,955,146,9,66,6,12,0,7.37,5.8,18.2,2,0
-11,-38,Rucphen,2080,1260,193,11,77,7,15,0,6.92,5.6,30.3,2,0
14,-32,Sint-Michielsgestel,3040,1540,288,86,834,44,112,0,15.09,30.0,44.0,1,0
14,-33,Sint-Michielsgestel,4195,2240,419,49,316,29,64,0,8.49,11.8,20.0,2,0
15,-32,Sint-Michielsgestel,2700,1550,290,38,276,24,49,0,9.14,13.0,37.0,1,0
13,-32,Vught,240,155,29,2,608,39,3,0,13.39,6.8,20.8,2,0
16,-33,Sint-Michielsgestel,420,240,45,2,11,1,2,0,6.74,4.0,8.0,1,0
16,-34,Sint-Michielsgestel,1820,1095,205,5,44,4,7,0,18.36,2.6,16.2,2,0
15,-31,Sint-Michielsgestel,4180,2175,407,42,342,31,55,0,9.68,10.4,23.1,2,0
14,-31,Sint-Michielsgestel,1780,995,186,11,44,4,15,0,9.67,6.2,18.6,2,0
15,-30,Sint-Michielsgestel,6965,3610,675,137,618,54,178,0,4.32,20.6,27.3,2,0
16,-31,Sint-Michielsgestel,1715,1080,202,8,155,14,10,0,15.32,3.7,14.8,2,0
17,-32,Sint-Michielsgestel,385,220,41,2,66,4,3,0,6.63,5.0,13.0,1,0
35,-49,Someren,9510,5085,744,149,574,52,193,0,5.03,19.6,35.0,4,0
36,-50,Someren,2250,1090,159,7,110,9,9,0,7.72,4.1,16.5,4,0
33,-47,Someren,1720,970,142,6,66,6,8,0,10.97,4.1,17.2,3,0
37,-51,Someren,2900,1725,252,26,110,10,34,0,5.83,10.4,22.1,4,1
36,-51,Someren,930,585,86,0,44,4,0,0,0.33,0.4,12.8,2,0
34,-48,Someren,410,195,29,11,0,0,15,0,2.43,40.0,49.0,1,0
34,-49,Someren,455,270,40,1,353,21,1,0,507.1,1.5,14.4,2,0
33,-48,Someren,125,65,10,1,44,2,1,0,58.27,8.0,12.0,1,0
32,-47,Someren,70,55,8,1,44,2,2,0,32.16,17.0,13.0,1,0
32,-46,Someren,120,90,13,0,1700,4,0,0,0.0,0.0,5.0,1,0
37,-52,Someren,110,65,10,0,44,2,0,0,0.0,0.0,23.0,1,0
24,-41,Son en Breugel,6500,3635,678,173,575,49,224,0,3.11,25.6,32.7,2,0
23,-40,Son en Breugel,4340,2425,452,9,508,45,12,0,55.51,2.0,11.0,1,0
23,-41,Son en Breugel,1115,645,120,12,247,23,16,0,8.93,10.0,11.0,1,0
22,-40,Son en Breugel,2305,1120,209,6,0,0,8,0,4.43,3.0,28.0,1,0
24,-40,Son en Breugel,3460,1830,341,24,266,23,31,0,18.4,7.0,28.0,1,0
-19,-36,Steenbergen,7000,3935,555,152,2352,100,198,0,15.84,27.3,38.9,3,1
-18,-37,Steenbergen,1400,720,102,3,328,31,4,0,39.95,3.0,18.0,1,0
-19,-37,Steenbergen,3830,2075,293,18,281,19,23,0,31.38,6.0,22.0,1,0
-15,-37,Steenbergen,2440,1410,199,12,54,5,16,0,9.75,6.4,18.2,2,0
-21,-35,Steenbergen,400,225,32,1,44,4,1,0,46.37,3.0,19.0,1,0
-18,-33,Steenbergen,5405,2895,408,53,265,14,69,0,9.15,13.0,39.0,1,0
-17,-34,Steenbergen,150,100,14,0,550,27,0,0,0.0,0.0,12.0,1,0
-22,-36,Steenbergen,1970,1195,169,8,177,16,11,0,20.95,5.0,21.0,1,0
-22,20,Waterland,4380,1940,383,88,639,48,114,0,23.6,24.4,43.9,2,0
-22,19,Waterland,5120,2325,459,57,2218,54,74,0,37.38,12.5,25.2,6,0
-20,20,Waterland,1730,835,165,24,286,22,32,0,8.33,15.1,29.0,2,0
-23,18,Waterland,2760,1325,262,39,329,26,51,0,7.61,15.0,30.0,1,0
-26,21,Waterland,1755,850,168,18,0,0,24,0,10.18,11.0,22.0,1,0
-24,18,Waterland,555,330,65,7,44,2,8,0,6.75,10.0,23.0,1,0
8,-38,Tilburg,28770,10185,1533,962,4746,297,1251,0,5.59,63.9,66.7,21,0
9,-38,Tilburg,14690,6040,909,349,4744,285,454,0,13.66,38.3,46.8,17,1
9,-39,Tilburg,19110,7505,1130,334,4144,199,434,0,15.71,29.7,56.9,21,2
7,-37,Tilburg,18435,6930,1043,482,3822,202,627,0,7.19,46.6,61.7,17,0
8,-37,Tilburg,17940,7430,1118,410,3519,216,533,0,7.49,36.9,50.7,17,1
10,-39,Tilburg,505,265,40,30,5567,48,39,0,135.47,71.0,69.6,4,2
7,-38,Tilburg,12500,4895,737,289,2669,183,375,0,9.3,46.2,49.4,11,0
7,-39,Tilburg,4765,2555,385,15,1227,67,19,0,110.91,3.0,7.4,5,1
6,-37,Tilburg,9465,3900,587,241,1319,90,313,0,5.03,41.2,69.3,9,2
6,-38,Tilburg,20,5,1,0,281,16,0,0,29.75,33.7,0.0,1,1
7,-36,Tilburg,16940,6770,1019,474,1888,109,617,0,5.33,48.0,67.5,14,1
8,-36,Tilburg,4725,2215,333,116,1153,53,151,0,11.53,36.6,47.4,7,1
9,-37,Tilburg,2640,1740,262,21,1019,65,27,0,38.53,5.5,14.8,7,2
5,-36,Tilburg,3905,2270,342,80,2882,115,104,0,38.11,21.2,42.8,8,5
5,-37,Tilburg,13345,6925,1042,127,2452,164,165,0,22.46,13.6,24.3,12,1
4,-36,Tilburg,16810,8915,1342,41,2557,179,54,0,61.7,3.0,22.1,12,0
4,-37,Tilburg,8775,4200,632,82,2546,160,107,0,28.74,12.8,25.3,8,1
3,-35,Tilburg,75,630,95,30,330,30,39,0,14.46,0.4,43.4,2,1
3,-36,Tilburg,830,405,61,0,50,4,0,0,0.0,0.0,24.0,1,0
6,-36,Tilburg,115,775,117,35,653,37,46,0,16.57,7.3,17.2,2,1
4,-38,Tilburg,15,5,1,0,2588,12,0,0,854.34,33.7,0.0,1,1
5,-38,Tilburg,625,50,8,6,655,33,8,0,37.52,83.0,97.0,1,0
7,-35,Tilburg,135,75,11,0,11,1,0,0,0.0,0.0,18.0,1,0
9,-36,Tilburg,8025,4270,643,114,1713,112,149,0,15.56,18.3,29.1,7,0
8,-34,Tilburg,695,260,39,5,116,10,6,0,7.0,14.4,41.4,2,0
9,-35,Tilburg,5360,3590,540,50,938,54,65,0,20.98,9.0,19.9,4,0
9,-34,Tilburg,1460,730,110,3,201,14,4,0,15.54,2.7,19.0,2,0
8,-35,Tilburg,1955,1050,158,35,281,19,45,0,12.21,23.1,43.1,2,0
10,-35,Tilburg,45,40,6,0,66,3,0,0,0.0,0.0,5.0,1,0
10,-34,Tilburg,705,325,49,6,177,12,8,0,36.19,34.0,45.3,2,0
27,-51,Valkenswaard,16975,9265,1358,461,949,86,599,0,5.38,32.3,47.2,7,0
28,-51,Valkenswaard,4880,2520,369,47,798,61,61,0,7.65,12.8,37.9,2,0
28,-52,Valkenswaard,3100,1770,259,52,598,46,67,0,5.26,20.0,30.0,1,0
29,-52,Valkenswaard,490,850,125,12,0,0,15,0,4.39,10.1,17.9,2,0
26,-51,Valkenswaard,3080,1785,262,15,177,16,20,0,7.19,5.3,28.8,3,0
26,-50,Valkenswaard,50,50,7,2,132,12,2,0,6.56,22.2,0.0,1,1
27,-52,Valkenswaard,2270,1115,163,5,132,12,6,0,30.81,3.0,12.0,1,0
29,-55,Valkenswaard,790,520,76,7,44,4,9,0,6.56,9.9,19.0,2,0
24,-48,Veldhoven,5475,3010,553,83,1203,97,108,0,9.76,15.0,21.0,1,0
24,-47,Veldhoven,8110,3895,716,265,3185,279,345,0,8.56,37.0,45.5,2,0
23,-47,Veldhoven,9895,4905,902,127,994,89,165,0,7.71,14.2,36.0,3,0
22,-46,Veldhoven,4035,2075,382,68,221,20,89,0,4.72,17.9,28.8,2,0
12,-32,Vught,9435,4695,871,174,1755,148,226,0,10.1,20.7,37.0,5,0
11,-31,Vught,1245,380,71,21,199,18,27,0,4.32,30.0,52.0,1,0
13,-33,Vught,4610,1925,357,59,597,47,77,0,12.97,16.2,42.8,2,0
12,-33,Vught,2940,1600,297,43,612,48,55,0,7.24,14.7,34.2,2,0
10,-31,Vught,825,445,83,2,199,16,3,0,99.26,3.0,26.0,1,0
10,-32,Vught,140,110,20,1,144,7,2,0,57.93,7.0,20.0,1,0
11,-33,Vught,4285,2440,453,63,221,20,82,0,5.57,14.2,26.1,2,0
9,-31,Vught,335,270,50,8,11,1,10,0,1.81,15.0,12.0,1,0
10,-33,Vught,100,65,12,1,11,1,1,0,68.82,5.0,14.0,1,0
26,-49,Waalre,7370,4020,796,106,769,54,138,0,8.79,13.5,22.8,2,0
4,-30,Waalwijk,21590,11120,1518,414,2022,171,539,0,8.21,27.2,41.2,6,0
3,-30,Waalwijk,8825,4620,631,213,1780,121,277,0,10.0,34.0,35.5,3,0
4,-29,Waalwijk,4080,2150,294,81,464,42,106,0,5.94,27.8,46.1,2,0
3,-29,Waalwijk,310,1000,137,32,1139,67,41,0,8.23,23.1,0.0,1,1
2,-30,Waalwijk,4070,2210,302,39,246,23,51,0,8.0,13.0,45.0,1,0
0,-30,Waalwijk,3815,2165,296,35,221,19,46,0,4.98,12.0,32.0,1,0
-13,-47,Woensdrecht,5875,3190,509,87,840,47,113,0,14.9,17.0,37.0,1,0
-14,-46,Woensdrecht,4535,2625,419,21,1081,44,27,0,18.14,5.0,27.2,2,0
-13,-46,Woensdrecht,40,85,14,2,314,17,3,0,97.64,15.0,20.0,1,0
-12,-46,Woensdrecht,1730,1075,172,19,261,16,25,0,15.92,11.1,18.1,2,0
-12,-49,Woensdrecht,4150,2300,367,44,378,24,57,0,16.29,12.0,25.0,1,0
-13,-48,Woensdrecht,425,300,48,0,395,18,0,0,0.0,0.0,6.0,1,0
-12,-48,Woensdrecht,815,580,93,3,167,8,4,0,32.33,3.0,13.0,1,0
-9,-51,Woensdrecht,3540,1900,303,42,288,17,55,0,10.36,14.0,24.0,1,0
-9,-50,Woensdrecht,330,215,34,2,157,8,3,0,2.89,6.0,22.0,1,0
-3,-44,Zundert,7225,4075,561,129,259,23,168,0,5.35,23.0,34.0,1,0
-4,-43,Zundert,1250,730,100,0,247,21,0,0,0.0,0.0,15.0,1,0
-4,-44,Zundert,1110,635,87,11,309,23,15,0,17.5,13.0,26.0,1,0
-5,-45,Zundert,660,400,55,6,48,5,8,0,15.2,11.0,21.0,1,0
-4,-41,Zundert,4440,2395,329,53,213,18,69,0,8.65,16.0,28.0,1,0
-30,22,Wormerland,1085,590,99,7,0,0,9,0,2.26,7.0,9.0,1,0
-28,23,Wormerland,1145,610,103,8,148,12,11,0,15.27,8.0,19.0,1,0
-28,21,Wormerland,320,195,33,8,0,0,11,0,1.35,25.0,30.0,1,0
-30,23,Wormerland,685,435,73,5,72,6,6,0,12.1,6.4,27.7,2,0
61,-80,Landgraaf,9855,5365,755,211,795,72,275,0,4.45,28.1,42.6,7,0
62,-81,Landgraaf,4510,2775,391,125,678,41,163,0,6.69,31.3,39.3,4,0
61,-81,Heerlen,9215,4400,556,150,1595,86,195,0,8.78,26.6,48.5,7,0
62,-82,Heerlen,15670,8455,1074,217,2071,139,282,0,11.16,22.0,43.2,7,0
62,-80,Landgraaf,8825,5000,704,151,618,53,196,0,6.57,22.3,35.1,4,0
61,-79,Landgraaf,3195,1960,276,20,456,34,26,0,8.81,7.4,23.3,2,0
62,-79,Landgraaf,4045,2300,324,87,427,37,113,0,2.58,27.2,39.8,2,0
63,-79,Landgraaf,665,440,62,12,44,4,16,0,5.5,20.0,28.0,1,0
60,-78,Landgraaf,5,10,1,0,160,8,0,0,0.0,22.7,0.0,1,1
52,-77,Beek,8365,4885,747,284,2268,96,369,0,6.44,38.0,39.0,1,0
53,-77,Sittard-Geleen,7230,3955,572,163,531,37,212,0,4.2,30.6,35.9,2,0
54,-78,Beek,3350,2015,308,31,172,13,40,0,5.02,10.0,24.0,1,0
52,-78,Stein,930,605,90,3,3245,62,4,0,880.81,3.6,13.8,2,0
54,-79,Beekdaelen,3220,2100,320,29,0,0,38,0,1.66,9.0,15.9,2,0
53,-78,Beek,170,100,15,0,180,17,0,0,0.0,0.0,22.0,1,0
53,-79,Beek,645,315,48,9,317,18,12,0,49.56,20.3,1.6,2,1
52,-56,Beesel,4835,2570,403,52,88,8,67,0,7.64,12.8,36.6,2,0
50,-57,Beesel,2065,1270,199,16,48,5,21,0,7.16,8.0,22.0,1,0
51,-57,Beesel,135,60,9,0,22,1,0,0,0.0,0.0,4.0,1,0
49,-57,Leudal,2645,1645,265,34,199,15,44,0,5.9,12.7,20.8,2,0
51,-58,Roermond,1200,645,100,5,77,7,7,0,9.75,5.0,11.6,3,0
39,-35,Bergen (Limburg),385,275,35,1,110,6,2,0,294.37,3.4,14.3,2,1
40,-35,Bergen (Limburg),4640,2630,336,41,580,51,53,0,14.11,12.3,35.4,2,0
38,-33,Bergen (Limburg),2105,1315,168,8,66,6,10,0,33.81,4.4,26.9,2,0
40,-32,Bergen (Limburg),1510,915,117,6,221,20,8,0,37.8,5.0,29.0,1,0
42,-38,Bergen (Limburg),1995,1290,165,2,55,5,2,0,35.66,1.1,24.2,2,0
43,-39,Venray,2305,1390,211,12,288,21,15,0,33.8,6.1,17.6,2,0
45,-40,Bergen (Limburg),635,415,53,1,44,4,1,0,62.51,2.0,28.0,1,0
58,-78,Brunssum,9915,5860,759,163,578,51,212,0,4.88,22.9,29.3,12,0
57,-78,Brunssum,9935,5790,773,158,684,60,205,0,4.52,21.3,36.4,8,0
58,-77,Brunssum,11720,6215,806,264,932,77,343,0,3.22,34.1,43.2,18,1
57,-76,Brunssum,100,70,9,1,22,2,1,0,5.92,7.0,11.0,1,0
57,-77,Beekdaelen,1710,1120,169,10,155,12,13,0,7.69,8.5,24.3,2,0
59,-78,Brunssum,2380,1355,176,27,909,28,35,0,4.52,14.9,36.2,5,2
32,-27,Gennep,2885,1790,232,16,199,16,20,0,12.61,6.8,18.1,3,0
34,-29,Gennep,7080,3775,489,98,802,64,128,0,7.51,20.6,43.3,5,0
36,-30,Gennep,215,120,16,2,88,4,3,0,40.57,14.0,25.0,1,0
35,-28,Gennep,780,540,70,1,88,6,1,0,39.17,1.5,15.2,2,0
35,-30,Gennep,5765,3180,412,38,1007,36,49,0,40.26,9.7,31.2,3,0
57,-79,Heerlen,10055,5285,662,194,342,31,252,0,2.8,31.8,51.7,5,0
58,-79,Heerlen,7195,3810,464,152,1079,82,198,0,4.53,33.3,58.7,4,0
58,-80,Heerlen,3035,1900,238,15,368,28,20,0,55.67,6.6,40.1,3,0
59,-79,Heerlen,9970,5075,619,191,740,65,248,0,8.38,31.4,47.0,6,0
60,-80,Heerlen,5285,2515,307,85,342,31,111,0,3.72,29.2,62.2,5,0
59,-80,Heerlen,9485,4985,608,108,1216,88,140,0,23.94,19.1,43.7,6,0
60,-81,Heerlen,10970,4965,605,383,3195,223,498,0,11.49,65.6,65.9,8,1
59,-81,Heerlen,15,105,13,5,3719,69,6,0,63.55,35.2,0.0,1,1
60,-82,Heerlen,3730,2160,263,96,677,58,125,0,11.02,38.0,30.4,2,0
61,-83,Heerlen,445,160,20,3,154,8,4,0,13.59,25.1,4.2,2,1
61,-82,Heerlen,9595,5235,638,287,1838,90,373,0,5.03,45.0,41.2,5,0
63,-84,Heerlen,70,225,27,8,215,16,10,0,21.1,28.0,17.0,1,0
62,-83,Kerkrade,3280,1830,222,98,724,45,127,0,6.11,44.0,48.0,1,0
63,-83,Kerkrade,7355,3980,484,89,1016,91,116,0,11.66,18.8,46.1,3,0
64,-83,Kerkrade,11925,5980,727,351,874,76,456,0,3.49,48.1,52.7,3,0
64,-82,Kerkrade,6670,3170,385,181,913,82,235,0,3.44,47.6,63.5,3,0
65,-83,Kerkrade,2245,1185,144,68,189,16,88,0,5.88,47.0,49.0,1,0
63,-80,Kerkrade,3110,1820,221,92,83,6,119,0,2.77,42.5,41.4,2,0
63,-81,Kerkrade,4800,2785,338,30,563,51,39,0,10.67,8.8,22.9,2,0
64,-81,Kerkrade,2050,1255,152,21,0,0,28,0,2.27,14.0,24.0,1,0
52,-84,Maastricht,19635,6470,991,624,4341,337,811,0,10.99,68.4,62.4,7,0
51,-83,Maastricht,16325,4350,666,425,2738,166,552,0,6.56,66.3,74.3,7,1
52,-83,Maastricht,14725,4350,666,337,3095,230,439,0,7.99,50.5,74.3,4,0
51,-84,Maastricht,17210,6810,1043,476,2231,123,618,0,5.07,45.3,54.5,5,0
51,-85,Maastricht,1455,740,113,15,121,11,19,0,6.64,13.0,32.0,1,0
50,-83,Maastricht,11675,4875,746,266,827,68,346,0,4.27,37.4,64.8,4,0
50,-82,Maastricht,1985,870,133,57,177,16,74,0,1.7,42.6,41.9,2,0
51,-82,Maastricht,1570,705,108,47,221,19,62,0,3.89,44.0,61.0,1,0
52,-82,Maastricht,3155,1205,185,94,721,48,122,0,6.77,51.0,83.6,2,1
53,-84,Maastricht,14075,5725,877,355,3732,247,461,0,5.74,40.7,49.7,2,0
53,-83,Maastricht,6505,2930,449,90,814,68,117,0,5.79,20.0,31.0,1,0
50,-81,Maastricht,1710,920,141,24,22,2,31,0,4.61,17.0,33.0,1,0
51,-80,Meerssen,6065,3470,565,53,156,13,69,0,4.6,9.4,18.7,2,0
52,-81,Meerssen,7355,3885,640,174,2826,66,227,0,16.97,27.8,40.9,4,1
53,-85,Maastricht,7225,2830,433,249,899,70,324,0,2.49,58.5,65.8,2,0
54,-85,Maastricht,6965,3095,474,174,464,42,226,0,32.6,36.6,45.0,2,0
54,-81,Beekdaelen,915,605,93,6,0,0,7,0,35.19,5.5,10.6,3,1
53,-82,Meerssen,65,35,6,0,124,11,0,0,11.33,4.0,11.0,1,0
53,-80,Meerssen,2805,1735,286,18,123,10,24,0,15.14,6.4,15.8,2,0
51,-78,Meerssen,1025,675,111,20,0,0,25,0,2.01,17.6,24.7,2,0
52,-79,Meerssen,1460,895,147,19,460,26,25,0,3.96,13.1,16.1,2,0
51,-79,Meerssen,330,240,40,3,66,5,4,0,10.79,8.0,8.0,1,0
28,-24,Mook en Middelaar,3725,2055,382,61,898,69,79,0,13.15,16.0,24.0,1,0
30,-26,Mook en Middelaar,2970,1770,329,66,77,7,86,0,4.12,20.0,32.0,1,0
31,-26,Mook en Middelaar,350,250,46,8,0,0,11,0,12.21,18.0,19.0,1,0
31,-27,Mook en Middelaar,875,600,111,3,235,16,4,0,26.41,3.0,16.0,1,0
40,-56,Nederweert,7435,4140,601,120,1318,80,156,0,11.49,20.0,41.0,1,0
40,-55,Nederweert,4345,2835,411,44,177,16,58,0,38.65,11.0,26.8,2,0
41,-53,Nederweert,720,470,68,3,22,2,3,0,26.08,3.6,8.7,2,0
41,-55,Nederweert,355,200,29,2,88,8,2,0,16.29,6.0,14.0,1,0
41,-56,Nederweert,1350,860,125,1,1422,15,2,0,130.6,1.0,13.0,1,0
44,-58,Nederweert,895,565,82,1,66,6,1,0,80.77,1.0,21.0,1,0
51,-61,Roermond,12030,5710,881,541,2714,194,703,0,5.76,62.3,60.7,4,0
51,-62,Roermond,11595,5620,868,342,1359,117,445,0,4.25,40.0,46.1,5,0
52,-62,Roermond,13660,6785,1047,190,927,69,247,0,10.91,19.5,53.4,7,0
53,-63,Roermond,145,85,13,4,839,45,5,0,69.47,29.3,0.0,1,1
52,-63,Roermond,800,420,65,12,199,18,16,0,1.64,21.1,24.3,2,0
50,-60,Roermond,1115,645,100,5,77,7,6,0,5.45,5.0,18.0,1,0
52,-61,Roermond,2925,1800,278,70,985,32,91,0,10.22,30.5,48.7,3,0
53,-62,Roermond,255,175,27,2,0,0,3,0,2.11,8.0,17.0,1,0
53,-61,Roermond,925,540,83,3,44,4,3,0,7.01,3.0,20.0,1,0
50,-62,Roermond,6240,3120,482,60,498,40,78,0,14.01,12.1,18.0,3,0
51,-63,Roermond,2135,1320,204,2,1504,85,3,0,451.42,1.0,14.0,1,0
51,-59,Roermond,3970,2170,335,71,132,12,93,0,3.36,21.1,38.6,2,0
50,-59,Roermond,160,145,22,0,22,2,0,0,98.64,1.0,14.0,1,0
52,-59,Roermond,2695,1490,230,7,243,22,9,0,23.71,3.0,27.0,1,0
52,-60,Roermond,1005,615,95,4,44,4,5,0,11.63,4.0,16.0,1,0
50,-61,Roermond,115,75,12,0,265,24,0,0,0.0,0.0,28.0,1,0
62,-84,Simpelveld,4715,2755,375,104,387,31,135,0,4.26,28.0,40.7,3,0
61,-84,Simpelveld,655,450,64,4,22,2,5,0,5.6,6.1,10.9,4,1
64,-86,Simpelveld,4135,2490,339,71,145,12,92,0,4.26,21.0,35.0,1,0
63,-86,Simpelveld,485,320,44,5,88,8,6,0,18.46,11.0,14.0,1,0
63,-85,Simpelveld,285,170,23,2,180,17,3,0,10.73,9.0,12.0,1,0
50,-76,Stein,4315,2590,375,85,132,12,110,0,3.56,22.7,24.8,3,0
50,-75,Stein,2600,1600,232,14,243,18,18,0,11.19,6.0,28.0,1,0
51,-76,Stein,4555,2670,387,102,545,42,133,0,8.57,26.7,39.3,3,1
51,-77,Stein,6915,4185,607,79,386,33,103,0,4.32,13.0,24.0,1,0
50,-74,Stein,4550,2885,418,82,7920,52,106,0,97.13,19.6,28.6,2,0
49,-74,Stein,995,600,87,17,0,0,21,0,6.64,19.0,31.0,1,0
62,-87,Vaals,1370,850,101,7,77,7,10,0,3.83,7.6,29.9,2,0
64,-88,Vaals,60,45,5,0,66,6,0,0,355.88,3.0,26.0,1,0
64,-87,Vaals,720,405,47,11,0,0,15,0,5.93,24.0,43.0,1,0
65,-89,Vaals,140,90,10,1,199,12,1,0,94.56,9.0,7.0,1,0
65,-88,Vaals,7510,3280,377,219,438,41,284,0,2.21,58.0,60.0,1,0
51,-50,Venlo,15825,7040,948,503,2875,194,653,0,7.02,56.1,52.9,13,2
52,-51,Venlo,8715,3945,531,107,1192,98,138,0,7.19,20.3,47.5,9,0
51,-51,Venlo,3690,1810,244,69,5739,110,90,0,21.22,28.6,47.8,6,1
52,-50,Venlo,10860,5410,728,247,1292,77,321,0,4.51,34.0,28.9,10,0
51,-49,Venlo,9105,4175,562,231,3297,159,300,0,14.33,42.7,50.6,8,2
53,-51,Venlo,1270,630,85,10,33,2,13,0,4.17,13.0,51.6,3,0
53,-52,Venlo,310,70,9,3,792,2,4,0,229.86,60.4,69.4,2,0
52,-49,Venlo,820,585,79,1,2772,10,1,0,1.53,0.8,3.1,2,0
52,-48,Venlo,270,195,26,1,11,1,1,0,21.03,2.0,7.0,1,0
50,-50,Venlo,15810,6930,933,191,1148,94,249,0,9.43,23.0,41.8,10,0
50,-51,Venlo,2090,1130,152,4,88,8,5,0,21.45,2.5,10.7,2,0
49,-50,Venlo,890,470,63,2,0,0,3,0,36.98,4.1,12.6,2,0
50,-49,Venlo,20,200,27,8,1360,80,10,0,112.28,28.9,0.0,2,2
48,-49,Venlo,0,55,7,2,4800,12,3,0,60.79,28.9,0.0,1,1
47,-48,Venlo,0,65,9,3,803,62,3,0,57.22,28.9,0.0,1,1
49,-48,Venlo,5,195,26,8,878,47,10,0,119.01,28.9,0.0,3,3
47,-47,Venlo,135,80,11,1,431,39,1,0,270.15,8.2,16.9,2,1
51,-52,Venlo,15065,7390,995,315,1027,85,409,0,16.26,31.7,36.7,9,1
52,-52,Venlo,3770,1935,260,32,287,26,41,0,6.37,12.2,32.1,4,2
50,-47,Venlo,4865,2590,349,38,221,20,50,0,5.75,11.4,24.3,4,0
49,-47,Horst aan de Maas,4775,2625,368,43,489,43,56,0,11.38,11.2,21.9,6,0
49,-45,Venlo,1060,635,85,3,132,10,4,0,47.74,2.8,21.2,3,1
48,-43,Venlo,2240,1300,175,16,276,22,21,0,21.65,9.2,23.5,2,0
49,-43,Venlo,745,540,73,1,44,2,1,0,40.51,0.7,9.7,2,0
52,-54,Venlo,5015,2655,357,39,99,9,51,0,8.51,11.0,37.0,1,0
51,-53,Venlo,225,235,32,3,287,19,4,0,35.76,1.0,10.0,3,1
39,-41,Venray,515,360,57,3,66,6,4,0,19.53,6.0,20.0,1,0
38,-43,Venray,2375,1380,217,11,0,0,14,0,6.11,5.0,22.0,1,0
38,-40,Venray,1090,660,104,1,44,4,1,0,42.6,1.0,15.0,1,0
35,-39,Venray,250,150,24,1,22,2,1,0,46.86,4.0,28.0,1,0
41,-40,Venray,2515,1285,202,18,375,30,24,0,21.88,9.0,26.0,1,0
43,-41,Venray,1230,790,124,4,0,0,5,0,5.93,3.0,28.0,1,0
43,-42,Venray,855,500,79,5,44,4,7,0,8.03,7.0,22.0,1,0
41,-43,Venray,550,345,54,4,0,0,5,0,5.82,7.0,18.0,1,0
40,-41,Venray,6665,3580,562,94,650,46,122,0,6.36,17.9,29.2,4,0
40,-40,Venray,15445,7450,1170,298,2561,164,387,0,9.11,24.7,46.8,9,0
39,-40,Venray,3660,1775,279,80,481,43,104,0,6.68,32.8,50.7,3,0
40,-39,Venray,2220,2120,333,143,4681,60,186,0,34.07,4.7,15.4,2,0
39,-39,Venray,3575,2030,319,26,389,28,33,0,5.55,7.9,21.7,2,0
41,-38,Venray,405,250,39,2,22,2,3,0,5.62,5.0,27.0,1,0
44,-40,Venray,1215,750,118,5,165,10,6,0,35.12,4.0,32.0,1,0
59,-82,Voerendaal,6680,3800,616,98,431,39,127,0,11.94,16.0,35.2,3,0
59,-84,Gulpen-Wittem,2270,1345,217,38,110,10,50,0,8.08,17.7,34.6,4,1
60,-83,Voerendaal,1610,1005,163,13,132,12,17,0,10.01,8.2,26.8,3,0
57,-82,Voerendaal,2105,1315,212,35,199,16,45,0,6.54,16.5,27.6,4,0
58,-82,Voerendaal,920,575,93,4,44,4,5,0,5.23,4.1,11.1,2,0
58,-83,Valkenburg aan de Geul,1845,1100,173,17,177,10,22,0,8.32,9.6,19.5,3,0
38,-57,Weert,6005,3190,476,41,320,29,54,0,7.39,8.7,20.0,2,0
39,-57,Weert,9930,4850,724,230,1152,94,299,0,4.2,34.5,33.5,6,0
38,-56,Weert,1195,655,98,5,44,4,6,0,6.25,4.6,13.6,3,0
39,-56,Weert,10,160,24,6,132,6,7,0,47.81,23.6,0.0,2,2
40,-58,Weert,5915,2810,419,140,978,80,182,0,5.31,34.0,39.7,3,0
40,-57,Weert,6095,3235,483,56,316,25,72,0,10.16,12.9,29.2,3,0
39,-58,Weert,10810,4950,739,290,839,62,377,0,3.58,39.5,46.5,4,1
40,-59,Weert,240,260,39,0,22,2,0,0,0.0,0.0,8.0,1,0
41,-58,Weert,190,80,12,0,99,7,0,0,15035.12,3.0,7.0,1,0
39,-59,Weert,1970,1055,157,2,132,9,2,0,50.37,1.0,9.0,1,0
38,-58,Weert,30,45,7,2,377,28,2,0,187.72,23.6,0.0,1,1
40,-60,Weert,1050,590,88,2,0,0,2,0,47.93,2.3,14.0,2,0
41,-60,Weert,1115,690,103,1,110,10,2,0,77.07,1.5,12.5,2,0
42,-59,Weert,925,560,84,4,44,4,6,0,10.17,5.0,18.7,2,0
41,-61,Weert,5150,2875,429,70,88,7,91,0,2.84,16.0,28.7,2,0
56,-83,Valkenburg aan de Geul,3675,1840,280,181,381,30,236,0,2.52,64.8,55.5,2,0
55,-82,Valkenburg aan de Geul,2800,1640,249,105,265,20,137,0,4.11,42.6,42.2,4,1
56,-82,Valkenburg aan de Geul,2170,1165,177,35,458,35,45,0,5.94,19.2,42.2,3,0
54,-82,Valkenburg aan de Geul,520,280,43,19,178,9,25,0,5.91,43.0,47.5,2,0
55,-81,Beekdaelen,565,330,50,3,375,19,4,0,19.99,7.8,7.2,2,1
57,-83,Valkenburg aan de Geul,110,70,11,3,12,1,4,0,3.65,32.0,37.0,1,0
58,-84,Valkenburg aan de Geul,380,215,33,7,110,6,9,0,2.48,21.2,22.7,2,1
57,-84,Valkenburg aan de Geul,1620,1020,158,24,0,0,31,0,5.87,15.8,20.8,3,0
56,-84,Eijsden-Margraten,115,60,10,5,188,9,6,0,13.27,49.3,53.6,2,1
55,-83,Valkenburg aan de Geul,4195,2425,369,65,132,12,84,0,3.9,17.6,27.4,3,0
54,-83,Eijsden-Margraten,395,235,39,6,44,3,7,0,6.52,14.8,20.1,2,1
-9,24,Lelystad,7075,2610,478,187,1470,108,243,0,8.59,37.9,53.4,9,2
-9,25,Lelystad,510,295,54,5,0,0,6,0,1.57,9.5,9.1,3,0
-8,23,Lelystad,12860,5865,1075,62,1186,61,81,0,15.64,6.2,25.8,8,1
-9,23,Lelystad,14640,5655,1036,354,3165,170,461,0,10.06,34.4,58.1,17,0
-8,24,Lelystad,305,180,33,0,326,23,0,0,246.59,1.7,3.6,2,1
-7,23,Lelystad,1200,615,113,8,11,1,10,0,1.4,7.0,2.0,1,0
-8,22,Lelystad,8720,3505,642,147,1674,96,191,0,16.49,25.2,54.0,13,3
-7,22,Lelystad,5495,2770,507,14,318,21,18,0,26.71,2.7,4.4,4,0
-10,24,Lelystad,7670,3525,646,50,685,44,65,0,8.29,8.4,35.0,8,1
-10,23,Lelystad,8235,4090,749,72,1236,80,94,0,14.77,9.0,40.6,8,1
-11,24,Lelystad,1050,620,114,61,82,6,80,0,2.81,54.0,27.0,1,0
-11,25,Lelystad,1800,1090,200,4,43,3,5,0,10.25,1.9,2.6,2,0
-9,22,Lelystad,9310,4250,779,60,838,62,78,0,23.1,7.9,17.9,8,1
-10,22,Lelystad,3005,1605,294,29,650,29,38,0,17.61,10.7,18.1,3,0
-11,22,Lelystad,1310,760,139,10,27,2,13,0,9.83,7.0,13.0,1,0
-11,23,Lelystad,175,130,24,12,611,18,16,0,15.86,51.0,12.0,1,0
-6,22,Lelystad,100,45,8,0,44,2,0,0,0.0,0.0,32.0,1,0
-6,20,Lelystad,5,40,7,1,66,5,2,0,274.48,17.0,0.0,1,1
-11,26,Lelystad,0,10,2,0,14,1,0,0,79.71,17.0,0.0,1,1
-8,21,Lelystad,120,340,62,4,155,8,5,0,20.65,5.1,12.9,2,1
-8,25,Lelystad,30,260,48,8,100,6,11,0,42.67,17.0,0.0,3,3
-7,21,Lelystad,5,315,58,10,1093,41,13,0,19.36,17.0,0.0,1,1
39,-45,Horst aan de Maas,470,285,40,0,22,2,0,0,0.0,0.0,15.0,1,0
43,-46,Horst aan de Maas,2325,1270,179,6,66,6,8,0,10.6,3.4,22.7,2,0
44,-45,Horst aan de Maas,2670,1345,189,7,177,16,9,0,17.72,3.5,23.7,2,0
43,-44,Horst aan de Maas,965,600,84,6,11,1,8,0,5.26,7.0,15.0,1,0
45,-46,Horst aan de Maas,2050,1130,159,14,820,38,19,0,41.59,10.4,22.7,2,0
45,-45,Horst aan de Maas,7655,5410,760,152,827,74,198,0,8.08,23.8,35.2,9,1
44,-44,Horst aan de Maas,2605,1525,214,28,4843,38,36,0,5.75,13.0,36.0,1,0
44,-43,Horst aan de Maas,1155,705,99,2,79,6,3,0,84.26,2.0,12.0,1,0
45,-44,Horst aan de Maas,1185,765,108,2,132,12,3,0,71.87,2.0,18.0,1,0
47,-42,Horst aan de Maas,880,585,82,3,66,5,4,0,7.16,4.0,21.0,1,0
48,-44,Horst aan de Maas,1205,740,104,7,66,6,9,0,8.77,7.0,18.0,1,0
48,-45,Horst aan de Maas,790,525,74,1,0,0,2,0,1.61,2.0,9.0,1,0
48,-47,Horst aan de Maas,470,275,39,3,66,6,4,0,7.16,8.0,19.0,1,0
47,-43,Horst aan de Maas,810,515,72,6,22,2,8,0,17.03,7.7,22.0,2,0
45,-47,Horst aan de Maas,5095,2735,384,69,306,23,90,0,5.62,18.0,26.0,1,0
45,-48,Horst aan de Maas,1945,975,137,5,44,4,7,0,9.89,4.0,13.0,1,0
44,-47,Horst aan de Maas,1120,675,95,2,44,4,3,0,39.52,2.4,10.5,2,0
44,-41,Horst aan de Maas,1920,1130,159,9,145,12,12,0,16.08,5.7,16.3,2,0
45,-42,Horst aan de Maas,2205,1310,184,2,294,14,2,0,195.01,0.9,19.5,3,0
42,-17,Oude IJsselstreek,8540,4430,548,104,805,55,136,0,9.72,18.8,40.4,2,0
41,-16,Oude IJsselstreek,1970,1205,149,14,730,46,18,0,21.88,9.4,25.2,2,0
39,-15,Oude IJsselstreek,1805,1070,132,12,146,10,15,0,21.91,8.7,22.8,2,0
41,-17,Oude IJsselstreek,1085,615,76,3,44,4,5,0,10.53,4.6,12.4,2,0
43,-18,Oude IJsselstreek,4150,2290,283,42,22,2,54,0,11.19,14.6,40.3,2,0
44,-20,Oude IJsselstreek,940,580,72,4,22,2,5,0,5.52,5.3,19.2,2,0
41,-19,Oude IJsselstreek,560,345,43,2,22,2,2,0,11.74,4.5,17.5,2,0
41,-15,Oude IJsselstreek,4765,2630,325,59,570,44,76,0,7.45,18.0,40.0,1,0
43,-13,Oude IJsselstreek,5280,3200,396,71,270,21,93,0,8.21,18.0,38.0,1,0
41,-13,Oude IJsselstreek,940,580,72,8,22,2,10,0,2.76,12.1,14.0,2,0
44,-16,Oude IJsselstreek,170,125,15,0,57,4,0,0,0.0,0.0,24.0,1,0
44,-14,Oude IJsselstreek,670,440,54,10,110,8,13,0,13.52,18.0,16.0,1,0
44,-15,Oude IJsselstreek,790,480,59,14,0,0,19,0,5.52,24.0,18.0,1,0
-34,5,Teylingen,6045,2680,517,129,1175,85,167,0,6.97,24.2,36.7,6,0
-33,4,Teylingen,5060,4230,816,152,5841,93,197,0,18.6,14.4,22.3,7,3
-33,5,Teylingen,12210,5955,1149,207,1007,78,269,0,15.32,18.3,27.7,12,0
-32,4,Teylingen,3000,1565,302,78,723,41,101,0,23.19,28.3,44.6,5,0
-32,3,Teylingen,4060,1975,381,120,444,33,156,0,3.22,32.3,43.8,2,0
2,-7,Utrechtse Heuvelrug,3530,1770,342,79,201,15,102,0,3.02,23.0,25.0,1,0
0,-7,Utrechtse Heuvelrug,1130,600,116,68,628,23,88,0,2.28,57.5,56.3,2,0
1,-7,Utrechtse Heuvelrug,2050,1065,206,68,272,16,88,0,2.83,33.0,33.0,1,0
2,-8,Utrechtse Heuvelrug,3555,1885,364,101,315,24,131,0,3.26,28.5,51.6,3,0
-1,-5,Utrechtse Heuvelrug,55,30,6,2,0,0,2,0,2.77,29.0,42.0,1,0
-1,-6,Utrechtse Heuvelrug,13715,6245,1206,407,1751,82,529,0,6.08,34.3,41.3,4,0
5,-9,Utrechtse Heuvelrug,6670,3855,745,141,1861,24,184,0,14.12,19.0,34.0,1,0
5,-8,Utrechtse Heuvelrug,75,70,14,1,26,3,2,0,29.35,10.0,10.0,1,0
4,-8,Utrechtse Heuvelrug,430,30,6,4,33,3,6,0,36.97,77.0,78.0,1,0
5,-6,Utrechtse Heuvelrug,265,135,26,4,4650,16,6,0,1049.04,17.0,23.0,1,0
7,-10,Utrechtse Heuvelrug,5135,2935,567,136,246,17,177,0,3.6,24.0,36.0,1,0
6,-11,Utrechtse Heuvelrug,280,135,26,1,66,6,2,0,33.87,5.0,20.0,1,0
2,-6,Utrechtse Heuvelrug,4270,2350,454,59,196,13,77,0,6.6,13.0,24.0,1,0
3,-6,Utrechtse Heuvelrug,965,595,115,8,250,16,10,0,43.43,7.0,21.0,1,0
4,-7,Utrechtse Heuvelrug,200,80,15,2,405,23,2,0,236.25,10.0,62.0,1,0
45,-11,Oost Gelre,7020,3685,488,50,816,56,65,0,16.29,10.5,18.2,7,0
45,-10,Oost Gelre,3805,2175,288,70,931,62,91,0,14.93,24.2,40.8,7,1
46,-11,Oost Gelre,2260,1290,171,11,248,18,14,0,20.42,6.1,27.8,2,1
44,-11,Oost Gelre,810,440,58,3,75,7,4,0,21.11,5.0,14.0,1,0
43,-11,Oost Gelre,530,325,43,8,0,0,10,0,1.68,18.0,16.0,1,0
43,-9,Oost Gelre,1995,1265,168,15,66,6,20,0,5.7,9.2,15.4,2,0
45,-9,Oost Gelre,740,415,55,1,689,26,1,0,586.31,2.0,14.0,1,0
47,-11,Oost Gelre,490,325,43,3,0,0,4,0,7.33,7.0,11.0,1,0
45,-7,Oost Gelre,7655,4180,553,92,1560,103,120,0,14.51,17.4,25.6,9,0
44,-7,Oost Gelre,1275,725,96,17,226,16,22,0,13.14,18.0,29.0,1,0
46,-7,Oost Gelre,1050,585,77,12,0,0,15,0,16.89,17.0,18.2,2,0
45,-6,Berkelland,140,385,50,11,316,15,14,0,29.64,40.6,16.8,3,2
47,-8,Oost Gelre,95,70,9,0,22,2,0,0,0.0,0.0,0.0,1,0
41,-9,Oost Gelre,930,560,74,10,110,10,13,0,10.9,13.6,18.4,2,0
-34,34,Koggenland,5735,2860,428,67,371,28,87,0,6.46,16.1,25.0,9,0
-34,33,Koggenland,1315,920,138,13,261,27,17,0,18.4,9.1,18.9,3,1
-33,33,Koggenland,120,50,7,0,22,2,0,0,2.34,5.0,9.0,1,0
-33,32,Koggenland,620,360,54,7,33,2,9,0,5.03,12.4,6.4,2,0
-32,33,Koggenland,710,445,67,4,0,0,5,0,11.44,6.3,5.7,2,0
-32,32,Koggenland,865,500,75,22,134,10,28,0,3.97,29.0,31.0,1,0
-31,33,Koggenland,420,200,30,5,33,3,7,0,6.2,17.2,12.6,2,0
-30,32,Koggenland,1395,770,115,20,56,4,25,0,6.69,17.4,23.8,3,0
-29,32,Koggenland,775,415,62,4,1743,12,5,0,9.75,6.9,12.5,2,0
-29,31,Koggenland,160,40,6,0,52,4,0,0,0.4,3.0,23.0,1,0
-33,31,Koggenland,2090,1160,173,16,246,16,21,0,14.08,9.5,19.2,6,0
-32,30,Koggenland,425,230,34,4,44,2,6,0,13.61,12.2,22.6,2,0
-31,31,Koggenland,3815,1975,295,49,456,33,64,0,8.94,16.7,22.1,7,0
-30,30,Koggenland,2950,1745,261,53,393,26,69,0,7.6,21.3,18.8,6,1
-28,30,Koggenland,525,295,44,12,26,2,15,0,2.2,27.1,28.0,2,0
-29,29,Koggenland,435,320,48,1,30,2,1,0,26.05,2.5,10.4,2,0
-25,-11,Lansingerland,6840,3625,785,198,3253,69,257,0,18.33,26.2,28.4,4,0
-25,-10,Lansingerland,4375,2240,485,42,320,24,55,0,10.72,8.9,14.5,4,0
-26,-10,Lansingerland,11270,5290,1145,229,2979,242,297,0,9.39,20.6,31.1,9,2
-26,-11,Lansingerland,4540,2140,463,98,545,44,127,0,13.41,20.8,15.5,4,0
-27,-10,Lansingerland,17540,7365,1594,389,3513,200,505,0,9.83,24.2,28.9,11,0
-27,-9,Lansingerland,5095,2555,553,41,486,43,53,0,9.87,8.1,25.8,3,0
-26,-9,Lansingerland,1340,785,170,0,66,6,0,0,0.0,0.0,0.0,1,0
-27,-11,Lansingerland,2225,1395,302,28,1756,103,37,0,38.25,5.4,19.4,6,3
-25,-9,Lansingerland,11500,6265,1356,182,2019,155,237,0,11.31,14.7,29.6,12,1
-25,-8,Lansingerland,155,175,38,0,1015,50,0,0,0.0,0.0,24.0,1,0
-25,-7,Zuidplas,3595,1805,352,38,441,30,49,0,30.37,13.7,30.2,5,0
46,-58,Leudal,5780,3320,534,128,487,40,167,0,3.94,24.0,32.0,1,0
45,-57,Leudal,805,515,83,22,0,0,28,0,4.29,26.0,35.0,1,0
46,-57,Leudal,3500,2025,326,39,132,12,51,0,4.31,12.0,23.0,1,0
46,-56,Leudal,775,525,84,5,144,13,7,0,10.55,6.0,12.0,1,0
48,-58,Leudal,675,405,65,4,116,10,5,0,17.75,7.8,15.5,2,0
48,-59,Leudal,4385,2630,423,48,199,17,63,0,7.13,11.3,25.4,2,0
49,-59,Leudal,925,580,93,6,167,14,8,0,10.41,6.5,19.2,2,0
48,-60,Leudal,3760,2165,348,36,132,8,47,0,7.32,10.7,21.2,2,0
46,-59,Leudal,2645,1570,253,35,121,10,45,0,4.78,13.5,22.1,2,0
44,-60,Leudal,655,415,67,5,2016,14,7,0,20.31,8.0,27.0,1,0
44,-59,Leudal,550,385,62,1,111,5,2,0,2.01,2.0,14.0,1,0
46,-61,Leudal,1665,1020,164,6,66,5,8,0,13.03,3.7,16.6,2,0
43,-59,Leudal,1110,690,111,10,121,7,13,0,226.64,9.0,17.0,1,0
43,-60,Leudal,345,205,33,2,132,10,2,0,2.91,5.0,10.0,1,0
44,-62,Leudal,490,340,55,1,22,2,2,0,15.68,2.3,11.3,2,0
45,-62,Leudal,975,600,97,7,22,2,9,0,3.05,7.3,14.7,2,0
45,-63,Leudal,1250,795,128,10,88,8,13,0,8.77,7.8,22.1,2,0
46,-63,Leudal,1655,1185,191,7,110,10,9,0,10.02,3.2,16.6,2,0
49,-65,Maasgouw,5755,3455,555,128,254,23,166,0,3.44,23.0,35.0,1,0
49,-64,Maasgouw,1190,790,127,6,433,20,8,0,27.29,5.0,19.0,1,0
50,-65,Maasgouw,80,30,5,1,0,0,1,0,8.71,22.0,41.0,1,0
51,-64,Maasgouw,3845,2370,381,34,132,8,45,0,8.37,9.0,23.0,1,0
49,-63,Maasgouw,4135,2225,357,54,22,2,70,0,1.88,15.0,23.9,2,1
48,-66,Maasgouw,1385,870,140,6,44,4,7,0,11.84,4.0,17.0,1,0
48,-65,Maasgouw,355,205,33,4,66,6,5,0,12.19,11.0,10.0,1,0
47,-66,Maasgouw,195,125,20,3,0,0,3,0,4.47,13.0,18.0,1,0
48,-67,Maasgouw,645,415,67,3,33,3,4,0,6.42,5.0,16.0,1,0
47,-64,Maasgouw,2375,1370,220,31,96,9,40,0,8.73,14.0,32.0,1,0
47,-63,Maasgouw,105,50,8,0,135,10,0,0,24.77,3.0,26.0,1,0
47,-62,Maasgouw,235,185,30,2,11,1,2,0,37.16,6.0,15.0,1,0
48,-63,Maasgouw,2000,1225,197,26,265,20,33,0,7.77,13.0,22.0,1,0
29,-38,Gemert-Bakel,15705,8285,1125,192,1541,119,249,0,9.24,16.9,38.0,4,0
29,-37,Gemert-Bakel,1525,955,130,16,291,25,21,0,21.47,12.3,35.3,2,0
29,-36,Gemert-Bakel,270,160,22,2,144,10,2,0,3.13,7.0,12.0,1,0
30,-39,Gemert-Bakel,880,550,75,4,155,10,6,0,14.78,6.0,21.0,1,0
31,-37,Gemert-Bakel,560,310,42,4,132,10,5,0,35.47,10.0,28.0,1,0
31,-36,Gemert-Bakel,545,330,45,1,0,0,2,0,20.13,3.0,21.0,1,0
33,-42,Gemert-Bakel,4275,2500,339,61,255,16,79,0,6.9,18.0,27.0,1,0
34,-42,Gemert-Bakel,1430,895,122,19,110,10,25,0,5.6,16.0,21.0,1,0
33,-41,Gemert-Bakel,570,270,37,0,44,4,0,0,4.1,1.0,3.0,1,0
33,-38,Gemert-Bakel,860,605,82,14,56,3,18,0,4.05,17.0,27.0,1,0
-14,-36,Halderberge,6230,4050,640,76,516,35,99,0,7.91,13.1,27.6,2,0
-14,-35,Halderberge,575,370,58,0,99,5,0,0,0.0,0.0,5.0,1,0
-15,-35,Halderberge,1200,735,116,8,155,8,10,0,34.49,6.7,34.2,2,0
-12,-36,Halderberge,6430,3040,480,127,1074,78,165,0,7.59,26.4,56.6,2,0
-11,-36,Halderberge,4225,2285,361,35,287,20,46,0,8.4,9.8,37.1,3,0
-11,-37,Halderberge,2405,1290,204,19,117,9,24,0,10.06,9.4,27.8,2,0
-12,-35,Halderberge,315,250,39,1,88,4,1,0,7.2,2.0,5.0,1,0
-10,-37,Halderberge,400,275,43,0,218,13,1,0,501.78,1.0,11.0,1,0
-10,-38,Halderberge,2660,1655,261,18,728,41,24,0,39.91,7.0,25.2,2,0
31,-50,Heeze-Leende,9160,5285,856,94,395,32,122,0,9.08,11.0,24.8,2,1
30,-49,Heeze-Leende,1080,540,87,6,233,18,8,0,7.15,7.0,19.0,1,0
31,-51,Heeze-Leende,3680,2195,356,36,257,22,46,0,8.48,10.0,22.0,1,0
30,-51,Heeze-Leende,150,115,19,0,156,10,0,0,0.0,0.0,2.0,1,0
32,-52,Heeze-Leende,200,110,18,0,55,3,0,0,0.0,0.0,17.0,1,0
32,-51,Heeze-Leende,985,655,106,6,154,8,8,0,6.94,6.0,14.0,1,0
34,-52,Heeze-Leende,855,440,71,14,0,0,18,0,3.26,19.0,18.0,1,0
28,-40,Laarbeek,5865,3110,469,57,718,62,74,0,11.93,12.1,31.9,2,0
27,-39,Laarbeek,3835,2190,330,77,410,36,100,0,5.84,23.2,41.6,2,0
27,-38,Laarbeek,2030,1170,174,10,33,3,13,0,3.31,5.8,18.5,3,0
29,-41,Laarbeek,5340,3030,457,59,288,25,77,0,6.31,13.0,31.9,2,1
28,-41,Laarbeek,230,115,17,1,143,11,2,0,46.24,7.0,17.0,3,1
27,-41,Laarbeek,4320,2535,382,30,252,22,38,0,10.73,7.9,24.2,2,0
25,-39,Laarbeek,2055,1170,176,6,88,8,8,0,22.88,3.4,15.4,2,0
17,-50,Reusel-De Mierden,7875,4415,606,97,155,14,126,0,3.15,16.0,25.7,2,0
15,-49,Reusel-De Mierden,1960,1130,155,5,110,10,7,0,20.62,3.5,19.3,2,0
15,-48,Reusel-De Mierden,1470,905,124,16,157,12,21,0,11.11,13.0,27.0,1,0
15,-47,Reusel-De Mierden,430,230,32,1,243,12,2,0,69.66,4.0,17.0,1,0
17,-49,Reusel-De Mierden,865,520,71,2,44,4,3,0,18.12,3.8,10.0,2,0
52,-66,Roerdalen,3100,1950,304,18,132,12,24,0,9.57,6.1,17.5,2,0
53,-65,Roerdalen,3090,1805,281,38,355,31,49,0,10.2,13.2,27.5,2,0
54,-66,Roerdalen,170,95,15,0,52,5,0,0,62.22,2.0,4.0,1,0
53,-64,Roerdalen,3700,2065,321,35,88,8,46,0,4.3,11.0,26.0,1,0
55,-66,Roerdalen,3725,2330,363,33,171,15,43,0,6.02,9.3,26.7,2,0
56,-67,Roerdalen,165,115,18,1,11,1,1,0,31.33,5.0,14.0,1,0
55,-64,Roerdalen,3865,2245,349,42,188,17,55,0,5.0,12.0,29.0,1,0
54,-63,Roerdalen,0,5,1,0,88,4,0,0,0.08,9.9,0.0,1,1
56,-65,Roerdalen,2075,1370,213,19,66,6,25,0,13.79,9.0,27.2,2,0
-12,-40,Roosendaal,16265,7785,1135,512,1833,157,666,0,4.94,45.5,47.4,10,0
-13,-39,Roosendaal,5600,2485,362,160,1017,76,208,0,4.63,46.3,54.0,4,0
-12,-39,Roosendaal,9445,4105,599,160,2754,87,208,0,11.7,27.4,53.2,4,0
-13,-40,Roosendaal,6165,3200,467,162,1208,76,211,0,8.37,38.1,31.2,5,0
-14,-38,Roosendaal,385,240,35,1,0,0,1,0,2400.24,3.0,6.0,1,0
-12,-41,Roosendaal,10585,5375,784,77,916,82,100,0,10.63,10.5,37.1,4,0
-11,-41,Roosendaal,4345,1995,291,46,375,26,59,0,7.84,16.1,36.2,4,0
-11,-40,Roosendaal,10975,5505,803,39,1027,81,50,0,40.01,4.8,27.8,4,0
-13,-41,Roosendaal,2825,1595,233,17,386,35,23,0,20.07,7.5,14.3,2,0
-13,-38,Roosendaal,80,690,101,0,3664,73,0,0,0.0,0.0,41.0,1,0
-11,-39,Roosendaal,200,430,63,2,485,30,2,0,201.67,1.8,10.2,2,0
-11,-43,Roosendaal,1225,730,106,5,88,8,7,0,16.59,5.0,24.0,1,0
-15,-40,Roosendaal,4670,2865,418,63,132,12,81,0,6.25,15.0,21.0,1,0
-15,-41,Roosendaal,1850,1250,182,4,177,12,5,0,34.22,2.3,10.8,2,0
-16,-39,Roosendaal,380,295,43,2,0,0,2,0,21.43,4.0,11.0,1,0
-17,-39,Roosendaal,230,150,22,0,44,4,1,0,16.65,2.0,7.0,1,0
-13,-43,Roosendaal,1205,810,118,6,110,8,8,0,18.95,5.0,17.0,2,0
-34,-32,Schouwen-Duiveland,6280,3265,522,105,1411,66,136,0,21.39,21.8,43.9,4,0
-35,-32,Schouwen-Duiveland,5645,2860,457,94,1785,94,122,0,10.05,20.6,37.0,2,0
-37,-27,Schouwen-Duiveland,1290,820,131,10,322,15,12,0,42.98,7.3,30.1,2,0
-35,-28,Schouwen-Duiveland,615,455,73,2,123,6,3,0,81.65,3.0,23.0,1,0
-33,-30,Schouwen-Duiveland,770,465,74,4,34,2,5,0,31.96,5.0,31.0,1,0
-29,-31,Schouwen-Duiveland,3060,1505,240,17,576,33,22,0,34.23,7.0,34.0,1,0
-32,-32,Schouwen-Duiveland,2410,1250,200,16,571,15,21,0,45.78,8.0,21.0,1,0
-31,-32,Schouwen-Duiveland,2060,1055,169,10,390,7,13,0,46.32,6.0,31.0,1,0
-31,-34,Schouwen-Duiveland,585,370,59,1,177,12,1,0,207.34,1.2,18.2,2,0
-40,-26,Schouwen-Duiveland,1315,820,131,4,159,9,6,0,76.9,3.4,24.8,2,0
-36,-30,Schouwen-Duiveland,560,335,54,1,79,4,1,0,114.76,2.0,31.0,1,0
-41,-27,Schouwen-Duiveland,345,225,36,2,88,4,2,0,125.66,4.4,30.5,2,0
-40,-28,Schouwen-Duiveland,100,65,10,0,14,1,0,0,0.0,0.0,14.0,1,0
-42,-29,Schouwen-Duiveland,2520,1630,260,36,1020,55,47,0,27.07,14.2,32.8,2,0
-42,-30,Schouwen-Duiveland,830,525,84,4,837,46,5,0,231.86,5.3,15.1,2,0
-42,-31,Schouwen-Duiveland,235,190,30,1,448,21,1,0,756.32,2.0,17.0,1,0
-44,-28,Schouwen-Duiveland,390,315,50,0,226,12,0,0,0.0,0.0,17.0,1,0
-42,-27,Schouwen-Duiveland,1075,615,98,15,870,57,19,0,74.05,15.0,41.0,1,0
-42,-26,Schouwen-Duiveland,290,255,41,0,132,8,0,0,0.0,0.0,28.0,1,0
-43,-27,Schouwen-Duiveland,60,50,8,0,276,13,0,0,0.0,1.9,29.2,2,1
-42,-28,Schouwen-Duiveland,65,55,9,0,22,2,0,0,377.08,1.0,75.0,1,0
-41,-28,Schouwen-Duiveland,205,135,22,0,66,3,0,0,0.0,0.0,21.0,1,0
16,58,Aa en Hunze,3455,2040,326,36,55,5,47,0,1.54,11.0,26.0,1,0
15,57,Aa en Hunze,375,265,42,0,44,2,0,0,0.0,0.0,6.0,1,0
14,59,Aa en Hunze,800,535,88,1,11,1,1,0,34.41,1.1,12.5,3,0
21,53,Aa en Hunze,1735,1105,176,22,88,6,28,0,10.25,12.1,26.4,2,0
21,54,Aa en Hunze,135,90,14,0,44,2,0,0,0.0,0.0,5.0,1,0
22,54,Aa en Hunze,1815,1060,169,8,66,6,11,0,5.22,5.0,40.0,1,0
25,54,Aa en Hunze,1180,735,109,2,0,0,2,0,19.93,1.5,13.3,2,0
19,55,Aa en Hunze,4775,3075,491,54,783,29,70,0,5.35,11.0,33.0,1,0
21,56,Aa en Hunze,885,555,89,3,32,3,4,0,9.36,3.9,21.5,2,0
21,57,Aa en Hunze,270,190,30,0,22,2,0,0,0.0,0.0,9.0,1,0
16,53,Aa en Hunze,3680,2090,333,63,2848,11,82,0,1.57,19.0,29.0,1,0
15,54,Aa en Hunze,160,90,14,0,44,3,0,0,0.0,0.0,4.0,1,0
15,53,Aa en Hunze,60,55,9,0,2622,9,0,0,0.0,0.0,0.0,1,0
18,53,Aa en Hunze,845,340,54,4,0,0,5,0,2.91,7.0,21.0,1,0
18,50,Aa en Hunze,640,400,64,3,0,0,3,0,69.19,4.0,16.0,1,0
20,49,Aa en Hunze,415,255,41,1,132,6,1,0,188.39,2.6,19.0,2,0
28,45,Borger-Odoorn,1060,655,89,4,0,0,6,0,4.97,5.0,22.0,1,0
29,44,Borger-Odoorn,150,105,14,0,22,2,0,0,0.0,0.0,6.0,1,0
29,47,Borger-Odoorn,1135,660,90,7,22,2,9,0,3.08,8.0,48.0,1,0
31,49,Westerwolde,420,265,30,2,0,0,3,0,5.4,7.0,32.3,2,0
29,49,Borger-Odoorn,480,335,45,0,11,1,1,0,24.28,1.0,4.0,1,0
28,48,Borger-Odoorn,1085,695,94,8,22,2,10,0,2.93,8.0,27.0,1,0
23,50,Borger-Odoorn,1060,640,87,5,21,2,7,0,1.81,5.9,29.2,2,0
22,50,Borger-Odoorn,690,410,56,8,121,7,10,0,4.49,13.2,17.6,2,0
23,49,Borger-Odoorn,3275,1810,246,34,110,6,45,0,3.47,14.9,34.1,3,0
24,50,Borger-Odoorn,795,565,77,3,66,3,4,0,22.81,3.7,11.8,2,0
22,51,Borger-Odoorn,540,350,47,1,11,1,2,0,101.46,3.3,11.6,2,0
24,48,Borger-Odoorn,335,255,35,1,111,5,2,0,307.07,3.9,14.3,2,0
26,47,Borger-Odoorn,945,610,83,5,36,3,7,0,4.67,6.2,21.5,2,0
27,47,Borger-Odoorn,790,500,68,5,215,10,6,0,29.8,6.8,19.3,2,0
28,44,Borger-Odoorn,540,315,43,0,11,1,0,0,0.0,0.0,20.0,1,0
26,53,Borger-Odoorn,1060,585,79,16,66,3,21,0,3.75,20.0,20.0,1,0
27,52,Borger-Odoorn,1120,635,86,5,166,9,7,0,16.81,6.0,24.0,1,0
27,45,Borger-Odoorn,1860,1065,145,21,188,8,27,0,8.93,15.4,32.0,3,0
18,35,De Wolden,1005,610,83,20,1168,8,26,0,59.0,24.0,32.0,1,0
20,34,De Wolden,795,480,65,4,22,2,5,0,5.41,6.1,7.7,2,0
21,33,De Wolden,910,560,76,7,37,4,8,0,5.63,8.7,11.9,2,0
23,30,De Wolden,320,240,32,3,55,3,4,0,18.89,9.0,5.0,1,0
20,31,De Wolden,120,80,11,0,22,2,0,0,0.0,0.0,20.0,1,0
16,34,De Wolden,725,415,56,4,5800,16,5,0,1476.6,6.3,10.8,2,0
16,36,De Wolden,385,220,30,4,66,4,5,0,16.76,12.9,24.6,2,0
13,39,De Wolden,3425,2080,281,37,85,8,48,0,2.29,12.9,28.8,3,0
14,40,De Wolden,75,55,7,0,11,1,0,0,0.0,0.0,0.0,1,0
12,40,De Wolden,275,170,23,7,0,0,9,0,3.2,30.0,29.0,1,0
10,37,De Wolden,2510,1420,192,21,345,20,27,0,18.41,11.0,29.0,1,0
10,36,De Wolden,90,125,17,3,22,1,3,0,8.71,15.0,17.0,1,0
11,38,De Wolden,840,480,65,9,34,2,12,0,3.7,14.5,13.3,2,0
13,36,De Wolden,385,275,37,5,26,3,7,0,1.88,14.3,5.3,2,0
14,35,De Wolden,1310,795,108,11,69,6,14,0,7.91,10.5,24.2,2,0
13,35,De Wolden,810,455,62,6,10,1,7,0,1.54,9.0,6.0,1,0
13,34,De Wolden,2655,1555,210,27,55,5,36,0,5.21,13.0,33.0,1,0
-35,-38,Noord-Beveland,1965,1260,197,16,450,22,21,0,34.52,8.7,20.4,2,0
-34,-39,Noord-Beveland,130,75,12,6,0,0,8,0,8.43,51.0,58.0,1,0
-35,-35,Noord-Beveland,1465,860,135,20,26,3,26,0,14.45,15.0,34.0,1,0
-33,-37,Noord-Beveland,470,320,50,0,34,2,0,0,169.34,0.5,11.3,2,0
-39,-38,Noord-Beveland,1995,1245,195,19,72,6,25,0,14.8,9.9,21.0,2,0
-38,-36,Noord-Beveland,1240,770,121,13,160,10,17,0,12.8,10.6,24.7,2,0
-37,-37,Noord-Beveland,285,190,30,0,331,16,0,0,1112.27,1.0,23.0,1,0
-12,6,Wijdemeren,1400,930,173,42,56,4,54,0,5.95,24.0,34.0,1,0
-14,6,Wijdemeren,1200,1155,215,10,30,2,13,0,3.04,5.2,18.6,2,0
-13,6,Wijdemeren,5910,3125,583,99,750,48,129,0,7.79,17.0,30.0,1,0
-12,4,Wijdemeren,85,30,6,0,8,1,0,0,0.0,0.0,29.0,1,0
-13,7,Wijdemeren,1095,665,124,11,242,16,15,0,17.33,9.0,20.0,1,0
-14,8,Wijdemeren,130,135,25,1,7,1,2,0,5.48,5.0,23.0,1,0
-12,2,Wijdemeren,320,265,49,4,22,2,5,0,3.08,7.1,18.8,2,0
-16,7,Wijdemeren,1450,735,137,7,478,30,9,0,21.43,5.1,28.9,2,0
-15,7,Wijdemeren,3415,1870,349,54,26,2,70,0,7.43,15.3,37.9,2,0
3,64,Noordenveld,7845,4330,614,178,832,25,231,0,7.16,28.4,40.9,3,0
3,63,Noordenveld,6970,3650,518,31,247,23,40,0,5.12,6.0,28.0,1,0
2,63,Noordenveld,1600,900,126,10,22,2,13,0,2.29,7.7,30.4,2,0
1,65,Westerkwartier,9015,4550,594,112,443,39,146,0,3.71,18.8,45.0,3,0
4,65,Noordenveld,285,170,24,0,44,3,1,0,82.73,2.0,18.0,1,0
3,66,Noordenveld,170,85,12,1,0,0,1,0,3.91,7.2,6.0,2,1
5,62,Noordenveld,765,450,64,5,11,1,6,0,2.23,7.1,18.9,2,0
4,61,Noordenveld,80,70,10,3,28,2,3,0,10.29,27.0,27.0,1,0
1,64,Westerkwartier,3810,2085,272,0,66,6,0,0,0.0,0.0,11.3,4,0
7,59,Noordenveld,4060,2495,354,47,68,5,61,0,4.01,13.4,30.9,2,0
4,60,Noordenveld,510,305,43,0,22,2,1,0,51.03,1.0,22.0,1,0
5,61,Noordenveld,225,160,23,2,0,0,2,0,26.94,7.8,7.1,2,1
5,57,Noordenveld,900,535,76,3,155,12,4,0,38.6,4.0,16.0,1,0
6,56,Noordenveld,350,160,23,2,22,2,2,0,50.97,8.0,22.0,1,0
6,64,Noordenveld,4375,2440,346,52,44,4,68,0,2.37,15.0,20.0,1,0
5,63,Noordenveld,280,205,29,1,11,1,2,0,9.53,4.0,35.0,1,0
33,16,Twenterand,3795,2055,245,22,243,20,28,0,7.38,9.0,28.0,3,0
32,17,Twenterand,95,195,23,6,199,11,8,0,44.55,27.0,33.0,1,0
33,17,Twenterand,5170,2635,315,54,553,37,70,0,6.37,17.2,21.3,2,0
34,16,Twenterand,2735,1480,177,55,1110,12,71,0,24.1,31.0,59.0,1,0
34,18,Twenterand,1060,600,72,11,44,4,14,0,2.06,15.0,29.0,1,0
32,20,Twenterand,250,115,14,1,198,16,2,0,56.32,10.0,7.0,1,0
31,20,Twenterand,2555,1385,165,13,11,1,16,0,7.0,7.6,48.3,2,0
32,19,Twenterand,1815,1000,119,18,110,10,23,0,13.01,14.8,43.9,2,0
26,20,Twenterand,410,285,34,8,44,2,10,0,5.64,23.0,20.0,1,0
27,20,Twenterand,3915,2275,272,35,664,44,46,0,20.69,13.0,26.0,1,0
30,19,Twenterand,5475,2950,352,27,270,14,35,0,5.61,7.3,39.5,2,0
30,20,Twenterand,2710,1505,180,40,493,42,51,0,14.81,22.0,30.0,1,0
33,18,Twenterand,175,75,9,2,3400,8,3,0,1726.43,22.0,17.0,1,0
34,19,Twenterand,555,335,40,5,0,0,7,0,4.25,13.0,18.0,1,0
9,45,Westerveld,2365,1380,214,19,102,9,25,0,6.19,9.0,30.0,1,0
8,46,Westerveld,485,300,47,6,157,12,8,0,19.5,13.0,12.0,1,0
7,45,Westerveld,515,355,55,8,11,1,11,0,1.34,15.0,11.0,1,0
5,49,Westerveld,205,130,20,0,22,2,0,0,0.0,0.0,10.0,1,0
11,44,Westerveld,2385,1460,227,27,132,8,35,0,5.28,12.0,33.0,1,0
11,43,Westerveld,120,75,12,2,121,11,3,0,61.39,17.0,21.0,1,0
11,42,Westerveld,260,100,16,0,11,1,0,0,35.63,1.3,9.5,2,1
12,44,Westerveld,235,190,29,3,88,6,4,0,34.05,11.0,17.0,1,0
11,45,Westerveld,155,115,18,1,4,1,1,0,10.28,6.0,8.0,1,0
10,46,Westerveld,350,205,32,1,147,6,1,0,31.28,2.0,14.0,2,0
10,45,Westerveld,440,335,52,2,55,4,3,0,39.94,4.2,4.9,3,1
9,39,Westerveld,610,390,61,13,342,6,17,0,26.9,21.0,11.0,1,0
9,41,Westerveld,1280,825,128,4,0,0,5,0,5.75,3.0,20.0,1,0
7,44,Westerveld,120,75,12,1,14,1,2,0,9.88,12.0,6.0,1,0
5,45,Westerveld,2100,1220,189,14,225,13,19,0,15.77,7.4,22.9,2,0
5,44,Westerveld,135,80,12,0,44,4,0,0,81.8,3.0,50.0,1,0
4,45,Westerveld,930,520,81,6,44,2,8,0,10.03,7.4,36.9,2,0
4,46,Westerveld,230,155,24,0,11,1,1,0,15.67,2.0,11.0,1,0
5,47,Westerveld,50,35,5,0,44,2,0,0,0.0,0.0,10.0,1,0
25,-16,Lingewaard,4350,2525,434,97,731,59,126,0,8.04,22.7,26.6,5,1
25,-17,Lingewaard,3415,1800,310,38,379,33,49,0,9.48,12.2,12.6,4,0
26,-17,Lingewaard,4775,2415,415,46,464,42,60,0,8.99,11.3,27.3,4,0
25,-15,Lingewaard,175,280,48,5,220,14,7,0,49.17,8.0,34.1,2,0
26,-16,Lingewaard,5,35,6,1,121,6,1,0,130.94,16.2,0.0,1,1
28,-17,Lingewaard,6670,3625,623,70,570,47,91,0,9.33,10.9,28.1,5,0
28,-18,Lingewaard,605,260,45,17,230,20,22,0,8.49,38.0,54.0,1,0
27,-17,Lingewaard,1900,1150,198,25,154,12,32,0,9.93,10.8,32.6,2,0
25,-14,Lingewaard,9620,4965,854,219,809,73,284,0,3.59,26.1,31.7,7,0
25,-13,Lingewaard,3665,1935,333,64,377,32,84,0,6.16,19.3,20.0,3,0
26,-15,Lingewaard,2220,1155,199,20,66,6,26,0,8.65,10.0,25.0,1,0
29,-17,Lingewaard,2775,1570,270,27,144,13,35,0,5.35,9.9,22.5,2,0
34,-56,Cranendonck,7920,4565,571,97,235,18,126,0,5.07,17.0,35.0,1,0
35,-57,Cranendonck,420,325,41,2,964,43,3,0,174.93,6.0,11.0,1,0
34,-55,Cranendonck,2160,1365,171,7,0,0,9,0,3.23,4.0,16.1,2,0
33,-56,Cranendonck,1090,680,85,3,0,0,4,0,7.25,3.9,14.4,2,0
35,-58,Cranendonck,2030,1225,153,11,166,14,14,0,12.1,7.1,33.5,2,0
36,-59,Cranendonck,1420,855,107,1,22,2,1,0,29.42,1.1,14.8,2,1
34,-54,Cranendonck,4765,2730,341,27,132,12,35,0,9.55,7.8,23.9,2,0
35,-54,Cranendonck,210,190,24,1,206,15,1,0,209.34,0.5,1.9,2,1
4,41,Steenwijkerland,6610,3270,450,150,1064,73,195,0,21.51,34.2,45.5,6,0
4,40,Steenwijkerland,3405,1650,227,55,1188,24,71,0,18.84,28.2,65.5,3,0
3,41,Steenwijkerland,2140,1285,177,2,167,12,3,0,75.66,0.2,12.8,2,1
5,41,Steenwijkerland,7900,3995,549,69,323,26,90,0,10.32,13.3,33.1,5,0
4,42,Steenwijkerland,390,225,31,1,5359,36,1,0,3883.06,2.6,0.8,2,1
-2,43,Steenwijkerland,2620,1530,210,18,221,20,24,0,12.05,8.5,14.1,2,0
-1,40,Steenwijkerland,220,150,21,0,44,4,0,0,416.22,0.9,16.6,2,0
-5,41,Steenwijkerland,855,500,69,1,88,7,2,0,66.2,1.9,12.8,2,0
-3,40,Steenwijkerland,305,185,25,2,22,2,2,0,14.33,5.3,11.5,2,0
1,39,Steenwijkerland,410,255,35,0,66,6,0,0,0.0,0.0,14.0,1,0
2,39,Steenwijkerland,190,110,15,1,0,0,2,0,33.62,8.7,12.7,2,0
2,34,Steenwijkerland,4165,2175,299,45,819,53,58,0,18.22,15.0,42.7,2,1
4,33,Steenwijkerland,640,370,51,5,22,2,6,0,4.59,7.5,7.9,3,0
4,34,Steenwijkerland,1515,825,113,4,118,9,5,0,33.06,3.3,23.4,2,0
6,33,Steenwijkerland,590,330,45,4,44,4,5,0,11.15,8.7,16.8,2,0
7,36,Steenwijkerland,915,565,78,12,44,4,15,0,5.67,14.9,35.6,2,1
6,35,Steenwijkerland,135,125,17,2,37,4,2,0,17.51,11.0,30.0,1,0
1,37,Steenwijkerland,1210,695,96,7,265,17,9,0,44.01,7.4,30.0,2,0
0,37,Steenwijkerland,40,85,12,2,176,10,2,0,2.53,13.7,0.0,1,1
4,39,Steenwijkerland,420,290,40,2,22,2,2,0,13.84,4.0,10.0,1,0
4,38,Steenwijkerland,785,400,55,0,128,10,0,0,0.0,0.0,39.0,1,0
5,37,Steenwijkerland,1295,795,109,17,298,21,23,0,2.52,16.0,30.0,1,0
5,36,Steenwijkerland,90,65,9,1,33,3,1,0,174.95,12.0,9.0,1,0
3,36,Steenwijkerland,5,10,1,0,22,2,0,0,117.36,13.7,0.0,1,1
6,40,Steenwijkerland,215,115,16,0,147,4,0,0,0.0,0.0,5.0,1,0
6,41,Steenwijkerland,35,20,3,0,44,4,0,0,54.13,13.7,0.0,1,1
4,43,Steenwijkerland,370,235,32,0,44,4,0,0,136.63,1.0,21.0,1,0
3,43,Steenwijkerland,225,100,14,0,88,4,0,0,0.0,0.0,14.0,1,0
3,42,Steenwijkerland,490,260,36,1,102,9,2,0,3.55,4.0,13.0,1,0
2,42,Steenwijkerland,2005,1100,151,11,88,8,15,0,17.0,7.5,37.4,4,0
1,43,Steenwijkerland,845,510,70,2,80,7,2,0,46.19,2.4,20.4,2,0
1,44,Steenwijkerland,225,140,19,1,14,1,1,0,17.92,4.0,5.0,1,0
-1,43,Steenwijkerland,395,250,34,1,132,10,1,0,128.43,3.0,7.0,1,0
-3,42,Steenwijkerland,565,355,49,1,325,21,1,0,406.93,2.0,12.9,2,0
-11,-32,Moerdijk,6025,3160,502,156,991,66,203,0,8.56,32.2,48.2,3,0
-12,-32,Moerdijk,3965,2030,322,29,632,40,38,0,18.32,9.0,23.0,1,0
-11,-33,Moerdijk,4740,2575,409,46,1021,71,60,0,17.73,10.9,21.1,3,0
-10,-33,Moerdijk,520,580,92,7,157,11,9,0,6.04,10.2,34.5,2,0
-9,-31,Moerdijk,1295,820,130,22,3104,24,29,0,8.1,17.0,33.0,1,0
-9,-32,Moerdijk,650,370,59,3,148,9,4,0,50.25,5.0,28.0,1,0
-14,-31,Moerdijk,5555,3010,478,57,1046,70,75,0,18.23,12.0,41.0,1,0
-15,-30,Moerdijk,375,200,32,0,34,2,0,0,0.0,0.0,13.2,2,0
-14,-29,Moerdijk,0,560,89,12,0,0,15,0,7.63,13.0,0.0,1,1
-12,-29,Moerdijk,1005,625,99,6,135,10,8,0,22.69,6.0,36.0,1,0
-12,-30,Moerdijk,0,5,1,0,423,23,0,0,107.16,13.0,0.0,1,1
-13,-33,Moerdijk,1020,660,105,5,0,0,7,0,17.19,5.0,18.0,1,0
-13,-35,Moerdijk,1930,1185,188,17,157,10,22,0,23.44,9.0,29.0,1,0
-13,-34,Moerdijk,300,220,35,0,157,12,0,0,0.0,0.6,9.2,2,0
-15,-33,Moerdijk,5295,3055,485,54,3636,107,70,0,17.41,11.2,35.7,2,0
-16,-32,Moerdijk,185,140,22,0,11,1,0,0,0.0,0.0,5.0,1,0
-16,-33,Moerdijk,140,105,17,0,124,8,0,0,0.0,0.0,5.0,1,0
-18,-32,Moerdijk,515,315,50,0,57,4,0,0,0.0,0.0,32.0,1,0
-18,-29,Moerdijk,835,480,76,16,400,24,21,0,32.71,21.0,43.0,1,0
-18,-30,Moerdijk,2235,1350,214,8,726,46,10,0,79.93,3.7,31.7,4,0
50,-69,Echt-Susteren,2425,1500,214,19,167,12,25,0,7.85,10.8,34.7,5,0
50,-70,Echt-Susteren,2225,1300,185,43,2645,20,56,0,5.21,23.0,38.8,3,0
51,-70,Echt-Susteren,2930,1730,247,31,247,22,41,0,5.73,13.3,21.2,3,0
49,-69,Echt-Susteren,140,100,14,1,33,3,1,0,2.85,6.0,3.0,3,2
49,-70,Echt-Susteren,200,205,29,3,232,21,4,0,111.53,6.7,15.7,2,0
48,-68,Echt-Susteren,1255,820,117,7,132,10,9,0,23.98,5.8,29.9,3,1
49,-67,Echt-Susteren,860,545,78,2,2699,78,3,0,38.17,3.3,7.4,3,1
49,-66,Echt-Susteren,345,435,62,5,2962,20,6,0,93.45,2.1,8.3,3,1
50,-67,Echt-Susteren,11910,6690,955,241,938,83,313,0,26.13,25.6,38.2,5,0
50,-66,Echt-Susteren,1410,940,134,2,345,20,2,0,151.77,0.9,13.6,3,1
53,-68,Echt-Susteren,1275,880,126,5,22,2,7,0,8.15,4.4,12.3,2,0
54,-69,Echt-Susteren,100,40,6,0,22,2,0,0,0.0,5.4,4.5,2,1
51,-68,Echt-Susteren,1510,650,93,5,110,10,6,0,5.83,14.0,34.7,3,1
51,-71,Echt-Susteren,3310,2090,298,17,132,12,22,0,11.82,5.8,15.1,3,1
54,-70,Echt-Susteren,1595,1115,159,5,112,9,6,0,24.42,2.9,19.2,2,0
-42,-54,Sluis,1860,970,138,34,226,14,45,0,8.17,25.0,40.0,1,0
-43,-53,Sluis,45,35,5,0,22,1,0,0,222.83,2.0,20.0,1,0
-39,-56,Sluis,1980,1170,166,25,325,13,32,0,13.02,15.0,34.0,1,0
-37,-56,Sluis,115,65,9,0,28,2,0,0,0.0,0.0,17.0,1,0
-39,-53,Sluis,4695,2635,375,65,197,12,85,0,3.45,17.4,36.0,2,0
-40,-52,Sluis,355,225,32,0,66,4,0,0,315.01,1.0,17.0,1,0
-41,-52,Sluis,110,60,9,0,34,2,0,0,0.0,0.0,14.0,1,0
-43,-50,Sluis,395,285,41,1,72,6,2,0,59.25,3.0,29.0,1,0
-44,-49,Sluis,205,110,16,11,50,4,14,0,37.14,70.0,22.0,1,0
-43,-49,Sluis,85,45,6,0,166,10,0,0,755.15,4.0,31.0,1,0
-41,-50,Sluis,235,155,22,0,182,10,0,0,827.39,1.0,21.0,1,0
-42,-49,Sluis,155,95,14,1,473,29,1,0,366.13,7.7,16.3,2,1
-40,-49,Sluis,635,400,57,1,34,2,1,0,60.68,1.0,21.0,1,0
-41,-48,Sluis,270,160,23,1,127,10,1,0,186.09,3.0,15.0,1,0
-39,-48,Sluis,4280,2380,338,91,462,29,119,0,5.46,27.0,33.0,1,0
-40,-48,Sluis,330,295,42,0,168,12,0,0,0.0,0.0,11.0,1,0
-34,-50,Sluis,605,420,60,2,66,5,3,0,28.24,4.1,21.0,2,0
-34,-53,Sluis,1870,1160,165,18,99,6,24,0,5.48,11.0,23.0,1,0
-37,-51,Sluis,1390,805,114,7,66,4,9,0,13.87,6.3,22.4,2,0
-6,-28,Drimmelen,45,40,6,2,155,12,3,0,66.33,30.0,35.0,1,0
-6,-29,Drimmelen,405,255,41,0,22,2,1,0,116.79,1.0,21.0,1,0
-5,-30,Drimmelen,2205,1325,214,18,110,10,23,0,5.96,7.5,18.0,3,0
-5,-31,Drimmelen,2090,1160,187,19,493,45,25,0,12.52,10.2,29.6,2,0
-6,-31,Drimmelen,1875,985,159,12,155,14,16,0,6.99,7.6,30.3,2,0
-6,-30,Drimmelen,7175,3780,610,126,618,52,163,0,7.56,20.7,30.3,4,0
-6,-32,Drimmelen,2990,1495,241,34,435,39,45,0,9.34,15.2,28.1,5,0
-5,-33,Drimmelen,1455,730,118,10,224,19,13,0,15.79,8.7,27.3,2,0
-7,-31,Drimmelen,2240,1315,212,15,233,20,19,0,15.85,6.8,18.3,3,0
-8,-29,Drimmelen,70,125,20,0,88,6,0,0,0.0,0.0,4.0,1,0
-7,-30,Drimmelen,1350,810,131,12,168,15,15,0,22.08,8.9,26.4,2,0
-9,-29,Drimmelen,335,195,31,1,155,12,1,0,109.42,1.5,4.5,2,0
-10,-28,Drimmelen,3920,2350,379,40,486,42,52,0,14.83,10.8,32.0,5,0
18,-27,Bernheze,9600,5135,812,126,1104,97,164,0,10.01,15.0,34.8,17,0
17,-27,Bernheze,2700,1590,252,8,2548,34,10,0,24.9,2.9,22.8,2,0
19,-32,Bernheze,4785,2605,412,57,331,30,75,0,5.85,14.9,29.2,7,0
18,-32,Bernheze,2095,1260,199,27,99,9,35,0,3.56,12.8,24.3,5,0
20,-29,Bernheze,4075,2190,346,46,366,32,60,0,8.99,13.7,38.1,7,0
20,-28,Bernheze,1080,680,108,4,66,4,5,0,15.29,3.5,23.2,2,0
19,-27,Bernheze,330,160,25,1,44,3,1,0,4.93,2.0,12.0,1,0
17,-30,Bernheze,835,410,65,3,2580,8,4,0,795.57,5.0,14.0,1,0
19,-30,Bernheze,1020,555,88,4,132,12,6,0,30.18,5.0,13.0,1,0
21,-32,Bernheze,1445,760,120,4,110,10,5,0,30.54,3.0,22.0,1,0
6,-43,Alphen-Chaam,2275,1390,187,25,309,22,33,0,12.42,13.4,30.1,4,1
6,-42,Alphen-Chaam,165,125,17,0,44,4,0,0,0.0,0.0,4.0,1,0
7,-43,Alphen-Chaam,1970,1200,161,11,79,6,14,0,10.71,6.9,18.8,2,0
2,-41,Alphen-Chaam,3670,2300,309,48,243,21,63,0,7.74,15.6,28.4,5,0
3,-42,Alphen-Chaam,590,355,48,1,88,8,2,0,17.74,2.2,15.6,2,1
-1,-41,Alphen-Chaam,1085,635,85,3,66,6,4,0,23.8,3.2,17.6,2,0
25,-53,Bergeijk,7645,4355,651,107,738,46,139,0,7.63,16.3,25.4,14,0
25,-54,Bergeijk,1680,1130,169,12,265,19,15,0,18.93,6.3,16.9,7,1
26,-53,Bergeijk,765,440,66,1,44,4,1,0,3.63,1.6,26.0,2,0
23,-54,Bergeijk,505,315,47,4,66,5,6,0,15.62,9.0,12.0,1,0
25,-55,Bergeijk,2220,1380,206,16,210,17,21,0,12.0,7.0,19.1,9,2
25,-56,Bergeijk,315,185,28,12,66,3,15,0,6.72,33.3,14.0,2,0
25,-51,Bergeijk,1585,995,149,7,177,15,9,0,25.47,5.1,20.0,6,0
26,-52,Bergeijk,1960,1185,177,26,145,12,34,0,5.49,15.0,22.1,9,0
27,-53,Bergeijk,90,40,6,0,132,6,0,0,1.58,4.0,9.0,1,0
26,-54,Bergeijk,135,105,16,2,22,2,3,0,53.96,13.0,13.0,1,0
19,-50,Bladel,9255,5255,747,122,563,51,159,0,4.58,15.8,24.0,7,0
19,-51,Bladel,1435,1060,151,87,432,14,113,0,7.28,57.2,61.0,3,0
18,-48,Bladel,1030,605,86,4,44,4,5,0,24.91,4.3,15.2,2,0
20,-50,Bladel,5715,3195,454,55,397,31,71,0,7.09,12.5,23.1,5,0
21,-51,Bladel,0,115,16,3,375,18,3,0,139.29,15.5,0.0,1,1
20,-49,Bladel,1910,1150,163,10,22,2,13,0,2.25,6.0,22.0,1,0
19,-48,Bladel,1220,765,109,5,66,6,6,0,13.32,4.4,11.1,2,0
60,-86,Gulpen-Wittem,3500,1890,304,122,299,24,158,0,3.18,40.0,50.0,1,0
59,-87,Gulpen-Wittem,450,205,33,4,44,2,6,0,9.81,13.2,25.0,2,0
58,-87,Eijsden-Margraten,1505,890,147,22,177,12,28,0,4.82,14.7,23.7,2,0
59,-85,Gulpen-Wittem,165,95,15,2,99,7,2,0,1.72,10.0,12.0,1,0
61,-85,Gulpen-Wittem,1405,910,147,13,132,12,17,0,10.04,9.0,21.0,1,0
61,-86,Gulpen-Wittem,1160,730,118,14,252,13,18,0,18.34,11.6,26.1,2,0
62,-86,Gulpen-Wittem,775,420,68,11,44,4,14,0,4.17,16.4,26.8,2,1
61,-87,Gulpen-Wittem,1470,935,151,28,33,3,37,0,3.64,19.0,32.0,2,0
62,-88,Gulpen-Wittem,865,505,81,14,44,4,18,0,12.25,16.7,25.0,2,0
61,-88,Gulpen-Wittem,120,100,16,2,210,11,3,0,95.36,12.0,17.0,1,0
62,-89,Gulpen-Wittem,195,105,17,2,177,8,2,0,83.05,9.0,23.0,1,0
60,-89,Gulpen-Wittem,405,270,43,4,196,13,5,0,47.05,9.3,16.2,2,1
60,-88,Gulpen-Wittem,155,95,15,3,88,4,4,0,44.78,20.0,21.0,1,0
59,-88,Eijsden-Margraten,265,130,22,4,166,8,5,0,65.0,20.8,20.0,3,0
14,60,Tynaarlo,3380,1805,322,19,155,14,25,0,5.73,6.0,23.0,1,0
13,60,Tynaarlo,1870,865,154,3,66,4,4,0,4.94,3.4,12.3,2,1
15,59,Tynaarlo,295,190,34,0,22,2,0,0,0.0,0.0,15.0,1,0
7,65,Tynaarlo,3970,2085,372,56,132,8,73,0,2.37,15.0,26.0,1,0
8,63,Tynaarlo,6765,3495,624,119,288,16,154,0,2.89,19.0,30.0,1,0
9,63,Tynaarlo,310,5575,995,108,134,7,141,0,1.44,7.7,24.1,2,0
11,59,Tynaarlo,4215,2285,408,33,79,6,43,0,4.38,8.2,27.8,2,0
9,61,Tynaarlo,375,260,46,3,22,2,4,0,7.93,6.0,7.0,1,0
10,62,Tynaarlo,985,625,112,7,22,2,9,0,3.3,6.0,15.8,2,0
11,62,Tynaarlo,30,20,4,0,66,6,1,0,162.38,11.4,0.0,1,1
11,60,Tynaarlo,1660,1205,215,11,537,16,14,0,31.44,5.0,19.0,1,0
13,59,Tynaarlo,225,155,28,2,135,10,3,0,44.28,9.0,13.0,1,0
13,58,Tynaarlo,65,45,8,1,0,0,2,0,18.79,14.2,11.5,2,1
10,58,Tynaarlo,710,485,87,3,22,2,3,0,76.27,3.0,8.1,2,0
15,46,Midden-Drenthe,9350,4925,673,128,267,15,166,0,4.64,19.0,39.0,1,0
16,45,Midden-Drenthe,215,110,15,0,358,17,0,0,0.0,0.0,6.0,1,0
14,46,Midden-Drenthe,90,55,8,0,119,8,0,0,0.0,0.0,7.0,1,0
13,48,Midden-Drenthe,950,595,81,3,22,2,4,0,7.92,3.4,14.0,2,0
14,50,Midden-Drenthe,875,530,72,6,22,2,8,0,22.83,8.0,21.0,1,0
17,43,Midden-Drenthe,770,450,62,1,22,2,1,0,35.88,1.0,19.0,1,0
17,41,Midden-Drenthe,325,190,26,1,254,12,1,0,325.38,3.0,11.0,1,0
15,43,Midden-Drenthe,380,255,35,3,88,8,5,0,25.33,8.9,11.6,2,0
11,53,Midden-Drenthe,2805,1540,211,13,0,0,16,0,3.5,6.0,29.0,1,0
10,53,Midden-Drenthe,170,110,15,0,44,4,0,0,0.0,0.0,4.0,1,0
10,48,Midden-Drenthe,1325,755,103,6,22,2,8,0,7.64,5.5,28.7,3,0
19,45,Midden-Drenthe,4755,2920,399,46,199,16,60,0,4.81,11.4,31.1,2,0
19,47,Midden-Drenthe,380,265,36,2,55,3,3,0,26.27,5.6,12.5,2,1
19,46,Midden-Drenthe,70,45,6,0,22,2,0,0,0.0,0.0,3.0,1,0
21,43,Midden-Drenthe,420,260,36,4,44,2,5,0,12.38,10.0,23.0,1,0
21,40,Midden-Drenthe,960,580,79,1,22,2,1,0,31.66,0.9,18.3,2,0
21,44,Midden-Drenthe,85,45,6,1,224,8,1,0,225.03,13.0,54.0,1,0
23,-14,Overbetuwe,3590,1570,260,26,210,19,34,0,8.04,9.5,20.3,3,0
23,-16,Overbetuwe,435,250,41,2,66,6,3,0,10.26,4.8,7.8,2,0
22,-15,Overbetuwe,6895,3510,582,42,578,48,54,0,10.67,7.4,31.2,6,0
23,-15,Overbetuwe,8405,4000,664,151,1969,106,196,0,13.35,23.0,36.1,10,0
22,-14,Overbetuwe,2480,1235,205,39,210,19,51,0,4.32,19.0,48.3,2,0
24,-16,Overbetuwe,125,470,78,23,136,11,30,0,13.0,29.5,44.2,2,1
23,-17,Overbetuwe,2075,1175,195,9,729,57,11,0,240.95,4.1,28.6,3,2
22,-17,Overbetuwe,545,330,55,3,22,2,4,0,15.05,5.6,19.1,3,0
20,-16,Overbetuwe,875,405,67,4,154,10,5,0,27.34,5.4,17.8,3,0
19,-15,Overbetuwe,2190,1345,223,45,334,30,58,0,6.66,20.1,27.0,2,0
19,-16,Overbetuwe,1545,890,148,13,121,9,17,0,9.84,9.3,31.6,2,0
18,-15,Overbetuwe,1345,865,144,19,66,6,25,0,6.31,13.6,31.0,4,1
18,-14,Overbetuwe,3960,2135,354,45,453,35,59,0,10.34,13.6,33.9,7,0
17,-13,Overbetuwe,1345,765,127,8,99,10,11,0,12.04,6.3,27.5,3,0
19,-13,Overbetuwe,260,1480,246,31,508,27,41,0,14.59,16.9,20.9,3,1
18,-12,Overbetuwe,4705,2520,418,45,463,39,58,0,11.98,10.6,25.3,6,1
18,-13,Overbetuwe,75,115,19,1,22,2,1,0,2.59,6.0,14.0,1,0
21,-16,Overbetuwe,525,285,47,1,66,4,2,0,7.79,2.8,31.4,2,0
21,-15,Overbetuwe,1415,945,157,14,155,14,19,0,11.55,9.2,21.6,2,0
20,-13,Overbetuwe,235,125,21,4,11,1,5,0,2.72,20.0,13.0,1,0
20,-12,Overbetuwe,4145,2410,400,31,280,26,40,0,11.98,7.8,27.6,7,1
38,5,Hof van Twente,5390,3025,401,97,373,22,125,0,4.55,24.7,42.1,4,0
37,6,Hof van Twente,2815,1500,199,22,312,25,28,0,16.84,10.1,45.5,5,2
38,6,Hof van Twente,1910,1165,155,15,912,29,20,0,62.78,9.5,13.5,2,0
35,5,Hof van Twente,3770,2170,288,43,132,12,56,0,5.11,15.0,30.0,1,0
38,3,Hof van Twente,2395,1485,197,15,88,8,20,0,5.85,7.7,26.4,3,0
41,7,Hof van Twente,3660,2165,287,71,563,50,93,0,7.32,25.0,38.0,8,0
42,7,Hof van Twente,3795,2055,273,7,176,12,9,0,31.28,2.7,25.8,4,0
41,6,Hof van Twente,105,90,12,0,26,3,0,0,251.37,3.0,18.0,1,0
41,3,Hof van Twente,2295,1455,193,25,81,8,33,0,19.3,13.1,28.8,2,0
41,5,Hof van Twente,880,500,66,7,88,7,9,0,12.1,11.0,27.0,1,0
13,-14,Neder-Betuwe,6765,3345,484,44,658,57,57,0,17.21,9.1,30.6,3,0
15,-14,Neder-Betuwe,5600,2420,350,42,825,51,55,0,19.12,12.0,43.0,1,0
13,-15,Neder-Betuwe,4545,2270,328,32,354,24,41,0,10.85,9.7,32.3,2,0
11,-15,Neder-Betuwe,520,320,46,0,132,8,0,0,0.0,0.0,26.0,1,0
12,-16,Neder-Betuwe,850,475,69,0,44,4,0,0,0.0,0.0,38.0,1,0
11,-16,Neder-Betuwe,85,50,7,0,22,2,0,0,0.0,3.0,19.0,1,0
14,-15,Neder-Betuwe,775,630,91,11,2899,18,14,0,9.25,12.0,19.0,1,0
16,-15,Neder-Betuwe,4165,2320,335,25,221,19,32,0,9.84,7.4,36.2,2,0
33,10,Rijssen-Holten,15880,7240,1022,214,1065,66,278,0,7.13,19.5,33.2,10,0
33,11,Rijssen-Holten,1755,2260,319,74,294,17,96,0,15.09,25.6,28.7,3,0
31,11,Rijssen-Holten,200,125,18,4,0,0,6,0,5.6,24.0,17.0,1,0
34,9,Rijssen-Holten,2125,1010,143,39,353,26,50,0,13.32,27.7,45.8,2,0
30,8,Rijssen-Holten,2245,1480,209,24,295,20,31,0,15.03,9.9,27.2,4,2
30,9,Rijssen-Holten,530,410,58,14,105,10,19,0,5.32,22.7,10.8,2,0
31,9,Rijssen-Holten,525,280,40,7,121,9,10,0,8.82,21.7,13.1,2,0
31,8,Rijssen-Holten,4090,2360,333,49,397,34,63,0,8.68,13.5,30.8,4,0
28,8,Rijssen-Holten,540,320,45,13,40,2,17,0,3.15,27.5,12.7,2,0
32,10,Rijssen-Holten,5250,2205,311,23,243,21,29,0,70.66,7.7,9.4,2,0
34,10,Rijssen-Holten,3525,1605,227,57,1126,62,75,0,8.22,25.2,39.3,4,0
29,-47,Geldrop-Mierlo,14310,6815,1104,458,2538,152,595,0,6.42,41.5,52.8,4,0
30,-46,Geldrop-Mierlo,2995,1655,268,11,221,20,14,0,30.45,4.0,15.0,1,0
18,12,Olst-Wijhe,5600,2880,400,69,822,58,89,0,13.16,17.0,35.3,4,0
17,15,Olst-Wijhe,1645,880,122,9,177,12,11,0,17.26,7.0,37.0,1,0
18,14,Olst-Wijhe,2055,1055,146,12,0,0,15,0,10.6,8.0,21.0,1,0
18,15,Olst-Wijhe,375,200,28,2,367,33,2,0,37.67,6.0,10.2,2,0
22,12,Olst-Wijhe,690,425,59,4,44,4,5,0,34.72,7.0,19.0,1,0
21,12,Olst-Wijhe,595,400,56,5,0,0,6,0,4.45,9.0,10.0,1,0
19,12,Olst-Wijhe,1065,545,76,11,72,7,14,0,4.82,14.0,39.0,1,0
18,11,Olst-Wijhe,635,455,63,3,44,4,4,0,12.28,5.0,14.0,1,0
18,13,Olst-Wijhe,490,325,45,2,88,6,2,0,9.9,4.0,23.0,1,0
16,18,Olst-Wijhe,460,255,35,6,66,4,8,0,3.67,17.0,12.0,1,0
48,14,Dinkelland,3320,1625,208,50,491,18,64,0,10.11,22.6,31.7,4,0
47,15,Dinkelland,4635,2640,338,32,177,13,41,0,10.72,9.4,29.2,4,0
48,15,Dinkelland,1070,1035,133,7,1106,18,9,0,148.2,2.0,12.4,4,1
45,18,Dinkelland,780,445,57,5,22,2,6,0,33.21,9.0,19.0,2,0
45,16,Dinkelland,755,435,56,7,55,5,9,0,8.35,12.8,17.0,2,0
43,15,Dinkelland,400,215,28,6,44,2,8,0,7.63,21.0,27.0,1,0
47,16,Dinkelland,1230,610,78,13,44,2,17,0,10.01,18.1,27.4,2,0
43,16,Dinkelland,2220,1385,178,37,552,30,49,0,15.44,18.5,24.8,4,0
43,17,Dinkelland,2465,1515,194,5,110,10,7,0,16.59,2.7,16.5,5,0
42,17,Dinkelland,280,130,17,4,11,1,5,0,1.67,22.1,24.5,2,0
43,13,Dinkelland,2210,1335,171,23,155,12,30,0,6.53,13.7,26.3,5,0
46,13,Dinkelland,2345,1335,171,24,33,3,31,0,4.15,13.3,19.6,2,0
42,12,Dinkelland,1705,1070,137,32,44,4,42,0,1.38,23.0,21.5,2,0
44,10,Dinkelland,1245,660,85,3,88,8,3,0,30.5,3.0,20.0,1,0
-36,-10,Westland,16345,7465,1384,479,2150,173,623,0,5.43,34.5,31.7,6,0
-35,-10,Westland,4960,2580,478,83,1137,87,108,0,6.81,17.2,36.5,3,1
-37,-9,Westland,2790,1450,269,47,628,46,61,0,5.02,19.3,25.0,2,0
-34,-11,Westland,9705,4555,845,162,1245,98,210,0,19.03,18.9,30.3,6,0
-36,-9,Westland,2285,2490,462,115,588,34,149,0,4.64,17.4,17.8,4,0
-35,-11,Westland,2260,1320,245,83,639,42,108,0,10.5,39.0,28.6,4,1
-35,-9,Westland,8655,4210,781,177,2486,56,230,0,15.6,22.8,35.1,4,0
-34,-12,Westland,3070,1530,284,48,1436,119,63,0,30.84,17.0,35.0,1,0
-35,-12,Westland,980,560,104,4,484,24,5,0,27.62,2.4,13.4,2,0
-38,-9,Westland,4170,2030,376,184,794,64,240,0,5.01,47.2,29.8,2,0
-37,-10,Westland,14890,7545,1399,175,1864,107,227,0,10.25,12.8,26.1,7,0
-36,-11,Westland,705,325,60,5,88,8,7,0,16.28,9.0,44.0,1,0
-38,-8,Westland,12735,6600,1224,313,1272,111,406,0,4.66,25.8,33.8,7,0
-38,-7,Westland,560,270,50,0,55,5,0,0,0.0,0.0,19.0,1,0
-37,-8,Westland,1845,1175,218,24,404,23,32,0,4.47,10.0,19.4,3,0
-35,-8,Westland,2580,1115,207,42,813,70,55,0,4.64,20.9,41.6,2,0
-33,-11,Westland,3590,1940,360,44,805,53,57,0,12.95,14.4,21.0,2,0
-34,-9,Westland,1635,965,179,3,1245,53,4,0,4.5,0.6,8.0,2,0
-36,-8,Westland,7150,3200,593,163,1203,104,211,0,9.13,26.8,34.1,4,0
-32,-11,Midden-Delfland,3610,1680,317,61,353,27,80,0,11.82,19.3,28.4,2,0
-33,-10,Midden-Delfland,410,275,52,5,165,8,7,0,20.12,10.1,8.3,2,1
-31,-14,Midden-Delfland,4575,2320,437,105,574,52,136,0,8.21,24.0,33.0,1,0
-33,-12,Midden-Delfland,585,630,119,9,1925,93,12,0,13.9,8.0,10.0,1,0
39,-2,Berkelland,6205,3355,419,89,797,39,116,0,9.72,20.4,40.8,9,0
40,-2,Berkelland,1115,715,89,9,110,6,11,0,11.62,6.8,26.4,2,0
39,-1,Berkelland,555,355,44,2,77,7,3,0,24.9,5.0,12.0,1,0
38,1,Berkelland,655,455,57,14,0,0,18,0,3.11,26.5,18.1,2,0
41,-2,Berkelland,340,175,22,1,22,2,1,0,33.68,3.0,12.0,1,0
40,-3,Berkelland,570,340,42,3,88,8,4,0,5.64,8.0,21.0,1,0
44,-2,Berkelland,355,235,29,8,22,2,10,0,2.89,26.0,16.0,1,0
44,-3,Berkelland,7985,4220,527,102,271,20,133,0,11.93,19.1,40.4,11,1
44,-4,Berkelland,50,95,12,2,221,14,3,0,215.58,18.5,0.0,1,1
42,-5,Berkelland,2295,1385,173,42,66,6,55,0,1.58,24.1,20.9,2,0
44,-6,Berkelland,365,210,26,13,0,0,17,0,1.81,50.0,19.0,1,0
40,0,Berkelland,835,515,64,15,22,2,20,0,1.47,23.6,17.0,2,0
44,-1,Berkelland,560,400,50,3,0,0,5,0,6.32,7.0,11.0,1,0
42,-1,Berkelland,7560,4465,558,72,1070,29,94,0,15.4,13.7,39.0,9,0
41,-1,Berkelland,135,115,14,1,22,2,1,0,2.34,4.0,2.0,1,0
39,-7,Berkelland,150,65,8,4,22,1,5,0,5.91,46.0,25.0,1,0
41,-6,Berkelland,370,245,31,9,44,2,12,0,4.66,31.0,15.0,1,0
38,-4,Berkelland,5860,3465,433,51,154,12,66,0,14.72,11.8,25.6,8,0
34,-6,Bronckhorst,5060,3270,422,86,331,29,112,0,5.39,20.4,33.7,2,0
35,-8,Bronckhorst,1035,615,79,12,22,2,15,0,3.21,15.0,28.0,1,0
36,-5,Bronckhorst,345,240,31,8,0,0,11,0,2.64,27.0,21.0,1,0
37,-9,Bronckhorst,5700,3340,431,65,309,26,84,0,13.34,15.0,37.0,1,0
40,-10,Bronckhorst,685,480,62,4,22,2,6,0,5.09,7.0,22.0,1,0
35,-9,Bronckhorst,1200,745,96,13,22,2,17,0,5.12,14.2,16.0,2,0
33,-3,Bronckhorst,4870,2760,356,57,132,10,74,0,3.91,16.0,38.0,1,0
34,-3,Bronckhorst,200,165,21,1,22,2,2,0,17.28,6.0,5.0,1,0
31,-4,Bronckhorst,795,485,63,9,44,4,11,0,7.62,12.4,22.9,2,0
32,-3,Bronckhorst,1190,805,104,23,177,16,30,0,2.8,22.0,26.0,1,0
30,-6,Bronckhorst,1850,1135,147,16,155,14,21,0,26.03,11.0,32.0,1,0
29,-5,Bronckhorst,90,65,8,0,164,14,1,0,180.92,5.0,27.0,1,0
31,-5,Bronckhorst,1045,720,93,13,22,2,17,0,1.72,14.5,23.0,2,0
31,-6,Bronckhorst,375,240,31,2,44,2,2,0,23.75,6.0,22.0,1,0
33,-9,Bronckhorst,1010,690,89,15,62,6,20,0,4.09,17.0,42.0,1,0
32,-9,Bronckhorst,480,325,42,6,77,8,8,0,13.07,14.1,16.1,2,0
33,-10,Bronckhorst,445,310,40,4,58,3,5,0,16.09,9.0,21.0,1,0
31,-9,Bronckhorst,945,645,83,2,66,6,2,0,39.77,2.0,32.0,1,0
31,-8,Bronckhorst,685,420,54,6,22,2,8,0,3.45,14.2,17.3,2,0
32,-8,Bronckhorst,300,200,26,7,11,1,9,0,1.64,26.0,23.0,1,0
52,-73,Sittard-Geleen,11495,5905,827,250,1234,69,325,0,5.28,31.0,39.8,3,0
52,-74,Sittard-Geleen,1850,1445,202,95,1064,58,124,0,14.39,32.5,40.3,2,0
53,-74,Sittard-Geleen,12000,5955,834,428,2382,145,556,0,4.56,53.7,51.3,4,0
53,-75,Sittard-Geleen,5750,3065,429,96,802,50,125,0,8.9,21.7,41.2,2,0
54,-75,Sittard-Geleen,235,40,6,5,44,2,7,0,8.57,92.0,98.0,1,0
53,-73,Sittard-Geleen,2810,1245,174,83,411,26,108,0,1.58,47.7,72.8,2,0
54,-74,Sittard-Geleen,7275,4060,569,78,309,28,102,0,3.16,13.7,32.4,2,0
52,-72,Sittard-Geleen,70,870,122,18,375,20,24,0,28.98,15.0,24.0,1,0
54,-76,Sittard-Geleen,4540,2670,374,34,77,7,44,0,3.94,9.0,21.0,1,0
51,-73,Sittard-Geleen,1245,715,100,9,93,9,12,0,244.11,9.0,22.0,1,0
52,-76,Sittard-Geleen,4315,2415,338,179,383,27,233,0,2.81,53.0,58.0,1,0
52,-75,Sittard-Geleen,12220,6335,888,265,748,56,344,0,2.55,29.6,44.7,2,0
53,-76,Sittard-Geleen,10090,5430,761,262,1005,74,340,0,2.55,34.4,38.0,2,0
50,-71,Sittard-Geleen,3100,1930,270,32,77,7,41,0,79.0,12.0,20.4,2,0
50,-72,Sittard-Geleen,5520,3120,437,76,268,22,99,0,3.94,17.3,33.2,2,0
50,-73,Sittard-Geleen,225,135,19,3,2594,12,4,0,115.49,18.0,17.0,1,0
49,-72,Sittard-Geleen,1850,1160,163,15,66,5,19,0,3.02,9.0,28.0,1,0
49,-71,Sittard-Geleen,745,475,67,3,99,9,4,0,26.02,5.0,14.0,1,0
48,-71,Sittard-Geleen,2260,1440,202,24,88,8,31,0,1.9,12.0,22.0,1,0
-28,3,Kaag en Braassem,5100,2550,451,158,1283,97,205,0,4.13,35.0,28.0,1,0
-28,4,Kaag en Braassem,9150,4555,806,159,796,71,207,0,7.55,20.4,40.1,4,0
-29,3,Kaag en Braassem,1690,1095,194,27,199,14,35,0,18.66,15.6,40.0,2,0
-30,3,Kaag en Braassem,595,320,57,7,117,10,10,0,3.94,13.0,31.0,1,0
-31,4,Kaag en Braassem,400,285,50,3,66,5,3,0,24.65,5.0,31.0,1,0
-29,2,Kaag en Braassem,1425,760,134,23,0,0,30,0,6.61,17.0,29.0,1,0
-27,1,Kaag en Braassem,2440,1265,224,27,273,24,35,0,7.51,12.0,32.7,2,0
-26,3,Kaag en Braassem,45,25,4,1,210,15,1,0,102.13,19.6,0.0,1,1
-27,5,Kaag en Braassem,2605,1435,254,48,513,38,62,0,14.34,18.1,38.2,2,0
-16,73,Dantumadiel,5605,2965,249,22,99,5,29,0,4.43,9.0,35.0,1,0
-16,72,Dantumadiel,1220,680,57,1,68,4,1,0,101.1,1.2,24.1,2,0
-17,74,Dantumadiel,85,25,2,0,88,4,0,0,0.0,0.0,14.0,1,0
-16,75,Noardeast-Fryslân,120,150,13,0,66,4,1,0,49.59,2.2,8.3,2,0
-15,70,Dantumadiel,3510,1895,159,19,147,8,25,0,4.09,12.0,41.0,1,0
-14,71,Dantumadiel,60,15,1,0,124,7,0,0,382.91,9.3,0.0,1,1
-18,74,Dantumadiel,945,540,45,2,102,6,2,0,62.27,4.0,22.0,1,0
-18,75,Noardeast-Fryslân,1245,610,54,8,0,0,11,0,36.23,15.3,14.2,3,1
-24,-7,Zuidplas,1635,830,160,0,661,39,0,0,0.0,0.0,19.4,3,0
-23,-9,Zuidplas,9300,4680,903,109,1506,114,142,0,14.81,11.9,28.8,8,1
-24,-9,Zuidplas,215,130,25,2,155,12,2,0,221.99,6.4,7.9,2,1
-24,-10,Zuidplas,355,215,41,2,22,2,3,0,10.86,4.0,7.1,2,1
-23,-11,Zuidplas,400,215,41,2,221,16,2,0,101.13,4.0,29.0,1,0
-20,-10,Zuidplas,5350,2695,520,120,715,60,156,0,8.44,24.4,28.8,6,1
-20,-11,Zuidplas,3210,1390,268,48,224,18,62,0,5.95,17.6,42.8,3,0
-19,-11,Krimpenerwaard,2965,1570,270,45,322,28,58,0,1.62,16.2,34.0,2,0
-21,-12,Zuidplas,14900,6830,1318,361,2165,189,469,0,10.08,28.3,33.7,9,0
-21,-11,Zuidplas,6990,3755,725,114,4092,103,148,0,34.81,16.9,23.7,6,1
-20,-12,Zuidplas,265,190,37,8,265,16,10,0,28.38,21.3,2.7,2,1
-20,-13,Zuidplas,970,695,134,12,110,9,16,0,1.63,9.0,19.0,1,0
46,-53,Peel en Maas,6175,3235,430,115,1081,86,150,0,9.83,27.2,42.2,4,0
47,-53,Peel en Maas,7495,4220,560,57,423,37,74,0,7.99,10.3,24.4,4,0
46,-52,Peel en Maas,400,310,41,2,341,13,3,0,20.47,2.4,6.7,2,1
45,-52,Peel en Maas,2345,1395,185,13,132,12,17,0,10.4,6.9,15.2,3,0
50,-55,Peel en Maas,2515,1410,187,22,166,15,29,0,7.37,12.0,35.0,1,0
48,-51,Peel en Maas,2750,1520,202,46,342,28,59,0,6.81,22.4,33.2,2,0
47,-51,Peel en Maas,2580,1440,191,8,22,2,10,0,5.48,4.0,15.0,1,0
48,-50,Peel en Maas,855,205,27,1,221,10,2,0,162.19,5.0,6.0,1,0
48,-52,Peel en Maas,455,245,33,5,0,0,6,0,2.42,14.0,8.0,1,0
50,-53,Peel en Maas,5780,3390,450,61,476,29,80,0,8.5,13.9,25.0,4,0
42,-52,Peel en Maas,4385,2480,329,49,22,2,64,0,7.35,15.1,26.9,4,0
42,-51,Peel en Maas,1640,890,118,6,210,19,7,0,8.83,4.7,13.4,2,0
43,-52,Peel en Maas,170,85,11,0,189,15,0,0,0.26,3.0,9.0,1,0
46,-51,Peel en Maas,930,475,63,3,22,2,4,0,6.65,5.0,33.0,1,0
45,-51,Peel en Maas,430,225,30,1,11,1,2,0,10.51,3.9,10.3,2,0
49,-56,Peel en Maas,795,495,66,3,162,13,3,0,65.68,4.0,22.6,2,0
47,-52,Peel en Maas,475,275,37,7,0,0,9,0,33.56,19.0,9.0,1,0
23,65,Oldambt,4345,2300,289,5,88,7,6,0,2.91,1.7,20.6,2,0
23,64,Oldambt,3000,1550,195,27,88,7,35,0,1.65,14.2,37.7,3,0
25,63,Oldambt,425,505,63,20,251,3,26,0,13.98,27.6,25.5,2,0
24,67,Oldambt,1635,1035,130,1,22,2,1,0,39.5,0.4,30.3,3,0
29,66,Oldambt,1070,580,73,2,1423,10,3,0,667.18,2.7,41.0,2,0
21,65,Oldambt,1590,845,106,4,11,1,6,0,1.98,4.0,44.0,1,0
22,65,Oldambt,1765,1130,142,2,33,3,2,0,30.08,1.2,22.4,2,0
19,68,Oldambt,220,140,18,0,22,2,0,0,0.0,0.0,25.0,1,0
20,66,Oldambt,105,75,9,0,215,20,0,0,0.0,0.0,4.0,1,0
22,67,Oldambt,2335,1400,176,8,0,0,11,0,2.7,4.8,23.5,2,0
22,68,Oldambt,925,600,75,4,22,2,5,0,5.86,5.0,32.0,1,0
19,70,Oldambt,1105,655,82,4,44,4,5,0,10.73,5.0,33.0,1,0
7,30,Zwartewaterland,8120,3720,528,63,1095,84,82,0,20.93,12.1,22.2,6,0
7,31,Zwartewaterland,1925,1015,144,11,189,12,14,0,4.88,7.4,26.9,4,1
6,31,Zwartewaterland,1500,710,101,14,155,12,18,0,7.26,14.0,12.0,1,0
6,29,Zwartewaterland,445,250,35,0,22,2,0,0,62.25,1.0,14.0,1,0
10,28,Zwartewaterland,4455,2250,319,39,1107,75,51,0,20.36,11.9,34.3,4,0
9,28,Zwartewaterland,420,370,52,7,154,13,9,0,60.51,13.4,15.4,2,0
9,29,Zwartewaterland,95,70,10,0,121,11,0,0,21.57,1.0,14.0,1,0
7,32,Zwartewaterland,2810,1390,197,41,199,18,53,0,6.43,21.5,47.8,4,0
8,31,Zwartewaterland,135,140,20,2,0,0,2,0,4.06,9.0,24.0,1,0
-25,59,Súdwest-Fryslân,9725,4545,576,129,191,12,167,0,1.82,22.3,40.5,5,0
-20,57,Súdwest-Fryslân,8595,3820,484,186,625,32,242,0,2.2,37.7,56.9,5,0
-20,56,Súdwest-Fryslân,3355,1820,231,20,0,0,26,0,24.24,7.9,33.8,2,0
-20,58,Súdwest-Fryslân,3000,1360,172,3,66,4,3,0,16.42,1.5,11.9,2,0
-19,57,Súdwest-Fryslân,7695,3735,473,156,106,8,203,0,2.0,34.6,38.9,5,0
-18,56,Súdwest-Fryslân,3815,2035,258,78,1065,58,101,0,12.12,30.7,41.8,2,0
-21,57,Súdwest-Fryslân,1005,665,84,2,346,17,3,0,14.95,2.6,14.3,2,0
-19,53,Súdwest-Fryslân,2090,1135,144,20,298,15,26,0,14.8,14.0,33.0,1,0
-19,58,Súdwest-Fryslân,1675,960,122,3,0,0,4,0,3.72,2.4,19.4,3,0
-21,52,Súdwest-Fryslân,200,125,16,1,66,3,1,0,69.43,6.0,18.0,1,0
-23,56,Súdwest-Fryslân,605,325,41,7,22,2,10,0,2.98,18.0,34.0,1,0
-17,55,Súdwest-Fryslân,350,215,27,1,46,3,2,0,21.17,4.4,14.6,2,1
-16,54,Súdwest-Fryslân,45,55,7,1,34,2,2,0,8.18,17.1,0.0,1,1
-18,51,Súdwest-Fryslân,1365,800,101,7,0,0,9,0,3.11,7.0,24.0,1,0
-17,51,Súdwest-Fryslân,125,60,8,0,22,1,0,0,0.0,0.0,21.1,2,0
-28,61,Súdwest-Fryslân,1795,1000,127,13,210,13,17,0,16.35,10.0,30.3,2,0
-29,64,Waadhoeke,750,435,54,1,34,2,2,0,23.82,2.5,22.3,3,0
-27,63,Súdwest-Fryslân,310,190,24,0,44,2,0,0,116.13,1.5,15.1,2,0
-29,58,Súdwest-Fryslân,3345,1850,234,25,98,5,32,0,5.7,10.6,34.6,2,0
-29,59,Súdwest-Fryslân,160,100,13,1,22,1,1,0,48.01,4.0,14.0,1,0
-23,61,Súdwest-Fryslân,895,520,66,1,22,2,2,0,15.42,2.4,22.0,2,0
-21,62,Súdwest-Fryslân,285,185,23,0,44,2,0,0,188.32,1.0,20.0,1,0
-20,-4,Bodegraven-Reeuwijk,8225,3865,684,226,1137,94,294,0,4.95,32.1,38.0,9,0
-21,-4,Bodegraven-Reeuwijk,380,320,57,23,132,12,30,0,3.57,54.1,7.0,3,2
-20,-5,Bodegraven-Reeuwijk,7135,3385,599,117,7003,116,152,0,55.44,20.1,26.0,8,1
-19,-5,Bodegraven-Reeuwijk,3310,1475,261,18,1261,83,24,0,21.35,6.4,19.0,3,0
-17,-5,Bodegraven-Reeuwijk,1940,1090,193,11,3345,20,15,0,15.89,5.8,18.3,2,0
-21,-5,Bodegraven-Reeuwijk,405,200,35,1,0,0,1,0,7.67,3.0,4.0,1,0
-21,-6,Bodegraven-Reeuwijk,1395,705,125,9,423,29,11,0,47.43,7.1,19.6,2,0
-20,-6,Bodegraven-Reeuwijk,3155,1375,243,21,480,39,28,0,9.13,9.3,22.9,4,1
-19,-7,Bodegraven-Reeuwijk,2670,1355,240,63,146,11,83,0,8.32,29.2,33.8,2,0
-19,-6,Bodegraven-Reeuwijk,130,190,34,3,0,0,3,0,536.53,10.2,6.6,2,1
-17,-7,Bodegraven-Reeuwijk,2055,1025,182,14,266,21,18,0,19.38,7.8,21.7,3,0
-17,-6,Bodegraven-Reeuwijk,1320,645,114,14,225,18,18,0,249.89,12.0,27.0,1,0
55,-88,Eijsden-Margraten,2895,1545,260,21,4519,50,27,0,120.56,8.0,22.0,1,0
56,-89,Eijsden-Margraten,345,200,34,6,22,2,8,0,3.65,18.0,20.0,1,0
54,-87,Eijsden-Margraten,915,500,84,11,166,14,15,0,31.58,13.9,28.9,2,0
55,-87,Eijsden-Margraten,1675,860,145,17,22,2,22,0,108.91,10.5,24.9,2,0
54,-86,Eijsden-Margraten,2240,1320,222,22,7146,51,29,0,90.89,10.0,21.0,1,0
57,-85,Eijsden-Margraten,250,135,23,3,299,24,4,0,16.22,12.0,14.0,1,0
55,-85,Eijsden-Margraten,3430,2070,348,68,255,20,89,0,3.73,20.3,25.2,2,0
54,-84,Eijsden-Margraten,265,100,17,3,379,23,4,0,113.82,14.4,34.7,2,0
56,-87,Eijsden-Margraten,1375,830,139,18,44,4,23,0,8.69,12.7,17.6,4,0
56,-86,Eijsden-Margraten,535,380,64,11,0,0,15,0,1.92,18.0,17.0,1,0
57,-88,Eijsden-Margraten,840,545,92,11,77,5,14,0,11.05,12.0,19.0,1,0
59,-89,Eijsden-Margraten,850,510,86,15,44,4,20,0,2.78,18.1,25.7,2,0
-11,-1,Stichtse Vecht,5905,3050,584,107,980,69,139,0,8.6,19.5,17.4,5,1
-12,0,Stichtse Vecht,6335,2995,574,230,985,47,299,0,4.67,42.3,48.0,7,0
-13,0,Stichtse Vecht,4730,2310,443,30,385,26,39,0,20.21,7.0,29.8,4,0
-12,-1,Stichtse Vecht,16515,7555,1447,469,3467,119,610,0,8.9,33.1,38.7,15,0
-14,1,Stichtse Vecht,5850,3400,651,168,1140,70,218,0,75.59,29.5,43.0,7,1
-15,2,Stichtse Vecht,3925,1980,379,141,5612,134,184,0,8.52,37.5,30.8,2,0
-14,2,Stichtse Vecht,485,320,61,13,26,3,18,0,1.91,22.0,40.0,1,0
-15,4,Stichtse Vecht,4130,2285,438,69,579,31,90,0,8.35,16.5,41.2,7,0
-16,5,Stichtse Vecht,650,420,80,5,88,6,7,0,16.45,6.6,13.2,4,1
-16,3,Stichtse Vecht,725,395,76,3,77,5,4,0,1115.73,4.0,14.6,2,0
-15,0,Stichtse Vecht,2620,1340,257,60,172,11,78,0,2.87,23.2,36.6,4,0
-15,6,Stichtse Vecht,365,210,40,6,156,12,7,0,4.39,12.6,23.9,2,0
-15,5,Stichtse Vecht,1630,980,188,18,158,13,23,0,8.78,9.5,28.0,2,1
-16,8,Stichtse Vecht,130,75,14,6,160,9,8,0,4.41,41.0,25.0,1,0
-17,8,Stichtse Vecht,1395,715,137,7,109,9,10,0,14.81,5.6,36.9,2,0
-16,4,Stichtse Vecht,25,5,1,0,28,2,0,0,0.0,23.2,0.0,1,1
-15,3,Stichtse Vecht,380,220,42,7,121,9,9,0,12.03,15.7,19.7,4,2
-13,-1,Stichtse Vecht,5150,2450,469,31,3230,41,40,0,10.06,6.4,15.2,3,0
-43,46,Hollands Kroon,6065,3270,473,73,314,20,95,0,8.57,16.0,34.6,7,0
-41,47,Hollands Kroon,220,155,22,1,34,2,1,0,30.31,5.0,19.0,1,0
-42,45,Hollands Kroon,2200,1170,169,8,197,15,10,0,8.2,4.7,27.1,2,0
-44,47,Hollands Kroon,2600,1520,220,19,120,8,25,0,9.08,8.9,29.3,2,0
-43,48,Hollands Kroon,1210,730,106,5,11,1,7,0,2.08,5.0,12.0,1,0
-40,44,Hollands Kroon,1855,1050,152,14,94,6,18,0,10.1,9.0,29.0,1,0
-40,48,Hollands Kroon,910,605,88,7,750,4,10,0,8.02,9.1,20.5,3,0
-39,49,Hollands Kroon,3780,2055,297,52,194,12,68,0,4.55,17.6,33.1,3,0
-39,48,Hollands Kroon,1360,765,111,10,116,8,13,0,7.35,9.0,52.0,1,0
-38,51,Hollands Kroon,2150,1145,166,12,22,2,15,0,15.51,7.0,31.0,1,0
-38,50,Hollands Kroon,190,95,14,0,679,14,0,0,3718.74,1.0,7.0,1,0
-37,50,Hollands Kroon,95,85,12,0,221,10,0,0,26.56,3.0,9.0,1,0
-35,45,Hollands Kroon,5255,2855,413,59,1196,33,77,0,48.28,14.3,32.8,5,0
-35,44,Hollands Kroon,135,125,18,4,111,8,6,0,25.34,24.0,16.0,1,0
-33,44,Hollands Kroon,575,325,47,0,66,4,0,0,0.0,0.0,14.0,1,0
-37,45,Hollands Kroon,1360,720,104,7,116,8,9,0,15.91,7.0,31.0,1,0
-35,42,Hollands Kroon,3235,1795,260,20,224,14,25,0,15.44,7.5,34.2,2,0
-35,43,Hollands Kroon,65,80,12,3,242,15,5,0,47.25,30.0,19.0,1,0
-38,41,Hollands Kroon,1070,665,96,1,166,12,2,0,111.65,1.6,24.7,2,0
-39,41,Hollands Kroon,910,565,82,4,41,3,5,0,10.65,4.7,13.5,2,0
-37,39,Hollands Kroon,1315,940,136,21,60,4,27,0,9.49,17.8,27.5,3,0
-38,40,Hollands Kroon,325,205,30,1,30,2,1,0,2.85,2.0,7.0,1,0
-36,39,Hollands Kroon,1810,1035,150,6,302,16,8,0,44.75,3.9,30.4,3,0
-36,38,Hollands Kroon,4150,2390,346,44,498,33,57,0,9.73,12.4,23.5,4,0
-38,38,Hollands Kroon,2220,1180,171,14,126,8,19,0,15.58,8.6,21.2,3,0
-37,38,Hollands Kroon,135,75,11,0,97,7,0,0,0.0,0.0,3.0,1,0
-36,36,Hollands Kroon,215,140,20,0,30,2,0,0,111.04,1.0,8.0,1,0
-33,-4,Leidschendam-Voorburg,11560,5015,966,473,3851,318,614,0,5.48,50.0,32.9,10,1
-32,-3,Leidschendam-Voorburg,1095,475,91,31,243,20,40,0,4.31,34.0,29.0,1,0
-32,-4,Leidschendam-Voorburg,14420,6435,1239,599,2727,209,778,0,4.2,50.4,51.6,7,0
-30,-4,Leidschendam-Voorburg,1520,780,150,18,44,4,23,0,3.59,12.0,35.0,1,0
-31,-3,Leidschendam-Voorburg,835,530,102,5,88,5,7,0,13.29,5.0,12.0,1,0
-33,-5,Leidschendam-Voorburg,29645,11505,2216,1523,5084,410,1980,0,4.75,71.1,40.0,10,0
-38,-21,Goeree-Overflakkee,1995,1205,182,13,349,22,16,0,27.77,7.1,23.2,2,0
-39,-22,Goeree-Overflakkee,4240,2250,340,47,771,47,62,0,20.25,13.7,31.2,3,0
-40,-22,Goeree-Overflakkee,80,105,16,0,55,5,0,0,0.0,0.0,17.0,1,0
-40,-21,Goeree-Overflakkee,245,165,25,1,338,27,1,0,145.11,3.0,30.0,1,0
-40,-25,Goeree-Overflakkee,75,15,2,0,191,12,0,0,568.95,14.8,0.0,1,1
-40,-23,Goeree-Overflakkee,55,5,1,0,11,1,0,0,0.0,0.0,16.0,1,0
-36,-22,Goeree-Overflakkee,3415,1950,295,24,769,45,31,0,32.78,8.6,33.6,3,1
-36,-21,Goeree-Overflakkee,100,110,17,2,156,9,3,0,61.16,14.8,0.0,1,1
-35,-22,Goeree-Overflakkee,145,215,32,1,0,0,2,0,8.19,4.0,20.0,1,0
-30,-25,Goeree-Overflakkee,9470,4875,737,186,2364,129,242,0,17.06,26.3,37.3,6,0
-29,-25,Goeree-Overflakkee,1525,920,139,2,583,32,3,0,118.82,0.5,43.5,2,0
-29,-26,Goeree-Overflakkee,1925,940,142,31,2142,33,41,0,50.57,22.0,62.0,1,0
-29,-24,Goeree-Overflakkee,365,240,36,0,46,3,0,0,0.0,0.0,2.0,1,0
-28,-25,Goeree-Overflakkee,420,180,27,20,0,0,25,0,2.79,72.0,76.0,1,0
-21,-30,Goeree-Overflakkee,2425,1355,205,13,297,20,17,0,22.58,6.0,32.3,2,1
-24,-28,Goeree-Overflakkee,1305,680,103,9,192,12,12,0,20.76,9.0,40.0,1,0
-26,-29,Goeree-Overflakkee,4575,2410,364,67,1039,43,87,0,57.28,18.9,41.8,4,1
-26,-30,Goeree-Overflakkee,720,460,70,6,250,15,7,0,7.93,6.9,10.0,2,1
-31,-26,Goeree-Overflakkee,5605,3075,465,98,1252,66,128,0,14.89,22.1,35.1,4,0
-33,-25,Goeree-Overflakkee,2620,1515,229,15,110,6,19,0,23.03,6.3,24.4,3,0
-31,-28,Goeree-Overflakkee,1305,735,111,13,214,12,17,0,16.14,12.0,33.2,3,0
-30,-26,Goeree-Overflakkee,1275,625,94,14,155,9,18,0,12.54,15.0,26.0,1,0
-28,-28,Goeree-Overflakkee,2055,1125,170,14,381,19,18,0,28.0,8.0,37.0,1,0
-29,-28,Goeree-Overflakkee,65,50,8,1,132,6,1,0,118.17,14.8,0.0,1,1
-26,-27,Goeree-Overflakkee,1405,810,122,10,110,8,13,0,23.1,8.0,29.0,1,0
-27,-26,Goeree-Overflakkee,135,110,17,1,66,4,1,0,46.6,5.0,21.0,1,0
-23,-30,Goeree-Overflakkee,1105,675,102,8,110,6,11,0,13.22,7.8,35.8,2,0
-29,-8,Pijnacker-Nootdorp,12135,5320,1257,325,1362,116,422,0,4.99,25.8,26.6,5,0
-28,-9,Pijnacker-Nootdorp,15350,6725,1589,288,2153,187,374,0,7.54,19.4,28.0,7,0
-29,-9,Pijnacker-Nootdorp,620,260,61,25,320,25,32,0,10.72,40.0,41.0,1,0
-28,-10,Pijnacker-Nootdorp,940,525,124,5,189,16,6,0,4.18,4.0,12.0,1,0
-28,-8,Pijnacker-Nootdorp,725,430,102,2,44,3,3,0,16.94,2.0,13.0,1,0
-30,-7,Pijnacker-Nootdorp,2365,1165,275,28,618,49,36,0,10.75,10.4,15.5,2,0
-29,-10,Pijnacker-Nootdorp,2220,1470,347,94,675,30,123,0,8.57,30.7,28.2,3,1
-27,-19,Nissewaard,12740,5670,1064,545,2832,208,708,0,4.46,53.4,47.3,12,1
-28,-19,Nissewaard,3180,2050,385,202,2507,131,262,0,11.39,62.1,43.1,3,1
-27,-20,Nissewaard,17845,7565,1419,402,2324,199,522,0,6.19,29.9,49.3,15,0
-26,-20,Nissewaard,19375,8710,1634,281,4255,256,366,0,10.78,19.8,34.6,20,1
-26,-21,Nissewaard,11555,5140,964,201,785,64,261,0,6.56,22.1,38.1,6,0
-25,-20,Nissewaard,7385,3920,735,72,1145,93,94,0,17.76,9.7,15.5,3,1
-28,-18,Nissewaard,25,30,6,2,93,9,2,0,15.91,28.2,0.0,2,2
-30,-18,Nissewaard,3085,2965,556,19,621,36,24,0,37.8,4.1,33.0,4,0
-31,-18,Nissewaard,715,405,76,4,255,20,5,0,75.68,5.0,14.0,1,0
-31,-19,Nissewaard,150,110,21,0,22,1,0,0,0.0,0.0,10.0,1,0
-29,-19,Nissewaard,150,65,12,0,79,6,0,0,0.25,3.0,42.0,1,0
-30,-19,Nissewaard,920,600,113,6,621,18,7,0,72.92,5.0,28.0,1,0
-28,-21,Nissewaard,4885,2640,495,64,342,31,83,0,9.58,13.1,30.7,3,0
-29,-21,Nissewaard,1510,945,177,14,499,41,18,0,25.15,6.3,22.9,2,0
-27,-21,Nissewaard,375,245,46,10,44,4,13,0,6.39,22.7,42.0,2,1
-25,-21,Nissewaard,55,15,3,2,269,22,3,0,1.86,71.0,71.0,1,0
-16,-16,Krimpenerwaard,3775,1925,323,79,768,59,102,0,10.15,24.1,41.9,5,1
-17,-16,Krimpenerwaard,2620,1230,207,20,266,23,26,0,4.7,10.0,32.6,4,0
-16,-17,Molenlanden,6200,2880,409,66,291,19,85,0,5.89,15.2,31.3,5,1
-18,-16,Krimpenerwaard,4935,2440,410,90,603,49,116,0,7.42,22.2,36.6,4,0
-18,-17,Krimpenerwaard,2085,1045,164,40,2321,149,52,0,20.35,23.0,25.3,5,1
-19,-14,Krimpenerwaard,4190,2055,345,66,355,31,85,0,5.41,19.0,26.0,1,0
-14,-14,Krimpenerwaard,5885,3025,508,151,828,63,196,0,11.71,29.9,34.6,4,0
-15,-13,Krimpenerwaard,120,40,7,0,396,18,0,0,48.17,5.0,18.0,1,0
-13,-14,Krimpenerwaard,2035,1125,186,20,701,57,26,0,14.38,10.7,33.1,3,0
-13,-13,Krimpenerwaard,4005,1845,310,40,322,28,52,0,7.59,12.9,38.4,2,0
-17,-13,Krimpenerwaard,1450,765,128,13,101,8,17,0,7.84,10.0,17.0,1,0
-16,-10,Krimpenerwaard,2495,1250,210,41,224,18,53,0,7.57,19.6,29.4,5,0
-15,-9,Krimpenerwaard,85,50,8,0,44,2,0,0,0.0,0.0,9.0,1,0
-17,-9,Krimpenerwaard,1270,595,100,15,190,17,19,0,10.18,14.7,47.8,2,0
-16,-11,Krimpenerwaard,3990,1880,316,66,385,30,86,0,15.44,21.0,33.1,3,2
-15,-11,Krimpenerwaard,775,395,66,7,0,0,9,0,3.36,10.3,28.4,2,0
-16,-12,Krimpenerwaard,445,340,57,6,11,1,8,0,1.73,11.3,8.8,2,0
-13,-12,Krimpenerwaard,400,215,36,2,166,14,2,0,12.17,5.8,6.3,2,0
-12,-13,Krimpenerwaard,9510,4730,794,195,1426,109,254,0,8.44,25.0,36.8,4,0
-14,55,De Fryske Marren,335,210,27,0,33,2,0,0,199.9,1.3,12.1,2,0
-21,46,De Fryske Marren,1030,565,71,3,34,2,4,0,11.89,4.0,21.0,1,0
-18,48,De Fryske Marren,4335,2130,269,38,662,27,49,0,17.54,14.0,44.0,1,0
-9,47,De Fryske Marren,375,205,26,0,313,25,0,0,110.97,1.0,23.0,1,0
-15,52,De Fryske Marren,1090,650,82,2,157,9,2,0,110.2,1.9,25.7,2,0
-9,46,De Fryske Marren,1135,685,87,3,112,6,4,0,112.66,3.9,22.9,2,0
-8,46,De Fryske Marren,130,70,9,0,66,3,0,0,0.0,0.0,9.0,1,0
-11,52,De Fryske Marren,620,545,69,5,3421,19,6,0,752.76,2.8,20.7,2,0
-14,50,De Fryske Marren,495,250,32,0,67,5,0,0,0.0,0.0,22.0,1,0
-13,52,De Fryske Marren,2825,1445,183,55,92,6,71,0,5.05,30.7,51.3,3,0
-13,53,De Fryske Marren,4180,2350,297,60,181,10,78,0,3.51,20.4,28.5,2,0
-12,52,De Fryske Marren,4855,2490,315,14,425,20,19,0,21.77,4.5,40.3,2,0
-12,53,De Fryske Marren,950,485,61,0,107,7,0,0,0.0,0.0,7.0,1,0
-14,51,De Fryske Marren,130,35,4,0,58,5,1,0,113.38,8.8,0.0,1,1
-12,45,De Fryske Marren,5490,3065,388,18,1213,56,23,0,46.51,5.0,17.0,3,0
-12,44,De Fryske Marren,1125,1470,186,76,0,0,99,0,7.13,41.0,48.0,1,0
-11,44,De Fryske Marren,1855,895,113,6,124,8,7,0,14.33,5.0,51.0,1,0
-11,46,De Fryske Marren,320,190,24,1,34,2,1,0,35.37,4.0,4.0,1,0
-10,46,De Fryske Marren,565,285,36,1,34,2,2,0,23.58,4.0,33.0,1,0
-10,52,De Fryske Marren,1855,1085,137,5,92,6,7,0,10.57,4.0,18.0,1,0
-17,44,De Fryske Marren,1380,735,93,2,0,0,2,0,18.29,2.0,23.0,1,0
-11,50,De Fryske Marren,440,270,34,0,11,1,0,0,38.79,0.8,15.5,2,0
-20,46,De Fryske Marren,175,150,19,1,78,4,1,0,82.22,5.0,13.0,1,0
-13,50,De Fryske Marren,3335,1730,219,28,56,3,37,0,2.75,13.0,34.0,1,0
-9,50,De Fryske Marren,1240,725,92,1,34,2,1,0,37.08,1.0,18.0,1,0
-15,57,De Fryske Marren,720,485,61,1,89,7,2,0,118.76,2.0,24.0,1,0
-12,8,Gooise Meren,20240,9620,1991,729,3217,235,948,0,4.89,36.0,34.9,20,1
-11,7,Gooise Meren,5370,2240,464,165,705,52,214,0,3.87,36.3,53.9,3,0
-13,9,Gooise Meren,11755,5610,1161,290,2277,161,377,0,8.01,25.0,32.3,8,0
-17,12,Gooise Meren,1220,715,148,38,558,36,50,0,19.09,26.0,42.0,1,0
-18,12,Gooise Meren,3475,1415,293,46,1550,44,59,0,60.24,15.5,29.0,2,1
-15,11,Gooise Meren,2915,1600,331,30,411,27,40,0,13.51,9.2,30.1,2,0
-16,11,Gooise Meren,175,155,32,3,10272,30,3,0,1197.55,8.0,19.0,1,0
-13,10,Gooise Meren,2080,1730,358,63,56,4,82,0,9.36,14.5,21.9,3,1
-12,10,Gooise Meren,495,385,80,18,89,8,24,0,4.84,23.0,25.0,1,0
-14,10,Gooise Meren,365,85,18,5,2140,106,7,0,338.46,29.6,0.0,1,1
28,-21,Berg en Dal,4875,2455,419,164,210,19,213,0,2.61,39.2,43.3,5,0
29,-21,Berg en Dal,1235,660,113,3,66,4,4,0,13.72,3.0,34.0,1,0
31,-25,Berg en Dal,4185,2345,400,46,189,17,60,0,4.64,11.5,31.9,2,0
32,-26,Berg en Dal,485,265,45,3,0,0,4,0,2.45,6.0,6.0,1,0
31,-24,Berg en Dal,955,645,110,10,331,24,12,0,7.74,7.8,22.6,3,2
32,-24,Berg en Dal,475,275,47,3,0,0,4,0,3.3,7.0,13.0,1,0
29,-20,Berg en Dal,170,95,16,1,0,0,2,0,13.57,9.0,14.0,1,0
30,-24,Berg en Dal,9375,4920,840,220,309,28,286,0,3.89,25.6,47.6,5,0
30,-20,Berg en Dal,1735,960,164,14,132,10,19,0,9.28,8.8,34.9,3,1
31,-18,Berg en Dal,5725,3200,546,75,232,21,98,0,4.41,13.6,35.2,3,1
31,-19,Berg en Dal,95,40,7,0,11,1,0,0,0.0,0.0,11.0,1,0
28,-19,Berg en Dal,2185,1130,193,24,243,20,31,0,10.4,12.1,39.7,2,1
28,-20,Berg en Dal,90,75,13,0,154,12,0,0,0.0,0.0,13.0,1,0
25,-35,Meierijstad,2360,1325,194,24,221,19,32,0,17.51,13.3,27.5,3,0
24,-35,Meierijstad,1550,815,119,5,144,13,7,0,17.88,4.4,14.1,2,0
25,-36,Meierijstad,1370,855,125,13,477,11,16,0,24.31,10.5,18.9,3,0
24,-36,Meierijstad,770,465,68,3,102,9,4,0,27.96,5.0,17.0,1,0
18,-34,Meierijstad,11980,6430,942,204,993,88,265,0,5.46,21.6,33.4,11,0
18,-35,Meierijstad,725,410,60,4,1918,22,5,0,503.34,6.4,11.8,2,0
19,-34,Meierijstad,1855,1315,193,42,839,61,54,0,20.35,8.1,16.5,3,0
17,-33,Meierijstad,2700,1525,223,36,243,22,47,0,6.21,16.8,27.9,3,0
17,-34,Meierijstad,300,195,29,1,91,7,1,0,1.48,3.0,13.0,1,0
20,-35,Meierijstad,100,150,22,2,3624,40,3,0,1319.83,5.0,10.2,2,1
19,-35,Meierijstad,6285,3320,487,79,455,38,103,0,10.2,15.5,43.3,6,0
21,-37,Meierijstad,4360,2950,432,42,949,77,55,0,17.46,9.6,22.5,4,0
20,-39,Meierijstad,990,555,81,5,99,10,6,0,22.8,6.0,25.0,1,0
20,-38,Meierijstad,750,460,67,6,66,5,8,0,7.12,9.0,14.0,1,0
21,-38,Meierijstad,3965,2145,314,116,883,66,151,0,9.27,38.3,41.4,3,0
18,-36,Meierijstad,510,290,43,6,33,3,8,0,3.4,14.0,12.0,1,0
20,-37,Meierijstad,4605,2510,368,15,443,35,20,0,32.19,4.1,23.7,4,0
22,-38,Meierijstad,1370,865,127,14,166,13,18,0,11.08,11.0,25.0,1,0
19,-37,Meierijstad,580,360,53,2,70,6,3,0,39.24,4.0,12.0,1,0
22,-33,Meierijstad,6195,3370,494,56,397,36,73,0,6.71,11.8,21.0,4,0
21,-34,Meierijstad,150,265,39,3,502,28,4,0,62.27,8.0,28.0,1,0
22,-35,Meierijstad,4255,2435,357,19,3732,190,25,0,270.62,4.3,32.9,4,1
21,-35,Meierijstad,1500,1110,163,15,1124,41,19,0,59.63,7.1,18.7,3,1
23,-35,Meierijstad,4950,2615,383,17,647,58,22,0,33.85,4.7,29.8,5,0
23,-33,Meierijstad,2010,1100,161,13,88,8,17,0,7.47,8.2,11.9,3,0
23,-36,Meierijstad,1640,970,142,10,88,8,13,0,8.67,7.1,12.5,2,0
23,-34,Meierijstad,985,575,84,13,688,12,16,0,33.61,15.0,24.0,1,0
22,-34,Meierijstad,12650,6365,933,311,1355,121,404,0,8.25,34.3,38.9,9,0
-28,73,Waadhoeke,1215,555,69,0,34,2,0,0,0.0,0.0,11.8,2,0
-27,72,Waadhoeke,3745,1900,235,41,91,5,53,0,2.22,18.8,49.1,5,1
-27,70,Waadhoeke,1630,925,114,7,145,9,9,0,34.49,5.8,21.3,4,1
-26,70,Waadhoeke,1250,620,77,1,154,11,1,0,93.72,1.2,34.0,2,1
-25,70,Waadhoeke,1575,925,114,1,45,3,1,0,40.5,1.0,20.8,3,0
-22,66,Waadhoeke,395,205,25,0,34,2,0,0,150.25,1.0,23.0,2,1
-22,67,Waadhoeke,950,510,63,0,78,4,0,0,0.0,0.0,20.0,1,0
-29,68,Waadhoeke,370,230,28,1,4,1,1,0,5.22,2.6,33.0,2,0
-26,67,Waadhoeke,200,180,22,0,88,6,1,0,111.03,1.4,12.1,2,0
-25,67,Waadhoeke,3065,1755,217,21,80,5,27,0,5.76,9.7,23.3,3,0
-28,66,Waadhoeke,3435,1795,222,54,310,19,71,0,9.46,26.1,34.5,7,2
-28,67,Waadhoeke,3720,1875,232,31,236,13,40,0,13.24,13.5,31.0,3,0
-29,66,Waadhoeke,85,120,15,0,119,7,0,0,0.0,0.0,11.0,1,0
-29,67,Waadhoeke,5805,2680,332,44,763,42,57,0,11.08,14.5,39.0,7,0
-29,65,Waadhoeke,225,145,18,0,14,1,0,0,0.0,0.0,29.0,1,0
-24,69,Waadhoeke,360,240,30,0,34,2,1,0,85.86,1.1,3.5,2,1
-29,72,Waadhoeke,1690,1020,126,2,45,3,3,0,21.73,1.6,31.2,3,0
-23,68,Waadhoeke,1045,625,77,2,68,4,3,0,27.83,3.2,30.4,2,0
-25,68,Waadhoeke,2775,1460,181,20,78,6,26,0,4.16,12.0,31.2,3,0
-26,69,Waadhoeke,55,45,6,1,7,1,1,0,1.64,9.1,0.0,1,1
-29,71,Waadhoeke,1815,1010,125,4,45,3,5,0,10.94,3.2,27.4,4,1
-31,70,Waadhoeke,540,315,39,0,34,2,0,0,0.0,0.0,29.5,2,0
-26,74,Waadhoeke,940,570,71,0,68,4,0,0,0.0,0.0,16.6,2,0
-28,69,Waadhoeke,390,260,32,0,34,2,0,0,105.7,1.0,25.0,1,0
-31,68,Waadhoeke,1610,825,102,7,192,11,9,0,26.97,6.9,42.1,2,0
-27,65,Waadhoeke,905,480,59,8,90,6,11,0,10.83,14.0,39.0,1,0
-30,70,Waadhoeke,1195,705,87,5,112,8,7,0,21.18,6.4,32.4,2,0
-26,73,Waadhoeke,560,340,42,2,0,0,2,0,6.56,4.0,33.0,1,0
-30,72,Waadhoeke,255,165,20,0,22,1,0,0,0.0,0.0,8.0,1,0
-24,64,Waadhoeke,1055,625,77,1,112,8,1,0,137.03,0.9,26.8,2,0
29,62,Westerwolde,2390,1325,143,9,0,0,11,0,1.28,6.0,31.0,1,0
29,61,Westerwolde,405,285,31,1,44,4,1,0,23.85,3.0,28.0,1,0
28,63,Westerwolde,160,95,10,1,22,2,1,0,37.42,5.8,28.5,2,0
30,61,Westerwolde,395,285,31,0,11,1,0,0,0.0,1.0,5.0,1,0
30,58,Westerwolde,590,390,42,1,22,2,1,0,26.14,2.0,18.0,1,0
26,62,Westerwolde,1995,1175,127,18,22,2,23,0,2.47,14.0,37.0,1,0
27,61,Westerwolde,415,275,30,0,22,2,0,0,0.27,1.0,6.0,1,0
28,59,Westerwolde,805,545,59,1,22,2,1,0,28.92,1.3,26.7,2,0
27,60,Westerwolde,265,185,20,1,198,10,1,0,385.12,2.2,8.1,2,0
34,51,Westerwolde,1095,705,76,6,110,8,8,0,3.62,8.0,27.0,1,0
33,52,Westerwolde,295,190,21,0,11,1,1,0,26.83,2.0,11.0,1,0
30,56,Westerwolde,2280,1335,145,26,44,3,34,0,3.04,19.0,42.1,3,0
34,55,Westerwolde,430,300,32,2,44,2,3,0,19.42,7.0,24.0,1,0
33,47,Westerwolde,5875,3275,355,98,312,14,127,0,3.86,27.5,47.0,2,0
32,49,Westerwolde,2335,535,58,8,22,1,10,0,2.81,71.3,54.6,2,0
34,46,Westerwolde,1090,720,78,2,0,0,3,0,19.65,2.8,24.9,3,0
14,65,Midden-Groningen,10205,4990,674,254,864,47,330,0,4.96,38.4,43.1,10,0
13,65,Midden-Groningen,4670,2455,331,109,201,12,142,0,3.64,35.1,43.2,6,0
14,64,Midden-Groningen,9540,4225,570,131,932,58,170,0,8.12,23.3,53.4,6,0
15,64,Midden-Groningen,655,165,22,1,669,8,1,0,11.73,2.5,19.4,2,1
15,65,Midden-Groningen,5065,2615,353,82,435,19,106,0,5.59,24.4,39.1,4,0
16,64,Midden-Groningen,120,95,13,3,22,2,4,0,29.32,22.0,30.0,1,0
16,62,Midden-Groningen,845,645,87,5,11,1,7,0,2.06,6.2,7.3,2,0
13,64,Midden-Groningen,1315,960,130,1,8,1,1,0,12.52,0.5,4.0,2,0
12,66,Midden-Groningen,165,105,14,1,55,3,1,0,1.19,4.0,14.0,1,0
10,68,Midden-Groningen,3020,1730,234,33,69,4,43,0,2.11,14.0,20.0,1,0
11,67,Midden-Groningen,245,170,23,0,4200,16,0,0,0.0,0.0,5.0,1,0
13,66,Midden-Groningen,1315,860,116,4,113,14,5,0,42.81,2.0,25.0,2,1
14,68,Midden-Groningen,2080,1240,167,20,22,2,26,0,4.53,12.0,43.0,1,0
14,70,Midden-Groningen,530,375,51,0,79,4,0,0,0.0,0.0,16.0,1,0
15,70,Midden-Groningen,2840,1670,225,32,69,4,41,0,2.15,14.0,35.0,1,0
11,73,Midden-Groningen,205,195,26,0,22,2,0,0,0.0,0.0,6.0,1,0
18,63,Midden-Groningen,2525,1370,185,15,34,2,19,0,5.16,8.0,37.0,1,0
17,67,Midden-Groningen,1845,1090,147,8,46,3,10,0,5.86,5.4,33.8,2,0
17,65,Midden-Groningen,3400,2035,275,14,5727,30,18,0,433.16,5.0,30.0,1,0
18,65,Midden-Groningen,95,120,16,1,331,15,2,0,74.9,9.1,9.8,2,1
20,63,Midden-Groningen,1475,980,132,7,7,1,9,0,11.54,5.0,25.0,1,0
58,-76,Beekdaelen,4680,2810,428,64,309,28,84,0,5.31,15.1,31.1,2,0
56,-76,Beekdaelen,1930,1270,193,13,132,12,17,0,10.0,6.7,16.6,2,0
56,-79,Beekdaelen,4470,2585,394,135,423,34,175,0,3.63,34.9,47.7,2,1
56,-80,Beekdaelen,1315,860,131,9,0,0,12,0,12.05,7.0,22.0,1,0
57,-81,Beekdaelen,3095,1905,290,29,66,6,38,0,2.89,10.0,23.0,1,0
55,-80,Beekdaelen,265,170,26,6,0,0,8,0,1.85,23.0,16.0,1,0
55,-77,Beekdaelen,3530,2090,318,57,243,21,75,0,5.92,18.7,29.9,2,0
54,-77,Beekdaelen,775,420,64,4,44,4,5,0,13.25,7.2,7.0,2,1
56,-78,Beekdaelen,145,85,13,2,66,6,2,0,4.26,13.0,7.0,1,0
56,-77,Beekdaelen,3745,2230,339,33,199,17,43,0,16.21,9.5,19.8,2,0
38,-18,Montferland,8750,4890,727,166,433,29,216,0,5.05,23.7,43.9,2,0
37,-16,Montferland,2720,1575,234,42,232,15,54,0,3.44,17.7,30.3,2,0
39,-17,Montferland,565,350,52,3,22,2,4,0,4.66,6.0,17.0,1,0
37,-15,Montferland,695,395,59,0,132,9,0,0,0.0,0.0,36.0,1,0
37,-18,Montferland,1180,750,111,19,55,5,24,0,2.98,17.8,12.2,2,0
38,-17,Montferland,245,135,20,2,430,29,2,0,26.22,9.0,6.0,1,0
40,-17,Montferland,265,165,25,5,0,0,6,0,1.53,20.0,21.0,1,0
35,-16,Montferland,1245,810,120,11,110,10,14,0,8.57,9.0,19.0,1,0
35,-14,Montferland,1485,910,135,18,44,4,23,0,7.35,13.3,16.2,2,0
35,-15,Montferland,385,250,37,7,44,2,9,0,6.25,19.0,7.0,1,0
32,-14,Montferland,5165,2845,423,93,586,46,121,0,4.75,22.0,41.0,1,0
32,-13,Montferland,8005,4165,619,95,287,22,123,0,4.59,15.2,39.1,3,0
33,-14,Montferland,1640,1035,154,19,63,6,25,0,3.34,12.2,17.3,2,0
-6,-22,Altena,10770,4830,655,101,763,52,132,0,8.39,15.4,36.6,7,0
-7,-22,Altena,380,595,81,15,413,8,20,0,27.37,19.0,43.0,1,0
-5,-24,Altena,75,35,5,0,79,6,0,0,0.0,0.0,22.0,1,0
-5,-21,Altena,3995,2080,282,28,294,21,37,0,10.94,10.0,27.0,1,0
-4,-22,Altena,2130,1135,154,29,341,21,37,0,12.97,18.6,18.9,2,0
-4,-24,Altena,3700,2045,277,25,171,11,33,0,8.58,9.1,36.4,2,1
-4,-26,Altena,3830,2115,287,27,148,10,36,0,37.92,9.6,30.5,3,1
-4,-27,Altena,450,345,47,6,167,9,8,0,11.08,12.7,0.0,1,1
-1,-27,Altena,2550,1495,203,14,99,8,19,0,8.06,7.1,31.2,2,1
-3,-22,Altena,4620,2555,347,58,175,13,75,0,5.43,16.9,32.9,4,0
-1,-23,Altena,3480,1840,250,30,176,13,39,0,4.2,12.1,35.9,3,0
-1,-24,Altena,245,130,18,1,405,20,1,0,11.62,4.0,7.0,1,0
0,-24,Altena,2800,1685,229,22,85,9,29,0,25.35,9.6,28.5,3,1
-3,-24,Altena,3270,1740,236,37,360,21,48,0,10.65,16.0,38.0,3,0
-4,-23,Altena,260,140,19,0,22,1,0,0,0.0,0.0,10.0,1,0
4,-26,Altena,2300,1140,155,25,48,3,32,0,2.59,16.0,36.0,1,0
3,-25,Altena,4410,2325,315,67,338,21,86,0,4.84,19.9,24.6,3,0
2,-27,Altena,855,530,72,4,34,2,6,0,8.0,6.0,27.0,1,0
5,-17,West Betuwe,7510,3645,580,74,567,50,96,0,7.5,13.1,39.3,4,0
4,-17,West Betuwe,4870,2635,419,74,353,32,97,0,6.79,18.7,25.1,4,0
5,-18,West Betuwe,3720,2045,325,48,878,72,62,0,13.25,14.6,18.5,4,0
6,-18,West Betuwe,2290,1230,196,11,27305,151,14,0,2534.01,5.8,14.9,2,0
4,-18,West Betuwe,35,10,2,0,28,2,0,0,177.66,9.8,0.0,1,1
3,-17,West Betuwe,2070,1205,192,10,1026,57,13,0,104.9,5.1,18.9,2,0
2,-17,West Betuwe,400,320,51,1,232,17,1,0,121.45,2.0,31.0,1,0
1,-17,West Betuwe,3555,2215,352,45,243,22,58,0,7.44,12.7,27.0,3,0
0,-17,West Betuwe,1015,610,97,2,139,13,2,0,77.68,1.8,17.7,2,0
3,-18,West Betuwe,170,120,19,2,0,0,3,0,19.87,11.0,21.0,1,0
0,-18,West Betuwe,385,270,43,2,22,2,2,0,25.72,4.0,22.0,1,0
4,-21,West Betuwe,2910,1605,255,31,314,24,40,0,10.27,12.3,36.9,2,0
5,-21,West Betuwe,670,465,74,0,353,23,0,0,0.0,0.0,23.2,2,0
3,-21,West Betuwe,805,455,72,0,132,9,0,0,0.0,0.0,28.0,1,0
4,-20,West Betuwe,545,245,39,0,22,2,0,0,0.0,0.0,21.0,1,0
5,-20,West Betuwe,2240,1410,224,13,475,29,17,0,48.62,5.1,29.8,2,0
6,-20,West Betuwe,125,90,14,0,221,12,0,0,771.54,2.0,4.0,1,0
7,-21,West Betuwe,1130,675,107,3,155,12,4,0,58.96,3.0,22.0,1,0
7,-19,West Betuwe,570,365,58,1,66,6,1,0,71.83,1.5,15.5,2,0
7,-20,West Betuwe,55,5,1,0,44,2,0,0,112.56,9.8,0.0,1,1
9,-21,West Betuwe,105,60,10,0,99,9,0,0,0.0,0.0,0.0,1,0
-1,-17,Vijfheerenlanden,3145,1490,237,47,158,15,61,0,2.75,25.2,30.9,4,1
-2,-17,Vijfheerenlanden,9215,4120,654,239,840,67,311,0,4.89,36.4,54.9,8,1
-2,-18,West Betuwe,2265,1255,200,24,177,16,31,0,8.87,12.2,32.9,3,0
-1,-21,West Betuwe,1950,1095,174,10,88,8,14,0,19.02,6.0,29.0,1,0
2,-21,West Betuwe,2315,1280,204,24,0,0,32,0,3.75,12.0,35.0,1,0
-9,-12,Vijfheerenlanden,3305,1760,279,32,200,14,42,0,9.31,11.5,27.7,4,0
-8,-13,Vijfheerenlanden,415,215,34,19,116,10,24,0,4.9,60.9,47.9,2,0
-6,-15,Vijfheerenlanden,3595,1875,298,37,246,20,48,0,13.56,13.0,29.5,5,0
-7,-15,Vijfheerenlanden,95,380,60,6,700,4,8,0,137.56,10.0,7.0,1,0
-6,-12,Vijfheerenlanden,2395,1315,209,20,160,14,26,0,14.95,9.8,32.3,2,0
-5,-16,Vijfheerenlanden,585,285,45,1,26,2,2,0,19.16,3.0,34.0,1,0
-4,-16,Vijfheerenlanden,1190,580,92,12,88,6,15,0,9.34,13.1,34.5,3,0
-2,-19,Vijfheerenlanden,560,315,50,3,0,0,4,0,16.7,6.0,24.0,1,0
-5,-13,Vijfheerenlanden,685,420,67,5,0,0,6,0,9.47,7.0,31.0,1,0
-4,-14,Vijfheerenlanden,320,130,21,2,32,2,2,0,17.24,9.0,11.0,1,0
-3,-17,Vijfheerenlanden,3075,1335,212,47,318,25,61,0,5.56,23.6,43.4,4,0
-6,-11,Vijfheerenlanden,2715,1375,218,5,348,23,7,0,39.26,2.3,24.7,2,0
-5,-11,Vijfheerenlanden,5645,2835,450,47,1924,124,61,0,34.4,9.8,46.1,5,2
-5,-10,Vijfheerenlanden,7530,6985,1108,268,2457,118,348,0,17.74,32.0,40.3,10,1
-4,-11,Vijfheerenlanden,2480,1370,217,8,944,59,10,0,47.72,3.4,14.3,4,1
-3,-16,Vijfheerenlanden,4545,2100,333,39,372,28,51,0,4.28,12.5,37.3,4,0
-2,-16,Vijfheerenlanden,2635,1485,236,59,634,38,76,0,9.76,20.1,35.7,4,0
-2,-15,Vijfheerenlanden,1155,630,100,8,104,7,10,0,10.31,8.0,29.0,1,0
-3,-14,Vijfheerenlanden,495,305,48,7,0,0,9,0,3.2,14.0,8.0,1,0
-2,-14,Vijfheerenlanden,710,420,67,5,22,2,7,0,14.38,8.0,20.0,1,0
-3,-13,Vijfheerenlanden,160,110,17,1,0,0,2,0,1.23,7.0,3.0,1,0
-2,-12,Vijfheerenlanden,750,470,75,1,88,6,1,0,94.62,1.0,22.0,1,0
-2,-13,Vijfheerenlanden,440,275,44,2,56,4,2,0,10.08,4.0,6.0,1,0
-23,-21,Hoeksche Waard,13055,6245,1113,261,2892,162,339,0,11.92,22.8,38.2,5,0
-24,-21,Hoeksche Waard,4900,2330,415,62,1162,89,81,0,13.12,15.0,28.0,1,0
-24,-20,Hoeksche Waard,1315,695,124,20,110,7,26,0,7.91,16.0,19.0,1,0
-22,-21,Hoeksche Waard,4915,2760,492,125,980,45,162,0,11.47,27.5,26.6,2,0
-22,-22,Hoeksche Waard,120,235,42,39,473,35,51,0,6.42,94.0,19.0,1,0
-23,-22,Hoeksche Waard,555,385,69,3,189,16,4,0,2.02,5.0,9.0,1,0
-21,-21,Hoeksche Waard,2595,1500,267,24,432,33,31,0,17.95,9.0,31.0,1,0
-19,-22,Hoeksche Waard,55,215,38,2,186,18,2,0,337.47,4.0,36.0,1,0
-20,-21,Hoeksche Waard,955,710,127,4,33,3,5,0,84.09,3.0,8.0,1,0
-20,-23,Hoeksche Waard,6260,3530,629,35,957,50,45,0,37.81,5.6,21.2,3,0
-20,-22,Hoeksche Waard,640,440,78,5,623,42,6,0,3.57,6.0,11.0,1,0
-18,-22,Hoeksche Waard,7400,3740,667,133,429,33,173,0,8.02,20.0,36.0,1,0
-17,-23,Hoeksche Waard,2920,1730,308,28,747,58,36,0,24.04,9.0,22.0,1,0
-18,-23,Hoeksche Waard,290,220,39,1,177,8,1,0,73.7,2.0,10.0,1,0
-15,-24,Hoeksche Waard,8100,4090,729,211,994,73,275,0,5.13,29.0,35.0,1,0
-16,-26,Hoeksche Waard,7305,4000,713,140,825,63,182,0,2.37,19.5,33.1,2,0
-21,-24,Hoeksche Waard,3525,1960,349,49,178,13,64,0,9.55,14.0,23.0,1,0
-20,-25,Hoeksche Waard,630,400,71,2,221,14,3,0,78.25,3.0,6.0,1,0
-20,-26,Hoeksche Waard,7915,4595,819,131,705,40,171,0,13.75,16.0,33.9,2,1
-23,-25,Hoeksche Waard,2955,1660,296,24,11,1,31,0,17.37,8.0,28.0,1,0
-27,-23,Hoeksche Waard,1625,915,163,13,222,19,17,0,17.03,8.0,35.0,1,0
-26,-23,Hoeksche Waard,1675,910,162,29,112,9,38,0,7.28,18.0,29.0,1,0
-25,-22,Hoeksche Waard,4180,2015,359,29,450,34,37,0,15.66,8.0,19.0,1,0
-7,78,Het Hogeland,1315,760,100,8,44,4,10,0,5.53,8.0,38.0,1,0
-7,76,Het Hogeland,1195,690,91,7,58,5,9,0,8.0,8.0,38.0,1,0
-6,78,Het Hogeland,1680,850,112,8,91,7,10,0,10.24,7.0,34.0,1,0
-4,78,Het Hogeland,690,460,60,1,4,1,1,0,6.09,1.0,35.0,1,0
-3,76,Het Hogeland,205,150,20,0,14,1,0,0,0.0,0.0,29.0,1,0
-2,77,Het Hogeland,125,75,10,0,22,2,0,0,0.0,0.0,29.0,1,0
-7,80,Het Hogeland,390,215,28,0,22,1,1,0,56.07,1.4,15.2,2,0
-4,80,Het Hogeland,550,310,41,0,55,3,0,0,64.47,1.0,20.9,2,0
-3,78,Het Hogeland,1380,770,101,6,44,3,8,0,7.28,6.0,35.0,1,0
2,73,Het Hogeland,1370,680,89,1,34,2,1,0,46.52,0.8,24.3,2,0
0,76,Het Hogeland,4840,2300,302,34,283,12,44,0,8.12,11.2,28.5,4,0
1,75,Het Hogeland,1670,775,102,8,22,2,11,0,4.84,8.0,39.0,1,0
1,76,Het Hogeland,930,440,58,2,11,1,3,0,1.59,4.0,20.0,1,0
-1,78,Het Hogeland,1990,1050,138,10,44,4,13,0,4.43,7.3,35.5,2,0
-2,80,Het Hogeland,390,270,35,0,22,2,0,0,0.0,0.0,21.0,1,0
5,72,Het Hogeland,435,215,28,1,0,0,2,0,1.61,4.4,9.5,2,0
4,74,Het Hogeland,8435,4165,547,89,984,27,116,0,11.01,16.7,32.5,5,0
3,76,Het Hogeland,480,310,41,1,22,2,1,0,27.13,2.0,21.0,1,0
0,80,Het Hogeland,2075,1100,144,13,0,0,17,0,1.7,9.0,37.0,1,0
3,78,Het Hogeland,560,325,43,1,79,4,2,0,61.47,3.0,29.0,1,0
4,79,Het Hogeland,490,325,43,0,33,3,0,0,0.0,0.0,34.0,1,0
1,80,Het Hogeland,1260,775,102,4,0,0,5,0,5.43,4.0,28.0,1,0
2,82,Het Hogeland,365,145,19,3,0,0,3,0,1.91,14.0,30.0,1,0
3,80,Het Hogeland,890,400,53,3,33,2,3,0,12.71,5.0,53.0,1,0
4,80,Het Hogeland,1255,625,82,34,88,8,45,0,3.52,42.0,58.0,1,0
3,81,Het Hogeland,2960,1565,205,37,260,21,48,0,6.06,18.2,42.0,2,0
5,81,Het Hogeland,2845,1570,206,14,154,11,18,0,5.97,6.9,36.4,2,0
7,81,Het Hogeland,1095,650,85,4,39,2,6,0,9.06,5.0,28.0,1,0
8,83,Het Hogeland,0,10,1,0,760,45,0,0,846.29,9.9,0.0,1,1
-4,68,Westerkwartier,3440,1915,247,42,393,22,55,0,9.6,17.0,38.0,1,0
-5,68,Westerkwartier,725,430,55,1,26,3,1,0,23.22,2.0,21.0,1,0
-4,69,Westerkwartier,365,175,23,0,54,3,1,0,146.71,2.0,15.0,1,0
-6,67,Westerkwartier,220,95,12,0,11,1,0,0,0.0,0.0,6.0,1,0
-5,69,Westerkwartier,715,415,54,1,11,1,1,0,61.87,1.0,18.0,1,0
-6,70,Westerkwartier,400,235,30,0,22,2,0,0,0.0,1.0,7.0,1,0
-6,66,Westerkwartier,1065,595,77,5,940,16,6,0,4.79,6.0,26.0,1,0
-5,66,Westerkwartier,270,140,18,1,22,1,2,0,15.28,8.0,13.0,1,0
-4,66,Westerkwartier,485,305,39,0,44,4,1,0,112.03,1.0,24.0,1,0
-2,69,Westerkwartier,1990,1095,141,17,55,5,22,0,2.52,11.8,25.3,2,0
-3,69,Westerkwartier,970,565,73,1,22,2,2,0,8.58,2.0,14.0,1,0
0,66,Westerkwartier,1930,1235,159,23,77,7,30,0,3.81,15.0,25.2,2,0
1,63,Westerkwartier,1385,785,101,7,0,0,9,0,3.11,7.0,26.0,1,0
1,62,Westerkwartier,90,60,8,0,22,2,0,0,0.0,0.0,8.0,1,0
0,65,Westerkwartier,2325,1140,147,35,110,9,46,0,3.23,24.0,41.0,1,0
1,66,Westerkwartier,85,80,10,0,22,2,0,0,0.0,0.0,10.0,1,0
0,68,Westerkwartier,105,70,9,0,22,2,0,0,0.0,0.0,0.0,1,0
1,67,Westerkwartier,80,80,10,0,22,2,0,0,0.0,0.0,8.0,1,0
2,67,Westerkwartier,610,395,51,1,22,2,1,0,21.67,2.0,20.0,1,0
-2,64,Westerkwartier,5545,3200,413,37,184,14,48,0,6.74,9.0,31.0,1,0
-1,64,Westerkwartier,645,525,68,1,66,4,1,0,2365.79,1.0,9.0,1,0
-1,65,Westerkwartier,500,315,41,1,1388,8,1,0,108.48,2.0,12.0,1,0
-2,67,Westerkwartier,385,260,34,0,22,2,0,0,0.0,0.0,11.0,1,0
-3,65,Westerkwartier,215,145,19,1,22,2,2,0,14.76,8.0,24.0,1,0
-2,62,Westerkwartier,1325,805,104,2,22,2,3,0,10.63,2.0,29.0,1,0
-2,63,Westerkwartier,90,55,7,0,22,2,0,0,0.0,0.0,7.0,1,0
-1,62,Westerkwartier,250,140,18,0,22,1,0,0,0.0,1.0,8.0,1,0
-2,75,Westerkwartier,665,420,54,2,22,2,3,0,10.19,4.0,34.0,1,0
-1,74,Westerkwartier,150,105,14,0,22,2,0,0,0.0,0.0,21.0,1,0
0,74,Westerkwartier,335,205,26,0,66,4,0,0,250.48,1.0,33.0,1,0
-1,70,Westerkwartier,7840,3645,470,76,132,12,99,0,3.78,16.2,24.8,2,0
-2,71,Westerkwartier,1355,745,96,7,99,5,9,0,9.82,7.0,24.0,1,0
-4,72,Westerkwartier,440,265,34,0,22,2,0,0,64.59,1.0,14.0,1,0
-5,72,Westerkwartier,2450,1400,181,18,1046,53,23,0,59.12,10.0,31.0,1,0
-5,73,Westerkwartier,490,305,39,0,22,2,1,0,56.12,1.0,18.0,1,0
-7,73,Westerkwartier,160,95,12,0,22,2,0,0,0.0,0.0,13.0,1,0
-6,72,Westerkwartier,445,235,30,1,14,1,1,0,24.28,3.0,14.0,1,0
-3,74,Westerkwartier,1625,875,113,6,44,4,7,0,7.98,4.7,24.4,2,0
-3,75,Westerkwartier,90,70,9,0,22,2,0,0,122.26,2.0,11.0,1,0
-7,75,Westerkwartier,190,125,16,0,44,4,0,0,0.0,0.0,11.5,2,0
1,71,Westerkwartier,2575,1380,178,7,66,6,10,0,13.48,4.2,27.4,2,0
-1,72,Westerkwartier,130,80,10,0,22,2,0,0,0.0,0.0,8.0,1,0
-17,75,Noardeast-Fryslân,6965,3520,314,57,1290,56,74,0,19.3,18.1,49.1,5,0
-17,76,Noardeast-Fryslân,3620,1635,146,33,276,16,43,0,11.5,22.6,53.0,3,0
-18,76,Noardeast-Fryslân,1315,695,62,4,136,11,6,0,12.45,7.0,21.3,2,0
-16,78,Noardeast-Fryslân,860,495,44,8,11,1,11,0,1.33,18.7,30.9,2,1
-14,76,Noardeast-Fryslân,835,465,41,0,34,2,1,0,82.09,1.0,16.6,2,0
-15,79,Noardeast-Fryslân,885,505,45,0,69,4,1,0,153.41,1.0,23.0,1,0
-16,79,Noardeast-Fryslân,485,260,23,0,34,2,0,0,331.94,0.4,19.0,2,0
-14,79,Noardeast-Fryslân,90,65,6,0,69,4,0,0,397.28,3.0,3.0,1,0
-17,79,Noardeast-Fryslân,930,540,48,2,34,2,2,0,20.31,3.5,16.6,2,0
-20,79,Noardeast-Fryslân,1325,745,66,9,11,1,12,0,1.25,13.6,28.7,2,0
-22,78,Noardeast-Fryslân,1590,845,75,4,34,2,5,0,8.96,5.1,32.0,2,0
-23,76,Noardeast-Fryslân,1645,855,76,11,69,4,14,0,31.44,14.0,39.0,1,0
-24,75,Noardeast-Fryslân,1385,775,69,2,6,1,3,0,2.29,3.6,28.0,2,0
-24,74,Noardeast-Fryslân,2300,1195,106,4,472,12,6,0,110.87,4.0,31.0,1,0
-20,73,Noardeast-Fryslân,1175,730,65,1,7,1,1,0,43.12,1.7,20.5,2,0
-22,74,Noardeast-Fryslân,125,90,8,0,34,2,0,0,0.0,0.0,12.0,1,0
-21,75,Noardeast-Fryslân,155,90,8,0,44,2,0,0,0.0,0.0,14.5,2,0
-11,73,Noardeast-Fryslân,5790,3030,270,48,216,12,63,0,5.9,18.2,37.9,2,0
-7,74,Noardeast-Fryslân,400,230,20,0,22,1,0,0,0.0,0.0,31.0,1,0
-12,72,Noardeast-Fryslân,325,195,17,0,44,2,0,0,0.0,0.0,10.0,1,0
-12,71,Noardeast-Fryslân,2840,1590,142,13,0,0,17,0,2.69,9.0,31.0,1,0
-5,-18,Molenlanden,3310,1860,256,45,199,15,59,0,3.68,18.4,36.6,6,3
-12,-19,Molenlanden,20,10,1,0,22,2,0,0,0.0,12.2,0.0,1,1
-12,-18,Molenlanden,2400,1105,152,29,509,38,38,0,17.61,19.4,38.5,3,1
-13,-18,Molenlanden,505,355,49,3,11,1,4,0,3.76,6.0,8.0,1,0
-11,-18,Molenlanden,1820,940,130,10,110,6,12,0,20.82,7.6,31.8,4,0
-11,-17,Molenlanden,305,205,28,4,101,8,5,0,2.75,14.2,13.3,3,1
-10,-17,Molenlanden,690,380,52,6,11,1,7,0,2.69,13.6,20.1,6,0
-8,-20,Molenlanden,1005,655,90,9,711,5,12,0,3.04,10.8,16.8,4,0
-8,-19,Molenlanden,3040,1540,212,25,206,13,32,0,8.27,11.9,23.0,2,0
-7,-20,Molenlanden,25,80,11,1,113,6,2,0,43.0,12.2,0.0,2,2
-9,-16,Molenlanden,925,535,74,7,210,12,9,0,28.79,9.7,22.0,3,1
-12,-14,Molenlanden,230,260,36,11,265,18,14,0,29.85,23.6,35.0,2,0
-12,-15,Molenlanden,3630,2180,300,51,88,6,66,0,10.97,17.0,35.0,1,0
-6,-18,Molenlanden,1110,680,94,3,2450,8,4,0,779.86,3.4,19.6,3,0
-17,-17,Molenlanden,3185,1395,192,23,121,11,30,0,4.12,11.8,53.5,2,0
-11,-14,Molenlanden,2800,1575,217,32,173,15,42,0,2.39,15.1,41.5,2,0
-8,-16,Molenlanden,1175,630,87,10,44,3,13,0,7.38,11.9,24.3,2,0
-7,-16,Molenlanden,225,110,15,2,44,2,3,0,10.99,14.0,16.0,1,0
-8,-15,Molenlanden,65,30,4,0,11,1,0,0,0.0,5.0,15.0,1,0
-10,-16,Molenlanden,345,175,24,0,29,3,0,0,118.69,0.8,42.2,2,0
-14,-18,Molenlanden,315,200,28,3,0,0,4,0,13.39,12.0,10.0,1,0
-14,-19,Molenlanden,1600,780,107,9,77,7,11,0,8.9,8.0,28.0,1,0
-14,-16,Molenlanden,2270,1260,174,18,69,5,24,0,3.8,10.5,33.1,2,0
-13,-16,Molenlanden,225,50,7,0,11,1,0,0,0.0,0.0,12.0,1,0
14,76,Eemsdelta,4915,2275,326,141,796,47,183,0,6.85,44.2,48.2,7,0
14,75,Eemsdelta,4495,2265,325,36,786,31,46,0,16.38,12.0,32.8,9,2
15,75,Eemsdelta,1530,825,118,24,148,10,32,0,17.77,20.5,40.1,2,0
13,75,Eemsdelta,3305,1685,242,50,318,13,65,0,7.62,23.6,54.5,8,2
13,76,Eemsdelta,3235,1635,235,20,389,24,27,0,7.22,10.1,45.0,7,0
13,77,Eemsdelta,2460,945,136,50,345,20,65,0,7.08,37.0,69.0,1,0
11,78,Eemsdelta,1365,835,120,1,34,2,1,0,69.21,0.6,16.9,2,0
11,77,Eemsdelta,80,40,6,0,34,2,0,0,0.0,0.0,5.0,1,0
10,79,Eemsdelta,675,360,52,10,69,4,13,0,3.52,19.0,34.0,1,0
9,80,Eemsdelta,1140,730,105,1,0,0,1,0,32.95,1.0,17.0,1,0
18,74,Eemsdelta,125,105,15,0,34,2,0,0,0.0,0.0,7.0,1,0
19,74,Eemsdelta,620,400,57,1,34,2,1,0,38.18,1.5,26.2,2,0
20,72,Eemsdelta,880,525,75,1,34,2,1,0,45.82,1.0,23.0,1,0
17,71,Eemsdelta,1695,1035,148,15,79,4,19,0,5.3,10.0,30.0,1,0
12,75,Eemsdelta,5075,2765,397,101,530,37,132,0,5.16,27.4,48.4,9,0
12,76,Eemsdelta,570,310,44,11,66,4,15,0,2.49,25.6,21.8,2,1
13,74,Eemsdelta,1630,775,111,10,226,16,12,0,19.41,8.9,49.0,4,2
8,76,Eemsdelta,2165,1110,159,30,192,12,39,0,6.34,19.0,45.0,1,0
9,75,Eemsdelta,805,505,72,1,22,2,1,0,78.11,1.0,33.3,2,0
10,75,Eemsdelta,360,230,33,0,232,19,0,0,0.0,0.0,27.0,1,0
7,75,Eemsdelta,755,445,64,0,34,2,0,0,0.0,0.0,31.0,1,0
4,77,Eemsdelta,2315,1345,193,30,192,13,39,0,7.1,15.4,45.8,3,0
4,76,Eemsdelta,70,55,8,0,22,2,0,0,0.0,0.0,9.0,1,0
5,77,Eemsdelta,100,65,9,0,34,2,0,0,0.0,0.0,9.0,1,0
8,78,Eemsdelta,565,380,55,1,66,6,1,0,121.46,1.0,32.0,1,0
8,77,Eemsdelta,415,260,37,1,34,2,1,0,46.26,2.0,24.0,1,0
6,80,Eemsdelta,170,110,16,0,34,2,0,0,0.0,0.0,37.0,1,0
9,76,Eemsdelta,85,70,10,0,34,2,0,0,0.0,0.0,2.0,1,0
-39,37,Dijk en Waard,1415,790,137,5,714,7,7,0,132.99,4.0,18.0,1,0
-38,36,Dijk en Waard,5735,3345,579,116,1600,30,151,0,12.23,20.4,29.4,5,2
-39,36,Dijk en Waard,165,165,29,2,272,16,3,0,109.11,0.1,15.9,2,1
-38,35,Dijk en Waard,7450,3830,663,130,555,37,169,0,8.18,19.9,26.3,4,0
-38,34,Dijk en Waard,1730,740,128,15,519,36,19,0,15.75,11.1,33.7,3,1
-37,35,Dijk en Waard,1020,1035,179,15,523,32,19,0,68.55,4.3,1.6,3,2
-37,34,Dijk en Waard,5280,3175,550,120,2208,62,156,0,19.68,18.6,23.6,5,0
-37,33,Dijk en Waard,3805,1930,334,57,1423,45,74,0,14.68,12.0,17.3,4,0
-40,35,Dijk en Waard,265,160,28,1,66,6,2,0,47.8,5.0,15.0,1,0
-36,33,Dijk en Waard,17105,8435,1461,389,4460,203,505,0,10.68,24.3,38.9,8,1
-35,33,Dijk en Waard,6855,3230,560,135,1281,77,175,0,9.38,24.3,30.5,3,0
-36,34,Dijk en Waard,7130,3260,565,97,1961,87,125,0,14.85,22.0,25.8,6,0
-35,32,Dijk en Waard,4945,2655,460,104,660,51,135,0,4.96,23.8,23.8,5,0
-36,35,Dijk en Waard,2760,1645,285,10,0,0,14,0,55.02,3.4,14.8,3,0
-36,32,Dijk en Waard,16390,7775,1347,275,2051,149,357,0,9.63,20.8,27.1,7,0
-35,34,Dijk en Waard,2435,1005,174,52,201,15,68,0,5.83,30.0,35.0,1,0
24,-26,Land van Cuijk,900,380,55,10,353,18,12,0,28.84,32.8,18.5,4,1
24,-25,Land van Cuijk,5590,3075,444,111,2577,66,144,0,24.59,25.7,34.7,6,1
25,-26,Land van Cuijk,4020,2325,336,21,331,29,27,0,12.32,6.1,24.5,3,0
26,-26,Land van Cuijk,1215,760,110,7,44,4,10,0,9.05,6.6,16.5,2,0
28,-26,Land van Cuijk,7405,3990,576,129,128,7,167,0,6.42,22.5,26.6,2,0
29,-26,Land van Cuijk,3865,1840,266,37,787,57,48,0,8.41,14.3,51.5,3,0
28,-27,Land van Cuijk,1770,1095,158,11,55,5,15,0,4.83,7.2,20.5,2,0
30,-27,Land van Cuijk,4250,2205,318,162,585,50,211,0,2.53,51.0,56.0,1,0
31,-28,Land van Cuijk,3730,2030,293,28,299,26,36,0,11.3,9.7,38.0,2,0
30,-28,Land van Cuijk,45,30,4,0,188,15,0,0,0.0,0.0,0.0,1,0
29,-27,Land van Cuijk,295,540,78,15,410,28,20,0,25.33,19.2,12.5,2,1
26,-29,Land van Cuijk,1490,940,136,16,80,8,21,0,4.79,12.0,24.0,1,0
28,-30,Land van Cuijk,2855,1815,262,54,957,66,70,0,17.96,21.7,37.0,3,0
27,-29,Land van Cuijk,3005,1795,259,11,88,8,14,0,8.75,4.1,29.9,3,0
32,-28,Land van Cuijk,320,175,25,2,44,3,2,0,28.7,6.0,14.0,1,0
31,-30,Land van Cuijk,2235,1390,201,12,655,21,16,0,16.77,6.0,24.0,1,0
30,-29,Land van Cuijk,660,415,60,2,44,4,3,0,3.18,4.0,13.0,1,0
31,-29,Land van Cuijk,0,15,2,0,11,1,0,0,1454.59,15.5,0.0,1,1
33,-29,Land van Cuijk,2375,1420,205,12,188,13,16,0,16.55,5.8,16.3,2,0
29,-30,Land van Cuijk,1405,965,139,12,110,10,15,0,9.34,8.2,22.9,2,0
29,-32,Land van Cuijk,1125,670,97,5,55,5,6,0,11.48,5.2,19.9,2,0
30,-32,Land van Cuijk,2405,1405,203,20,141,12,26,0,6.73,10.0,25.0,1,0
31,-32,Land van Cuijk,660,450,65,2,110,5,3,0,55.16,2.5,12.9,2,0
32,-31,Land van Cuijk,1685,1060,153,10,22,1,13,0,9.88,6.2,16.8,2,0
34,-31,Land van Cuijk,1335,740,107,4,669,35,6,0,60.43,4.0,16.0,1,0
33,-30,Land van Cuijk,625,425,61,6,88,4,8,0,15.13,10.0,10.0,1,0
30,-34,Land van Cuijk,725,500,72,3,36,3,3,0,13.36,3.5,12.7,2,0
33,-33,Land van Cuijk,630,375,54,3,277,23,4,0,13.1,6.0,16.2,2,0
35,-32,Land van Cuijk,3990,2125,307,137,729,61,178,0,4.39,45.5,45.6,4,1
35,-33,Land van Cuijk,3850,2090,302,40,458,28,52,0,13.97,14.0,38.8,3,0
34,-32,Land van Cuijk,4615,2290,331,59,276,23,76,0,12.02,18.2,44.1,3,0
33,-34,Land van Cuijk,3480,2025,292,53,331,27,68,0,7.77,18.0,35.0,1,0
34,-34,Land van Cuijk,820,435,63,0,22,2,0,0,0.0,0.0,13.0,1,0
36,-33,Land van Cuijk,1845,1050,152,9,47,4,12,0,4.78,6.4,15.6,2,0
34,-35,Land van Cuijk,1040,595,86,7,22,2,9,0,34.69,8.0,22.0,1,0
37,-34,Land van Cuijk,905,525,76,2,44,4,3,0,18.04,3.2,9.8,3,0
38,-35,Land van Cuijk,3005,1760,254,22,22,2,28,0,9.27,8.6,21.2,3,0
34,-36,Land van Cuijk,385,290,42,2,33,3,3,0,14.81,5.0,17.0,1,0
37,-37,Land van Cuijk,4305,2370,342,46,330,28,60,0,7.12,13.1,26.6,2,0
39,-37,Land van Cuijk,560,325,47,2,44,4,3,0,20.96,4.2,7.8,2,0
40,-37,Land van Cuijk,930,570,82,4,33,3,6,0,9.99,5.2,21.7,2,0
23,-32,Maashorst,10130,5455,794,388,963,87,505,0,4.97,50.5,48.8,5,0
23,-31,Maashorst,9365,4840,705,93,1601,140,121,0,96.8,13.2,42.0,4,0
24,-32,Maashorst,9250,5260,766,101,1476,126,131,0,11.97,13.3,26.9,4,0
24,-31,Maashorst,6170,3360,489,42,739,55,54,0,19.27,7.2,31.8,4,0
25,-32,Maashorst,4525,3100,451,103,91,6,134,0,4.19,20.7,27.1,3,0
22,-31,Maashorst,685,385,56,17,8228,54,23,0,2.54,31.0,21.0,1,0
22,-30,Maashorst,635,400,58,7,0,0,9,0,15.19,12.0,12.0,1,0
27,-33,Maashorst,1455,860,125,18,110,10,23,0,7.55,14.0,25.0,1,0
21,-26,Maashorst,6380,3690,537,81,726,57,105,0,5.79,15.0,27.0,1,0
20,-26,Maashorst,455,250,36,3,5800,16,4,0,1770.42,9.0,11.0,1,0
23,-26,Maashorst,1785,1080,157,13,185,14,17,0,15.7,8.4,26.4,2,0
24,-29,Maashorst,5000,2920,425,64,336,30,83,0,5.27,15.0,31.0,1,0
25,-31,Maashorst,490,285,41,7,0,0,9,0,44.75,16.0,10.0,1,0
24,-30,Maashorst,360,155,23,1,352,20,1,0,39.74,5.0,22.0,1,0
-33,-21,Voorne aan Zee,3740,2045,397,163,580,53,211,0,4.53,40.7,42.9,6,0
-33,-20,Voorne aan Zee,12540,6320,1228,330,2243,188,429,0,6.16,28.3,39.1,13,0
-34,-20,Voorne aan Zee,915,430,84,43,88,8,55,0,4.67,51.0,49.0,1,0
-33,-19,Voorne aan Zee,5105,2965,576,105,466,37,137,0,7.87,18.6,21.4,5,0
-32,-21,Voorne aan Zee,9435,4745,922,179,1347,107,232,0,6.03,19.5,26.1,4,0
-32,-20,Voorne aan Zee,7420,4010,779,163,1141,95,211,0,6.24,22.0,29.1,5,1
-31,-21,Voorne aan Zee,1445,885,172,5,177,14,6,0,37.1,2.6,27.3,3,0
-36,-18,Voorne aan Zee,4705,2715,527,93,377,33,120,0,6.93,18.0,30.4,3,0
-37,-16,Voorne aan Zee,305,215,42,0,276,15,0,0,0.0,0.0,1.7,2,0
-36,-17,Voorne aan Zee,210,175,34,2,14,1,2,0,8.12,5.0,7.0,1,0
-37,-15,Voorne aan Zee,6750,3920,762,159,450,37,207,0,7.24,20.7,27.7,4,0
-36,-15,Voorne aan Zee,180,130,25,2,699,11,2,0,60.37,7.0,17.0,1,0
-35,-17,Voorne aan Zee,255,160,31,0,22,2,0,0,0.0,0.0,11.0,1,0
-34,-16,Voorne aan Zee,9480,5000,971,283,1957,160,368,0,8.15,29.1,40.1,4,0
-34,-17,Voorne aan Zee,3370,1840,357,39,189,15,50,0,5.94,10.9,39.4,2,0
-34,-15,Voorne aan Zee,915,550,107,36,295,12,47,0,5.93,34.0,21.0,1,0
-33,-17,Voorne aan Zee,1280,765,149,12,410,32,15,0,10.77,8.0,16.0,1,0
-33,-18,Voorne aan Zee,585,560,109,3,3550,10,4,0,1.37,3.0,12.0,1,0
-32,-17,Voorne aan Zee,1610,965,187,9,299,22,12,0,41.9,5.0,17.5,3,0
30,-47,,0,0,0,0,221,20,0,0,0.0,,,0,0
-5,-4,,0,0,0,0,188,16,0,0,0.0,,,0,0
-21,9,,0,0,0,0,1138,85,0,0,0.0,,,0,0
1,-36,,0,0,0,0,652,51,0,0,0.0,,,0,0
34,-57,,0,0,0,0,79,6,0,0,0.0,,,0,0
-30,-17,,0,0,0,0,858,39,0,0,0.0,,,0,0
25,-10,,0,0,0,0,623,54,0,0,0.0,,,0,0
-16,9,,0,0,0,0,144,8,0,0,0.0,,,0,0
48,-48,,0,0,0,0,132,6,0,0,0.0,,,0,0
51,-56,,0,0,0,0,530,44,0,0,0.0,,,0,0
20,35,,0,0,0,0,132,6,0,0,0.0,,,0,0
46,-48,,0,0,0,0,199,18,0,0,0.0,,,0,0
-10,-5,,0,0,0,0,2432,58,0,0,0.0,,,0,0
-19,-33,,0,0,0,0,877,36,0,0,0.0,,,0,0
-12,-47,,0,0,0,0,154,12,0,0,0.0,,,0,0
13,-43,,0,0,0,0,309,26,0,0,0.0,,,0,0
6,24,,0,0,0,0,199,18,0,0,0.0,,,0,0
22,-44,,0,0,0,0,2385,122,0,0,0.0,,,0,0
8,-29,,0,0,0,0,1343,111,0,0,0.0,,,0,0
22,-36,,0,0,0,0,2278,80,0,0,0.0,,,0,0
-11,69,,0,0,0,0,102,6,0,0,0.0,,,0,0
-26,-3,,0,0,0,0,271,23,0,0,0.0,,,0,0
-18,8,,0,0,0,0,223,12,0,0,0.0,,,0,0
-33,20,,0,0,0,0,534,20,0,0,0.0,,,0,0
-11,12,,0,0,0,0,137,9,0,0,0.0,,,0,0
20,2,,0,0,0,0,155,14,0,0,0.0,,,0,0
19,18,,0,0,0,0,132,12,0,0,0.0,,,0,0
6,20,,0,0,0,0,110,10,0,0,0.0,,,0,0
50,10,,0,0,0,0,44,4,0,0,0.0,,,0,0
-5,-22,,0,0,0,0,138,8,0,0,0.0,,,0,0
-42,36,,0,0,0,0,606,43,0,0,0.0,,,0,0
24,-33,,0,0,0,0,339,29,0,0,0.0,,,0,0
-37,36,,0,0,0,0,227,18,0,0,0.0,,,0,0
29,-46,,0,0,0,0,1134,61,0,0,0.0,,,0,0
-20,-40,,0,0,0,0,705,39,0,0,0.0,,,0,0
-40,29,,0,0,0,0,351,24,0,0,0.0,,,0,0
34,47,,0,0,0,0,121,6,0,0,0.0,,,0,0
18,-42,,0,0,0,0,853,58,0,0,0.0,,,0,0
31,-49,,0,0,0,0,137,13,0,0,0.0,,,0,0
27,-15,,0,0,0,0,132,12,0,0,0.0,,,0,0
-10,16,,0,0,0,0,63,5,0,0,0.0,,,0,0
-32,65,,0,0,0,0,346,22,0,0,0.0,,,0,0
-40,34,,0,0,0,0,34,2,0,0,0.0,,,0,0
0,42,,0,0,0,0,22,2,0,0,0.0,,,0,0
4,6,,0,0,0,0,475,31,0,0,0.0,,,0,0
47,-19,,0,0,0,0,91,6,0,0,0.0,,,0,0
46,-10,,0,0,0,0,55,5,0,0,0.0,,,0,0
42,-41,,0,0,0,0,99,8,0,0,0.0,,,0,0
26,-5,,0,0,0,0,199,18,0,0,0.0,,,0,0
8,51,,0,0,0,0,44,2,0,0,0.0,,,0,0
-19,-48,,0,0,0,0,132,6,0,0,0.0,,,0,0
47,-58,,0,0,0,0,34,2,0,0,0.0,,,0,0
32,-41,,0,0,0,0,145,12,0,0,0.0,,,0,0
9,-26,,0,0,0,0,200,15,0,0,0.0,,,0,0
17,-42,,0,0,0,0,1754,16,0,0,0.0,,,0,0
-7,-12,,0,0,0,0,144,8,0,0,0.0,,,0,0
-4,38,,0,0,0,0,132,10,0,0,0.0,,,0,0
-11,66,,0,0,0,0,17,1,0,0,0.0,,,0,0
32,7,,0,0,0,0,1711,9,0,0,0.0,,,0,0
-30,-32,,0,0,0,0,79,5,0,0,0.0,,,0,0
-13,-15,,0,0,0,0,596,46,0,0,0.0,,,0,0
11,-34,,0,0,0,0,155,14,0,0,0.0,,,0,0
-32,-27,,0,0,0,0,88,4,0,0,0.0,,,0,0
44,1,,0,0,0,0,110,8,0,0,0.0,,,0,0
1,-6,,0,0,0,0,136,8,0,0,0.0,,,0,0
15,-33,,0,0,0,0,785,69,0,0,0.0,,,0,0
30,-13,,0,0,0,0,2306,12,0,0,0.0,,,0,0
-21,-10,,0,0,0,0,111,3,0,0,0.0,,,0,0
-13,-31,,0,0,0,0,444,20,0,0,0.0,,,0,0
12,-43,,0,0,0,0,221,20,0,0,0.0,,,0,0
47,-56,,0,0,0,0,22,1,0,0,0.0,,,0,0
4,27,,0,0,0,0,382,27,0,0,0.0,,,0,0
-16,-3,,0,0,0,0,148,10,0,0,0.0,,,0,0
14,24,,0,0,0,0,7358,59,0,0,0.0,,,0,0
49,-62,,0,0,0,0,66,6,0,0,0.0,,,0,0
-6,-16,,0,0,0,0,11295,69,0,0,0.0,,,0,0
-29,-20,,0,0,0,0,243,22,0,0,0.0,,,0,0
5,64,,0,0,0,0,217,12,0,0,0.0,,,0,0
27,6,,0,0,0,0,549,32,0,0,0.0,,,0,0
-39,-37,,0,0,0,0,679,17,0,0,0.0,,,0,0
5,14,,0,0,0,0,210,19,0,0,0.0,,,0,0
0,6,,0,0,0,0,480,14,0,0,0.0,,,0,0
-3,5,,0,0,0,0,624,44,0,0,0.0,,,0,0
8,-1,,0,0,0,0,221,20,0,0,0.0,,,0,0
19,-9,,0,0,0,0,4893,95,0,0,0.0,,,0,0
-52,56,,0,0,0,0,52,4,0,0,0.0,,,0,0
3,8,,0,0,0,0,135,10,0,0,0.0,,,0,0
3,-8,,0,0,0,0,176,10,0,0,0.0,,,0,0
65,-84,,0,0,0,0,91,9,0,0,0.0,,,0,0
-19,13,,0,0,0,0,865,16,0,0,0.0,,,0,0
6,-16,,0,0,0,0,276,21,0,0,0.0,,,0,0
-37,-44,,0,0,0,0,44,4,0,0,0.0,,,0,0
54,-88,,0,0,0,0,145,12,0,0,0.0,,,0,0
-41,-36,,0,0,0,0,594,36,0,0,0.0,,,0,0
17,-29,,0,0,0,0,22,2,0,0,0.0,,,0,0
-7,-1,,0,0,0,0,483,36,0,0,0.0,,,0,0
-3,55,,0,0,0,0,45,3,0,0,0.0,,,0,0
31,-46,,0,0,0,0,208,19,0,0,0.0,,,0,0
-7,0,,0,0,0,0,368,25,0,0,0.0,,,0,0
-28,-42,,0,0,0,0,438,23,0,0,0.0,,,0,0
-34,26,,0,0,0,0,70,4,0,0,0.0,,,0,0
52,-53,,0,0,0,0,88,8,0,0,0.0,,,0,0
-6,35,,0,0,0,0,371,20,0,0,0.0,,,0,0
-25,23,,0,0,0,0,5940,90,0,0,0.0,,,0,0
50,-63,,0,0,0,0,44,4,0,0,0.0,,,0,0
-41,-30,,0,0,0,0,44,2,0,0,0.0,,,0,0
-11,-30,,0,0,0,0,2217,100,0,0,0.0,,,0,0
9,-23,,0,0,0,0,132,8,0,0,0.0,,,0,0
-30,-5,,0,0,0,0,927,43,0,0,0.0,,,0,0
19,38,,0,0,0,0,671,39,0,0,0.0,,,0,0
-36,-35,,0,0,0,0,232,13,0,0,0.0,,,0,0
-44,-50,,0,0,0,0,522,29,0,0,0.0,,,0,0
32,43,,0,0,0,0,82,2,0,0,0.0,,,0,0
-15,-38,,0,0,0,0,44,4,0,0,0.0,,,0,0
10,-41,,0,0,0,0,22,1,0,0,0.0,,,0,0
27,21,,0,0,0,0,66,6,0,0,0.0,,,0,0
-45,80,,0,0,0,0,34,2,0,0,0.0,,,0,0
51,8,,0,0,0,0,235,19,0,0,0.0,,,0,0
-20,-27,,0,0,0,0,613,14,0,0,0.0,,,0,0
-22,68,,0,0,0,0,600,34,0,0,0.0,,,0,0
1,-21,,0,0,0,0,199,17,0,0,0.0,,,0,0
45,-39,,0,0,0,0,22,2,0,0,0.0,,,0,0
-27,19,,0,0,0,0,306,20,0,0,0.0,,,0,0
7,0,,0,0,0,0,684,36,0,0,0.0,,,0,0
50,-56,,0,0,0,0,110,8,0,0,0.0,,,0,0
0,15,,0,0,0,0,55,4,0,0,0.0,,,0,0
-43,37,,0,0,0,0,240,16,0,0,0.0,,,0,0
-36,-38,,0,0,0,0,126,8,0,0,0.0,,,0,0
-2,-7,,0,0,0,0,121,9,0,0,0.0,,,0,0
2,-29,,0,0,0,0,2241,60,0,0,0.0,,,0,0
29,-25,,0,0,0,0,486,34,0,0,0.0,,,0,0
46,-19,,0,0,0,0,595,28,0,0,0.0,,,0,0
42,-62,,0,0,0,0,88,7,0,0,0.0,,,0,0
-32,20,,0,0,0,0,219,16,0,0,0.0,,,0,0
35,1,,0,0,0,0,479,4,0,0,0.0,,,0,0
22,-28,,0,0,0,0,44,2,0,0,0.0,,,0,0
-8,18,,0,0,0,0,16310,52,0,0,0.0,,,0,0
19,0,,0,0,0,0,364,18,0,0,0.0,,,0,0
-27,75,,0,0,0,0,34,2,0,0,0.0,,,0,0
-25,-56,,0,0,0,0,210,14,0,0,0.0,,,0,0
53,5,,0,0,0,0,66,6,0,0,0.0,,,0,0
-11,3,,0,0,0,0,185,12,0,0,0.0,,,0,0
20,-7,,0,0,0,0,66,4,0,0,0.0,,,0,0
-40,-14,,0,0,0,0,1924,21,0,0,0.0,,,0,0
-38,-5,,0,0,0,0,714,40,0,0,0.0,,,0,0
43,-14,,0,0,0,0,135,10,0,0,0.0,,,0,0
1,70,,0,0,0,0,34,2,0,0,0.0,,,0,0
-27,39,,0,0,0,0,88,4,0,0,0.0,,,0,0
-13,4,,0,0,0,0,292,16,0,0,0.0,,,0,0
7,-9,,0,0,0,0,188,10,0,0,0.0,,,0,0
18,-51,,0,0,0,0,242,14,0,0,0.0,,,0,0
4,-6,,0,0,0,0,165,9,0,0,0.0,,,0,0
-29,84,,0,0,0,0,408,23,0,0,0.0,,,0,0
42,-15,,0,0,0,0,44,2,0,0,0.0,,,0,0
31,50,,0,0,0,0,11,1,0,0,0.0,,,0,0
34,48,,0,0,0,0,44,2,0,0,0.0,,,0,0
3,-41,,0,0,0,0,18,2,0,0,0.0,,,0,0
56,-81,,0,0,0,0,210,19,0,0,0.0,,,0,0
-4,-6,,0,0,0,0,10206,72,0,0,0.0,,,0,0
-40,-27,,0,0,0,0,340,22,0,0,0.0,,,0,0
13,28,,0,0,0,0,2932,27,0,0,0.0,,,0,0
38,-60,,0,0,0,0,176,8,0,0,0.0,,,0,0
-25,-16,,0,0,0,0,1134,76,0,0,0.0,,,0,0
33,-44,,0,0,0,0,166,15,0,0,0.0,,,0,0
-29,21,,0,0,0,0,132,6,0,0,0.0,,,0,0
-14,7,,0,0,0,0,187,12,0,0,0.0,,,0,0
37,-17,,0,0,0,0,22,2,0,0,0.0,,,0,0
34,-53,,0,0,0,0,22,2,0,0,0.0,,,0,0
-41,31,,0,0,0,0,204,16,0,0,0.0,,,0,0
-5,-5,,0,0,0,0,181,15,0,0,0.0,,,0,0
0,-5,,0,0,0,0,167,10,0,0,0.0,,,0,0
63,-88,,0,0,0,0,77,6,0,0,0.0,,,0,0
-32,10,,0,0,0,0,81,5,0,0,0.0,,,0,0
12,-17,,0,0,0,0,88,7,0,0,0.0,,,0,0
-13,-6,,0,0,0,0,92,6,0,0,0.0,,,0,0
35,-29,,0,0,0,0,66,6,0,0,0.0,,,0,0
-37,-55,,0,0,0,0,88,4,0,0,0.0,,,0,0
21,-7,,0,0,0,0,132,6,0,0,0.0,,,0,0
6,-5,,0,0,0,0,774,50,0,0,0.0,,,0,0
-50,58,,0,0,0,0,516,30,0,0,0.0,,,0,0
50,-84,,0,0,0,0,364,33,0,0,0.0,,,0,0
-23,-57,,0,0,0,0,211,10,0,0,0.0,,,0,0
17,74,,0,0,0,0,298,16,0,0,0.0,,,0,0
5,1,,0,0,0,0,465,31,0,0,0.0,,,0,0
-27,-44,,0,0,0,0,88,4,0,0,0.0,,,0,0
5,-28,,0,0,0,0,88,8,0,0,0.0,,,0,0
-28,84,,0,0,0,0,99,9,0,0,0.0,,,0,0
-26,-39,,0,0,0,0,258,18,0,0,0.0,,,0,0
-44,48,,0,0,0,0,56,4,0,0,0.0,,,0,0
-36,10,,0,0,0,0,138,8,0,0,0.0,,,0,0
-5,26,,0,0,0,0,77,5,0,0,0.0,,,0,0
-10,3,,0,0,0,0,685,53,0,0,0.0,,,0,0
-9,26,,0,0,0,0,22,2,0,0,0.0,,,0,0
-3,-45,,0,0,0,0,44,4,0,0,0.0,,,0,0
34,15,,0,0,0,0,301,23,0,0,0.0,,,0,0
32,-19,,0,0,0,0,88,8,0,0,0.0,,,0,0
-42,-38,,0,0,0,0,88,4,0,0,0.0,,,0,0
-27,-18,,0,0,0,0,1747,131,0,0,0.0,,,0,0
22,-39,,0,0,0,0,1894,10,0,0,0.0,,,0,0
10,60,,0,0,0,0,110,9,0,0,0.0,,,0,0
-38,-27,,0,0,0,0,367,25,0,0,0.0,,,0,0
8,24,,0,0,0,0,22,2,0,0,0.0,,,0,0
13,-16,,0,0,0,0,224,15,0,0,0.0,,,0,0
33,-18,,0,0,0,0,132,12,0,0,0.0,,,0,0
13,-18,,0,0,0,0,198,15,0,0,0.0,,,0,0
9,6,,0,0,0,0,44,2,0,0,0.0,,,0,0
25,64,,0,0,0,0,88,4,0,0,0.0,,,0,0
-7,4,,0,0,0,0,132,6,0,0,0.0,,,0,0
-30,-43,,0,0,0,0,1725,60,0,0,0.0,,,0,0
8,-25,,0,0,0,0,177,9,0,0,0.0,,,0,0
-10,-10,,0,0,0,0,22,2,0,0,0.0,,,0,0
-50,64,,0,0,0,0,95,7,0,0,0.0,,,0,0
5,-57,,0,0,0,0,22,2,0,0,0.0,,,0,0
-21,-47,,0,0,0,0,4150,14,0,0,0.0,,,0,0
14,-14,,0,0,0,0,1864,25,0,0,0.0,,,0,0
-10,13,,0,0,0,0,514,32,0,0,0.0,,,0,0
-47,46,,0,0,0,0,52,4,0,0,0.0,,,0,0
-42,35,,0,0,0,0,66,4,0,0,0.0,,,0,0
-3,3,,0,0,0,0,1532,13,0,0,0.0,,,0,0
-36,-44,,0,0,0,0,385,19,0,0,0.0,,,0,0
48,-62,,0,0,0,0,250,18,0,0,0.0,,,0,0
54,-64,,0,0,0,0,22,2,0,0,0.0,,,0,0
-2,35,,0,0,0,0,30,2,0,0,0.0,,,0,0
66,-89,,0,0,0,0,154,10,0,0,0.0,,,0,0
7,64,,0,0,0,0,44,4,0,0,0.0,,,0,0
-44,-37,,0,0,0,0,66,4,0,0,0.0,,,0,0
28,36,,0,0,0,0,160,11,0,0,0.0,,,0,0
-22,-35,,0,0,0,0,22,2,0,0,0.0,,,0,0
-21,-38,,0,0,0,0,220,10,0,0,0.0,,,0,0
-25,-57,,0,0,0,0,188,6,0,0,0.0,,,0,0
37,1,,0,0,0,0,66,4,0,0,0.0,,,0,0
7,-63,,0,0,0,0,320,2,0,0,0.0,,,0,0
1,20,,0,0,0,0,44,2,0,0,0.0,,,0,0
-29,-17,,0,0,0,0,177,12,0,0,0.0,,,0,0
-19,-56,,0,0,0,0,132,6,0,0,0.0,,,0,0
-4,-40,,0,0,0,0,177,15,0,0,0.0,,,0,0
-5,-41,,0,0,0,0,11,1,0,0,0.0,,,0,0
42,-13,,0,0,0,0,223,16,0,0,0.0,,,0,0
19,-29,,0,0,0,0,44,2,0,0,0.0,,,0,0
1,-29,,0,0,0,0,1724,16,0,0,0.0,,,0,0
11,-19,,0,0,0,0,22,2,0,0,0.0,,,0,0
27,-49,,0,0,0,0,334,19,0,0,0.0,,,0,0
38,0,,0,0,0,0,44,2,0,0,0.0,,,0,0
-8,9,,0,0,0,0,99,7,0,0,0.0,,,0,0
9,-25,,0,0,0,0,177,7,0,0,0.0,,,0,0
-33,67,,0,0,0,0,88,4,0,0,0.0,,,0,0
4,63,,0,0,0,0,322,4,0,0,0.0,,,0,0
3,19,,0,0,0,0,1149,60,0,0,0.0,,,0,0
16,-45,,0,0,0,0,154,10,0,0,0.0,,,0,0
22,-54,,0,0,0,0,44,2,0,0,0.0,,,0,0
-7,3,,0,0,0,0,198,10,0,0,0.0,,,0,0
13,12,,0,0,0,0,44,2,0,0,0.0,,,0,0
51,-13,,0,0,0,0,65,3,0,0,0.0,,,0,0
47,3,,0,0,0,0,198,11,0,0,0.0,,,0,0
49,-60,,0,0,0,0,177,14,0,0,0.0,,,0,0
7,1,,0,0,0,0,2346,70,0,0,0.0,,,0,0
11,-35,,0,0,0,0,99,9,0,0,0.0,,,0,0
38,-10,,0,0,0,0,143,7,0,0,0.0,,,0,0
-32,-25,,0,0,0,0,88,4,0,0,0.0,,,0,0
37,-33,,0,0,0,0,189,16,0,0,0.0,,,0,0
-28,-41,,0,0,0,0,22,1,0,0,0.0,,,0,0
-31,7,,0,0,0,0,77,6,0,0,0.0,,,0,0
-16,64,,0,0,0,0,77,4,0,0,0.0,,,0,0
48,2,,0,0,0,0,22,1,0,0,0.0,,,0,0
21,-52,,0,0,0,0,44,2,0,0,0.0,,,0,0
-31,18,,0,0,0,0,200,8,0,0,0.0,,,0,0
-17,5,,0,0,0,0,243,12,0,0,0.0,,,0,0
18,6,,0,0,0,0,309,24,0,0,0.0,,,0,0
-26,27,,0,0,0,0,50,4,0,0,0.0,,,0,0
12,-5,,0,0,0,0,381,18,0,0,0.0,,,0,0
19,-42,,0,0,0,0,5007,34,0,0,0.0,,,0,0
31,4,,0,0,0,0,44,4,0,0,0.0,,,0,0
6,-9,,0,0,0,0,133,11,0,0,0.0,,,0,0
49,10,,0,0,0,0,66,6,0,0,0.0,,,0,0
75,-46,,0,0,0,0,7,1,0,0,0.0,,,0,0
-14,-41,,0,0,0,0,123,10,0,0,0.0,,,0,0
-35,-31,,0,0,0,0,132,6,0,0,0.0,,,0,0
52,-64,,0,0,0,0,44,4,0,0,0.0,,,0,0
30,34,,0,0,0,0,220,10,0,0,0.0,,,0,0
-1,11,,0,0,0,0,310,24,0,0,0.0,,,0,0
16,2,,0,0,0,0,6000,22,0,0,0.0,,,0,0
-20,-39,,0,0,0,0,66,4,0,0,0.0,,,0,0
22,-52,,0,0,0,0,103,8,0,0,0.0,,,0,0
-51,65,,0,0,0,0,30,2,0,0,0.0,,,0,0
-27,26,,0,0,0,0,82,6,0,0,0.0,,,0,0
50,-64,,0,0,0,0,110,10,0,0,0.0,,,0,0
27,2,,0,0,0,0,88,8,0,0,0.0,,,0,0
31,-13,,0,0,0,0,169,16,0,0,0.0,,,0,0
37,-10,,0,0,0,0,411,12,0,0,0.0,,,0,0
19,24,,0,0,0,0,66,4,0,0,0.0,,,0,0
-37,-28,,0,0,0,0,79,4,0,0,0.0,,,0,0
-34,44,,0,0,0,0,155,12,0,0,0.0,,,0,0
-19,-32,,0,0,0,0,243,14,0,0,0.0,,,0,0
39,-36,,0,0,0,0,132,11,0,0,0.0,,,0,0
7,84,,0,0,0,0,378,15,0,0,0.0,,,0,0
10,74,,0,0,0,0,34,2,0,0,0.0,,,0,0
10,51,,0,0,0,0,79,6,0,0,0.0,,,0,0
32,-30,,0,0,0,0,6050,24,0,0,0.0,,,0,0
19,66,,0,0,0,0,2600,8,0,0,0.0,,,0,0
-28,7,,0,0,0,0,12321,48,0,0,0.0,,,0,0
-13,-27,,0,0,0,0,2516,14,0,0,0.0,,,0,0
-24,68,,0,0,0,0,700,4,0,0,0.0,,,0,0
-2,65,,0,0,0,0,1536,6,0,0,0.0,,,0,0
-7,56,,0,0,0,0,1300,4,0,0,0.0,,,0,0
-28,26,,0,0,0,0,1168,7,0,0,0.0,,,0,0
-21,-26,,0,0,0,0,1904,10,0,0,0.0,,,0,0
-5,49,,0,0,0,0,3136,10,0,0,0.0,,,0,0
-8,41,,0,0,0,0,3338,12,0,0,0.0,,,0,0
-11,-29,,0,0,0,0,3100,14,0,0,0.0,,,0,0
-28,28,,0,0,0,0,1206,9,0,0,0.0,,,0,0
13,16,,0,0,0,0,1600,6,0,0,0.0,,,0,0
-10,43,,0,0,0,0,3250,8,0,0,0.0,,,0,0
18,-38,,0,0,0,0,2600,12,0,0,0.0,,,0,0
-36,46,,0,0,0,0,1650,4,0,0,0.0,,,0,0
10,-6,,0,0,0,0,4049,20,0,0,0.0,,,0,0
-18,63,,0,0,0,0,2000,8,0,0,0.0,,,0,0
-3,-26,,0,0,0,0,700,4,0,0,0.0,,,0,0
33,-2,,0,0,0,0,22,1,0,0,0.0,,,0,0
40,-33,,0,0,0,0,22,2,0,0,0.0,,,0,0
32,11,,0,0,0,0,2686,80,0,0,0.0,,,0,0
17,-17,,0,0,0,0,44,4,0,0,0.0,,,0,0
-10,70,,0,0,0,0,34,2,0,0,0.0,,,0,0
41,18,,0,0,0,0,22,1,0,0,0.0,,,0,0
3,28,,0,0,0,0,22,2,0,0,0.0,,,0,0
33,-53,,0,0,0,0,5150,18,0,0,0.0,,,0,0
24,36,,0,0,0,0,5550,20,0,0,0.0,,,0,0
-27,10,,0,0,0,0,3132,16,0,0,0.0,,,0,0
45,-50,,0,0,0,0,4738,21,0,0,0.0,,,0,0
5,-23,,0,0,0,0,102,7,0,0,0.0,,,0,0
-13,-37,,0,0,0,0,4401,40,0,0,0.0,,,0,0
21,22,,0,0,0,0,44,2,0,0,0.0,,,0,0
7,15,,0,0,0,0,253,16,0,0,0.0,,,0,0
-1,-30,,0,0,0,0,44,4,0,0,0.0,,,0,0
31,21,,0,0,0,0,66,4,0,0,0.0,,,0,0
33,-49,,0,0,0,0,110,6,0,0,0.0,,,0,0
-42,-13,,0,0,0,0,18044,41,0,0,0.0,,,0,0
0,-29,,0,0,0,0,44,4,0,0,0.0,,,0,0
21,52,,0,0,0,0,154,8,0,0,0.0,,,0,0
-40,47,,0,0,0,0,30,2,0,0,0.0,,,0,0
-27,71,,0,0,0,0,34,2,0,0,0.0,,,0,0
5,15,,0,0,0,0,452,31,0,0,0.0,,,0,0
20,44,,0,0,0,0,33,3,0,0,0.0,,,0,0
26,38,,0,0,0,0,44,2,0,0,0.0,,,0,0
-4,5,,0,0,0,0,910,43,0,0,0.0,,,0,0
-4,50,,0,0,0,0,44,2,0,0,0.0,,,0,0
-34,-10,,0,0,0,0,281,14,0,0,0.0,,,0,0
1,7,,0,0,0,0,3317,20,0,0,0.0,,,0,0
9,8,,0,0,0,0,44,4,0,0,0.0,,,0,0
13,19,,0,0,0,0,132,6,0,0,0.0,,,0,0
27,-54,,0,0,0,0,88,4,0,0,0.0,,,0,0
23,-30,,0,0,0,0,11,1,0,0,0.0,,,0,0
1,-30,,0,0,0,0,77,7,0,0,0.0,,,0,0
-24,24,,0,0,0,0,78,5,0,0,0.0,,,0,0
27,29,,0,0,0,0,44,2,0,0,0.0,,,0,0
-24,32,,0,0,0,0,42,3,0,0,0.0,,,0,0
-46,-40,,0,0,0,0,143,7,0,0,0.0,,,0,0
-27,-4,,0,0,0,0,132,6,0,0,0.0,,,0,0
-23,-8,,0,0,0,0,2099,29,0,0,0.0,,,0,0
-23,-24,,0,0,0,0,11,1,0,0,0.0,,,0,0
-26,68,,0,0,0,0,22,1,0,0,0.0,,,0,0
45,13,,0,0,0,0,66,6,0,0,0.0,,,0,0
-30,26,,0,0,0,0,157,11,0,0,0.0,,,0,0
-30,-36,,0,0,0,0,88,4,0,0,0.0,,,0,0
-37,37,,0,0,0,0,44,2,0,0,0.0,,,0,0
-5,-2,,0,0,0,0,122,6,0,0,0.0,,,0,0
-42,46,,0,0,0,0,271,14,0,0,0.0,,,0,0
19,-49,,0,0,0,0,66,6,0,0,0.0,,,0,0
46,-43,,0,0,0,0,44,2,0,0,0.0,,,0,0
1,-5,,0,0,0,0,70,5,0,0,0.0,,,0,0
22,47,,0,0,0,0,22,1,0,0,0.0,,,0,0
37,-45,,0,0,0,0,99,9,0,0,0.0,,,0,0
-16,-25,,0,0,0,0,66,4,0,0,0.0,,,0,0
-4,62,,0,0,0,0,67,4,0,0,0.0,,,0,0
26,-39,,0,0,0,0,44,4,0,0,0.0,,,0,0
20,64,,0,0,0,0,69,4,0,0,0.0,,,0,0
-2,47,,0,0,0,0,5110,25,0,0,0.0,,,0,0
-52,60,,0,0,0,0,303,13,0,0,0.0,,,0,0
-14,74,,0,0,0,0,33,2,0,0,0.0,,,0,0
-6,27,,0,0,0,0,44,2,0,0,0.0,,,0,0
-36,8,,0,0,0,0,235,18,0,0,0.0,,,0,0
39,-16,,0,0,0,0,22,1,0,0,0.0,,,0,0
8,30,,0,0,0,0,132,9,0,0,0.0,,,0,0
14,-16,,0,0,0,0,105,8,0,0,0.0,,,0,0
-18,3,,0,0,0,0,160,10,0,0,0.0,,,0,0
27,-40,,0,0,0,0,66,6,0,0,0.0,,,0,0
-2,-21,,0,0,0,0,132,12,0,0,0.0,,,0,0
32,-29,,0,0,0,0,55,5,0,0,0.0,,,0,0
-14,-32,,0,0,0,0,91,6,0,0,0.0,,,0,0
38,-12,,0,0,0,0,44,4,0,0,0.0,,,0,0
-26,7,,0,0,0,0,124,8,0,0,0.0,,,0,0
-30,-48,,0,0,0,0,22,2,0,0,0.0,,,0,0
-36,-14,,0,0,0,0,88,4,0,0,0.0,,,0,0
40,-111,,0,0,0,0,22,2,0,0,0.0,,,0,0
-40,-37,,0,0,0,0,160,9,0,0,0.0,,,0,0
-28,-48,,0,0,0,0,44,2,0,0,0.0,,,0,0
22,5,,0,0,0,0,280,25,0,0,0.0,,,0,0
39,-55,,0,0,0,0,298,25,0,0,0.0,,,0,0
10,57,,0,0,0,0,176,8,0,0,0.0,,,0,0
-6,-21,,0,0,0,0,154,10,0,0,0.0,,,0,0
-30,-31,,0,0,0,0,190,9,0,0,0.0,,,0,0
34,21,,0,0,0,0,22,2,0,0,0.0,,,0,0
6,-31,,0,0,0,0,22,2,0,0,0.0,,,0,0
16,65,,0,0,0,0,121,6,0,0,0.0,,,0,0
-36,-43,,0,0,0,0,317,19,0,0,0.0,,,0,0
26,-43,,0,0,0,0,121,11,0,0,0.0,,,0,0
-43,-28,,0,0,0,0,70,4,0,0,0.0,,,0,0
38,-36,,0,0,0,0,1026,15,0,0,0.0,,,0,0
32,37,,0,0,0,0,3199,30,0,0,0.0,,,0,0
11,-39,,0,0,0,0,11,1,0,0,0.0,,,0,0
29,-45,,0,0,0,0,135,12,0,0,0.0,,,0,0
-11,0,,0,0,0,0,99,7,0,0,0.0,,,0,0
26,-40,,0,0,0,0,11,1,0,0,0.0,,,0,0
0,-39,,0,0,0,0,33,2,0,0,0.0,,,0,0
33,-51,,0,0,0,0,121,10,0,0,0.0,,,0,0
-18,-46,,0,0,0,0,77,4,0,0,0.0,,,0,0
-32,39,,0,0,0,0,2188,13,0,0,0.0,,,0,0
-28,-53,,0,0,0,0,44,3,0,0,0.0,,,0,0
-3,-28,,0,0,0,0,66,4,0,0,0.0,,,0,0
-38,-51,,0,0,0,0,34,2,0,0,0.0,,,0,0
-51,59,,0,0,0,0,235,16,0,0,0.0,,,0,0
-13,81,,0,0,0,0,583,46,0,0,0.0,,,0,0
36,-31,,0,0,0,0,132,6,0,0,0.0,,,0,0
-51,64,,0,0,0,0,52,4,0,0,0.0,,,0,0
-47,58,,0,0,0,0,11,1,0,0,0.0,,,0,0
49,-44,,0,0,0,0,121,7,0,0,0.0,,,0,0
46,4,,0,0,0,0,1552,43,0,0,0.0,,,0,0
-18,-36,,0,0,0,0,121,10,0,0,0.0,,,0,0
17,-12,,0,0,0,0,81,5,0,0,0.0,,,0,0
34,-50,,0,0,0,0,88,4,0,0,0.0,,,0,0
-1,66,,0,0,0,0,11,1,0,0,0.0,,,0,0
7,18,,0,0,0,0,44,3,0,0,0.0,,,0,0
22,-26,,0,0,0,0,364,13,0,0,0.0,,,0,0
-33,6,,0,0,0,0,11,1,0,0,0.0,,,0,0
-41,35,,0,0,0,0,204,16,0,0,0.0,,,0,0
-46,-39,,0,0,0,0,55,4,0,0,0.0,,,0,0
-34,-13,,0,0,0,0,266,17,0,0,0.0,,,0,0
6,60,,0,0,0,0,33,2,0,0,0.0,,,0,0
8,41,,0,0,0,0,33,2,0,0,0.0,,,0,0
20,-2,,0,0,0,0,22,1,0,0,0.0,,,0,0
14,-34,,0,0,0,0,132,6,0,0,0.0,,,0,0
27,37,,0,0,0,0,22,1,0,0,0.0,,,0,0
-1,-43,,0,0,0,0,176,8,0,0,0.0,,,0,0
-17,-3,,0,0,0,0,176,8,0,0,0.0,,,0,0
29,-51,,0,0,0,0,506,23,0,0,0.0,,,0,0
0,-2,,0,0,0,0,33,2,0,0,0.0,,,0,0
8,10,,0,0,0,0,66,4,0,0,0.0,,,0,0
-29,17,,0,0,0,0,231,15,0,0,0.0,,,0,0
-9,-34,,0,0,0,0,44,2,0,0,0.0,,,0,0
12,3,,0,0,0,0,44,2,0,0,0.0,,,0,0
8,25,,0,0,0,0,22,2,0,0,0.0,,,0,0
6,59,,0,0,0,0,132,10,0,0,0.0,,,0,0
-41,-35,,0,0,0,0,154,7,0,0,0.0,,,0,0
14,8,,0,0,0,0,22,1,0,0,0.0,,,0,0
-38,-49,,0,0,0,0,91,5,0,0,0.0,,,0,0
23,60,,0,0,0,0,44,4,0,0,0.0,,,0,0
22,0,,0,0,0,0,66,4,0,0,0.0,,,0,0
2,-3,,0,0,0,0,55,3,0,0,0.0,,,0,0
45,-58,,0,0,0,0,88,4,0,0,0.0,,,0,0
-14,11,,0,0,0,0,699,20,0,0,0.0,,,0,0
-3,64,,0,0,0,0,55,4,0,0,0.0,,,0,0
17,75,,0,0,0,0,507,23,0,0,0.0,,,0,0
51,-65,,0,0,0,0,44,4,0,0,0.0,,,0,0
-13,-30,,0,0,0,0,639,39,0,0,0.0,,,0,0
-26,-26,,0,0,0,0,88,4,0,0,0.0,,,0,0
6,-21,,0,0,0,0,77,7,0,0,0.0,,,0,0
-31,9,,0,0,0,0,54,4,0,0,0.0,,,0,0
49,-61,,0,0,0,0,44,3,0,0,0.0,,,0,0
19,9,,0,0,0,0,110,10,0,0,0.0,,,0,0
19,-40,,0,0,0,0,88,4,0,0,0.0,,,0,0
-34,12,,0,0,0,0,55,3,0,0,0.0,,,0,0
11,46,,0,0,0,0,11,1,0,0,0.0,,,0,0
-42,-42,,0,0,0,0,22,1,0,0,0.0,,,0,0
32,-2,,0,0,0,0,66,6,0,0,0.0,,,0,0
23,1,,0,0,0,0,88,8,0,0,0.0,,,0,0
-7,64,,0,0,0,0,34,2,0,0,0.0,,,0,0
-42,-43,,0,0,0,0,155,8,0,0,0.0,,,0,0
-41,-12,,0,0,0,0,1599,75,0,0,0.0,,,0,0
-40,32,,0,0,0,0,22,2,0,0,0.0,,,0,0
-27,-2,,0,0,0,0,236,17,0,0,0.0,,,0,0
-31,37,,0,0,0,0,52,3,0,0,0.0,,,0,0
8,-32,,0,0,0,0,22,2,0,0,0.0,,,0,0
21,-46,,0,0,0,0,44,3,0,0,0.0,,,0,0
-36,44,,0,0,0,0,44,2,0,0,0.0,,,0,0
3,18,,0,0,0,0,66,3,0,0,0.0,,,0,0
27,-9,,0,0,0,0,88,6,0,0,0.0,,,0,0
51,-54,,0,0,0,0,199,18,0,0,0.0,,,0,0
15,15,,0,0,0,0,99,9,0,0,0.0,,,0,0
0,44,,0,0,0,0,67,4,0,0,0.0,,,0,0
-36,-27,,0,0,0,0,44,2,0,0,0.0,,,0,0
-16,57,,0,0,0,0,107,9,0,0,0.0,,,0,0
36,4,,0,0,0,0,22,2,0,0,0.0,,,0,0
28,57,,0,0,0,0,22,2,0,0,0.0,,,0,0
12,-1,,0,0,0,0,22,2,0,0,0.0,,,0,0
-14,-40,,0,0,0,0,136,13,0,0,0.0,,,0,0
5,2,,0,0,0,0,88,4,0,0,0.0,,,0,0
19,-25,,0,0,0,0,155,14,0,0,0.0,,,0,0
27,-101,,0,0,0,0,22,2,0,0,0.0,,,0,0
-28,-33,,0,0,0,0,44,2,0,0,0.0,,,0,0
26,4,,0,0,0,0,44,3,0,0,0.0,,,0,0
-18,0,,0,0,0,0,34,2,0,0,0.0,,,0,0
28,-45,,0,0,0,0,173,12,0,0,0.0,,,0,0
-36,-13,,0,0,0,0,66,6,0,0,0.0,,,0,0
-21,74,,0,0,0,0,34,2,0,0,0.0,,,0,0
-10,-39,,0,0,0,0,3026,18,0,0,0.0,,,0,0
-1,-42,,0,0,0,0,6721,25,0,0,0.0,,,0,0
2,-19,,0,0,0,0,2900,8,0,0,0.0,,,0,0
6,13,,0,0,0,0,1900,6,0,0,0.0,,,0,0
20,-53,,0,0,0,0,1657,6,0,0,0.0,,,0,0
38,-48,,0,0,0,0,1300,4,0,0,0.0,,,0,0
-24,58,,0,0,0,0,1300,4,0,0,0.0,,,0,0
8,2,,0,0,0,0,2358,18,0,0,0.0,,,0,0
-12,-33,,0,0,0,0,2500,8,0,0,0.0,,,0,0
29,-48,,0,0,0,0,3227,29,0,0,0.0,,,0,0
-7,33,,0,0,0,0,2900,8,0,0,0.0,,,0,0
0,-15,,0,0,0,0,5700,20,0,0,0.0,,,0,0
-6,30,,0,0,0,0,350,2,0,0,0.0,,,0,0
-12,-6,,0,0,0,0,90,5,0,0,0.0,,,0,0
16,-8,,0,0,0,0,1250,4,0,0,0.0,,,0,0
-13,-36,,0,0,0,0,1300,4,0,0,0.0,,,0,0
15,45,,0,0,0,0,6532,25,0,0,0.0,,,0,0
-4,4,,0,0,0,0,2500,8,0,0,0.0,,,0,0
-10,-41,,0,0,0,0,22,2,0,0,0.0,,,0,0
22,-8,,0,0,0,0,3365,22,0,0,0.0,,,0,0
8,23,,0,0,0,0,1300,4,0,0,0.0,,,0,0
41,-57,,0,0,0,0,5384,15,0,0,0.0,,,0,0
51,11,,0,0,0,0,1300,4,0,0,0.0,,,0,0
-25,-29,,0,0,0,0,2500,8,0,0,0.0,,,0,0
32,6,,0,0,0,0,2500,8,0,0,0.0,,,0,0
64,-85,,0,0,0,0,1294,8,0,0,0.0,,,0,0
-13,57,,0,0,0,0,1700,4,0,0,0.0,,,0,0
25,-33,,0,0,0,0,66,6,0,0,0.0,,,0,0
29,-23,,0,0,0,0,1060,58,0,0,0.0,,,0,0
-26,34,,0,0,0,0,66,4,0,0,0.0,,,0,0
4784,-2645,,0,0,0,0,88,4,0,0,0.0,,,0,0
-39,-21,,0,0,0,0,91,6,0,0,0.0,,,0,0
38,-9,,0,0,0,0,176,8,0,0,0.0,,,0,0
-25,-30,,0,0,0,0,91,6,0,0,0.0,,,0,0
19,-46,,0,0,0,0,22,2,0,0,0.0,,,0,0
-32,-26,,0,0,0,0,126,8,0,0,0.0,,,0,0
53,-81,,0,0,0,0,179,13,0,0,0.0,,,0,0
-12,80,,0,0,0,0,99,7,0,0,0.0,,,0,0
-48,73,,0,0,0,0,68,4,0,0,0.0,,,0,0
13,69,,0,0,0,0,726,11,0,0,0.0,,,0,0
38,11,,0,0,0,0,22,2,0,0,0.0,,,0,0
-32,-16,,0,0,0,0,770,63,0,0,0.0,,,0,0
-6,-36,,0,0,0,0,363,27,0,0,0.0,,,0,0
-38,-26,,0,0,0,0,57,4,0,0,0.0,,,0,0
28,46,,0,0,0,0,132,12,0,0,0.0,,,0,0
-39,27,,0,0,0,0,44,2,0,0,0.0,,,0,0
32,-42,,0,0,0,0,22,2,0,0,0.0,,,0,0
-36,7,,0,0,0,0,57,4,0,0,0.0,,,0,0
35,6,,0,0,0,0,158,11,0,0,0.0,,,0,0
28,53,,0,0,0,0,99,5,0,0,0.0,,,0,0
6,-35,,0,0,0,0,286,20,0,0,0.0,,,0,0
-20,50,,0,0,0,0,45,3,0,0,0.0,,,0,0
38,-42,,0,0,0,0,155,10,0,0,0.0,,,0,0
8,32,,0,0,0,0,44,3,0,0,0.0,,,0,0
-21,-1,,0,0,0,0,227,19,0,0,0.0,,,0,0
2,7,,0,0,0,0,80,5,0,0,0.0,,,0,0
3,1,,0,0,0,0,33,3,0,0,0.0,,,0,0
3,-38,,0,0,0,0,519,41,0,0,0.0,,,0,0
17,-64,,0,0,0,0,44,2,0,0,0.0,,,0,0
-15,-42,,0,0,0,0,268,4,0,0,0.0,,,0,0
21,-53,,0,0,0,0,120,1,0,0,0.0,,,0,0
-14,60,,0,0,0,0,132,6,0,0,0.0,,,0,0
15,-20,,0,0,0,0,132,6,0,0,0.0,,,0,0
48,-3,,0,0,0,0,44,2,0,0,0.0,,,0,0
-3,26,,0,0,0,0,641,2,0,0,0.0,,,0,0
33,15,,0,0,0,0,44,2,0,0,0.0,,,0,0
-36,-19,,0,0,0,0,44,2,0,0,0.0,,,0,0
13,17,,0,0,0,0,44,2,0,0,0.0,,,0,0
-22,-40,,0,0,0,0,22,2,0,0,0.0,,,0,0
15,-4,,0,0,0,0,155,11,0,0,0.0,,,0,0
-23,53,,0,0,0,0,44,4,0,0,0.0,,,0,0
21,35,,0,0,0,0,44,2,0,0,0.0,,,0,0
7,-25,,0,0,0,0,22,1,0,0,0.0,,,0,0
42,14,,0,0,0,0,44,4,0,0,0.0,,,0,0
-11,74,,0,0,0,0,44,2,0,0,0.0,,,0,0
50,-12,,0,0,0,0,44,2,0,0,0.0,,,0,0
48,-54,,0,0,0,0,44,2,0,0,0.0,,,0,0
48,-53,,0,0,0,0,72,4,0,0,0.0,,,0,0
-2,-1,,0,0,0,0,88,4,0,0,0.0,,,0,0
-26,59,,0,0,0,0,132,8,0,0,0.0,,,0,0
-18,46,,0,0,0,0,77,5,0,0,0.0,,,0,0
-13,49,,0,0,0,0,22,2,0,0,0.0,,,0,0
-19,-27,,0,0,0,0,740,60,0,0,0.0,,,0,0
36,-20,,0,0,0,0,44,4,0,0,0.0,,,0,0
20,-63,,0,0,0,0,22,1,0,0,0.0,,,0,0
7,7,,0,0,0,0,132,6,0,0,0.0,,,0,0
40,4,,0,0,0,0,387,15,0,0,0.0,,,0,0
40,-62,,0,0,0,0,44,4,0,0,0.0,,,0,0
33,-35,,0,0,0,0,216,7,0,0,0.0,,,0,0
45,-49,,0,0,0,0,640,4,0,0,0.0,,,0,0
27,-42,,0,0,0,0,88,8,0,0,0.0,,,0,0
31,38,,0,0,0,0,77,5,0,0,0.0,,,0,0
-36,45,,0,0,0,0,11,1,0,0,0.0,,,0,0
48,8,,0,0,0,0,188,9,0,0,0.0,,,0,0
22,-27,,0,0,0,0,132,6,0,0,0.0,,,0,0
5,4,,0,0,0,0,184,9,0,0,0.0,,,0,0
36,-9,,0,0,0,0,45,3,0,0,0.0,,,0,0
-4,43,,0,0,0,0,11,1,0,0,0.0,,,0,0
26,17,,0,0,0,0,22,2,0,0,0.0,,,0,0
38,-6,,0,0,0,0,121,6,0,0,0.0,,,0,0
31,1,,0,0,0,0,132,6,0,0,0.0,,,0,0
-16,48,,0,0,0,0,122,6,0,0,0.0,,,0,0
39,-50,,0,0,0,0,22,2,0,0,0.0,,,0,0
-15,10,,0,0,0,0,57,3,0,0,0.0,,,0,0
-209,1083,,0,0,0,0,22,1,0,0,0.0,,,0,0
0,-35,,0,0,0,0,132,6,0,0,0.0,,,0,0
-37,48,,0,0,0,0,28,2,0,0,0.0,,,0,0
46,-15,,0,0,0,0,11,1,0,0,0.0,,,0,0
-35,-29,,0,0,0,0,99,6,0,0,0.0,,,0,0
48,0,,0,0,0,0,44,2,0,0,0.0,,,0,0
41,15,,0,0,0,0,22,1,0,0,0.0,,,0,0
-33,-46,,0,0,0,0,221,10,0,0,0.0,,,0,0
23,-29,,0,0,0,0,66,4,0,0,0.0,,,0,0
47,-46,,0,0,0,0,22,2,0,0,0.0,,,0,0
-36,1,,0,0,0,0,22,2,0,0,0.0,,,0,0
-3,-43,,0,0,0,0,221,13,0,0,0.0,,,0,0
8,65,,0,0,0,0,110,10,0,0,0.0,,,0,0
48,11,,0,0,0,0,88,5,0,0,0.0,,,0,0
46,-9,,0,0,0,0,22,1,0,0,0.0,,,0,0
8,-31,,0,0,0,0,88,4,0,0,0.0,,,0,0
47,-60,,0,0,0,0,55,5,0,0,0.0,,,0,0
61,-89,,0,0,0,0,101,6,0,0,0.0,,,0,0
30,0,,0,0,0,0,22,2,0,0,0.0,,,0,0
17,40,,0,0,0,0,132,6,0,0,0.0,,,0,0
15,5,,0,0,0,0,221,16,0,0,0.0,,,0,0
21,-36,,0,0,0,0,44,2,0,0,0.0,,,0,0
-39,20,,0,0,0,0,308,14,0,0,0.0,,,0,0
-22,31,,0,0,0,0,22,1,0,0,0.0,,,0,0
17,54,,0,0,0,0,48,3,0,0,0.0,,,0,0
6,-33,,0,0,0,0,88,4,0,0,0.0,,,0,0
40,7,,0,0,0,0,132,8,0,0,0.0,,,0,0
46,-46,,0,0,0,0,132,7,0,0,0.0,,,0,0
52,-13,,0,0,0,0,88,4,0,0,0.0,,,0,0
38,-5,,0,0,0,0,568,6,0,0,0.0,,,0,0
-1,-32,,0,0,0,0,88,8,0,0,0.0,,,0,0
3,37,,0,0,0,0,55,5,0,0,0.0,,,0,0
9,-33,,0,0,0,0,42,4,0,0,0.0,,,0,0
49,-17,,0,0,0,0,612,8,0,0,0.0,,,0,0
-28,-11,,0,0,0,0,44,4,0,0,0.0,,,0,0
39,9,,0,0,0,0,44,4,0,0,0.0,,,0,0
-12,61,,0,0,0,0,56,4,0,0,0.0,,,0,0
-24,77,,0,0,0,0,200,2,0,0,0.0,,,0,0
-44,-40,,0,0,0,0,57,3,0,0,0.0,,,0,0
41,-37,,0,0,0,0,232,19,0,0,0.0,,,0,0
10,8,,0,0,0,0,144,14,0,0,0.0,,,0,0
5,52,,0,0,0,0,22,2,0,0,0.0,,,0,0
-51,60,,0,0,0,0,66,3,0,0,0.0,,,0,0
32,27,,0,0,0,0,66,4,0,0,0.0,,,0,0
-29,57,,0,0,0,0,44,3,0,0,0.0,,,0,0
-37,-13,,0,0,0,0,397,26,0,0,0.0,,,0,0
36,5,,0,0,0,0,44,2,0,0,0.0,,,0,0
37,-8,,0,0,0,0,83,5,0,0,0.0,,,0,0
-19,-21,,0,0,0,0,331,16,0,0,0.0,,,0,0
14,-19,,0,0,0,0,29,2,0,0,0.0,,,0,0
-7,26,,0,0,0,0,44,4,0,0,0.0,,,0,0
-12,-31,,0,0,0,0,309,24,0,0,0.0,,,0,0
4,-40,,0,0,0,0,22,1,0,0,0.0,,,0,0
-39,-27,,0,0,0,0,11,1,0,0,0.0,,,0,0
7,48,,0,0,0,0,110,7,0,0,0.0,,,0,0
37,10,,0,0,0,0,22,1,0,0,0.0,,,0,0
34,-5,,0,0,0,0,11,1,0,0,0.0,,,0,0
-1,-58,,0,0,0,0,44,2,0,0,0.0,,,0,0
-14,67,,0,0,0,0,265,17,0,0,0.0,,,0,0
-6,55,,0,0,0,0,1760,13,0,0,0.0,,,0,0
17,-7,,0,0,0,0,44,2,0,0,0.0,,,0,0
-3,-1,,0,0,0,0,410,19,0,0,0.0,,,0,0
-11,-67,,0,0,0,0,33,2,0,0,0.0,,,0,0
-43,44,,0,0,0,0,44,2,0,0,0.0,,,0,0
45,14,,0,0,0,0,11,1,0,0,0.0,,,0,0
7,-8,,0,0,0,0,48,4,0,0,0.0,,,0,0
-34,84,,0,0,0,0,33,3,0,0,0.0,,,0,0
7,3,,0,0,0,0,282,15,0,0,0.0,,,0,0
-26,-2,,0,0,0,0,22,2,0,0,0.0,,,0,0
22,53,,0,0,0,0,66,4,0,0,0.0,,,0,0
-48,62,,0,0,0,0,60,5,0,0,0.0,,,0,0
0,-61,,0,0,0,0,22,2,0,0,0.0,,,0,0
27,-8,,0,0,0,0,132,10,0,0,0.0,,,0,0
35,7,,0,0,0,0,44,4,0,0,0.0,,,0,0
-26,-76,,0,0,0,0,44,2,0,0,0.0,,,0,0
21,-27,,0,0,0,0,22,2,0,0,0.0,,,0,0
-5,-25,,0,0,0,0,22,1,0,0,0.0,,,0,0
24,49,,0,0,0,0,265,14,0,0,0.0,,,0,0
-4,13,,0,0,0,0,11,1,0,0,0.0,,,0,0
2,-42,,0,0,0,0,44,2,0,0,0.0,,,0,0
15,-15,,0,0,0,0,33,2,0,0,0.0,,,0,0
-22,48,,0,0,0,0,132,6,0,0,0.0,,,0,0
-8,77,,0,0,0,0,22,2,0,0,0.0,,,0,0
-19,2,,0,0,0,0,236,12,0,0,0.0,,,0,0
24,8,,0,0,0,0,77,7,0,0,0.0,,,0,0
11,-5,,0,0,0,0,22,2,0,0,0.0,,,0,0
4,37,,0,0,0,0,217,12,0,0,0.0,,,0,0
-33,37,,0,0,0,0,22,1,0,0,0.0,,,0,0
19,7,,0,0,0,0,28,2,0,0,0.0,,,0,0
25,-38,,0,0,0,0,17,1,0,0,0.0,,,0,0
32,13,,0,0,0,0,44,4,0,0,0.0,,,0,0
-26,-36,,0,0,0,0,232,20,0,0,0.0,,,0,0
43,-43,,0,0,0,0,88,4,0,0,0.0,,,0,0
32,15,,0,0,0,0,33,2,0,0,0.0,,,0,0
1,50,,0,0,0,0,11,2,0,0,0.0,,,0,0
-28,1,,0,0,0,0,110,9,0,0,0.0,,,0,0
24,52,,0,0,0,0,44,2,0,0,0.0,,,0,0
1,15,,0,0,0,0,51,3,0,0,0.0,,,0,0
20,40,,0,0,0,0,88,4,0,0,0.0,,,0,0
12,47,,0,0,0,0,22,2,0,0,0.0,,,0,0
34,35,,0,0,0,0,88,4,0,0,0.0,,,0,0
56,-66,,0,0,0,0,165,14,0,0,0.0,,,0,0
-51,63,,0,0,0,0,45,3,0,0,0.0,,,0,0
27,36,,0,0,0,0,22,1,0,0,0.0,,,0,0
-38,-57,,0,0,0,0,22,2,0,0,0.0,,,0,0
46,-4,,0,0,0,0,11,1,0,0,0.0,,,0,0
-23,47,,0,0,0,0,22,1,0,0,0.0,,,0,0
-15,71,,0,0,0,0,11,1,0,0,0.0,,,0,0
27,35,,0,0,0,0,22,1,0,0,0.0,,,0,0
-30,27,,0,0,0,0,72,4,0,0,0.0,,,0,0
42,-57,,0,0,0,0,22,1,0,0,0.0,,,0,0
33,35,,0,0,0,0,44,2,0,0,0.0,,,0,0
-5,5,,0,0,0,0,44,2,0,0,0.0,,,0,0
32,40,,0,0,0,0,559,35,0,0,0.0,,,0,0
-3,14,,0,0,0,0,464,11,0,0,0.0,,,0,0
34,7,,0,0,0,0,44,4,0,0,0.0,,,0,0
-39,-13,,0,0,0,0,221,10,0,0,0.0,,,0,0
30,-36,,0,0,0,0,44,2,0,0,0.0,,,0,0
14,-36,,0,0,0,0,14,2,0,0,0.0,,,0,0
6,34,,0,0,0,0,33,2,0,0,0.0,,,0,0
9,49,,0,0,0,0,99,9,0,0,0.0,,,0,0
-33,-15,,0,0,0,0,88,4,0,0,0.0,,,0,0
8,72,,0,0,0,0,226,18,0,0,0.0,,,0,0
34,11,,0,0,0,0,44,2,0,0,0.0,,,0,0
42,18,,0,0,0,0,44,2,0,0,0.0,,,0,0
23,36,,0,0,0,0,311,3,0,0,0.0,,,0,0
-3,24,,0,0,0,0,88,4,0,0,0.0,,,0,0
5,5,,0,0,0,0,190,13,0,0,0.0,,,0,0
-25,-40,,0,0,0,0,121,11,0,0,0.0,,,0,0
53,-10,,0,0,0,0,22,2,0,0,0.0,,,0,0
-6,-44,,0,0,0,0,66,4,0,0,0.0,,,0,0
49,8,,0,0,0,0,88,8,0,0,0.0,,,0,0
13,46,,0,0,0,0,11,1,0,0,0.0,,,0,0
20,53,,0,0,0,0,66,4,0,0,0.0,,,0,0
15,39,,0,0,0,0,55,5,0,0,0.0,,,0,0
9,-1,,0,0,0,0,44,2,0,0,0.0,,,0,0
37,-83,,0,0,0,0,44,2,0,0,0.0,,,0,0
5,-32,,0,0,0,0,221,10,0,0,0.0,,,0,0
5,65,,0,0,0,0,44,4,0,0,0.0,,,0,0
13,25,,0,0,0,0,988,38,0,0,0.0,,,0,0
87,-67,,0,0,0,0,22,1,0,0,0.0,,,0,0
39,3,,0,0,0,0,66,5,0,0,0.0,,,0,0
56,-88,,0,0,0,0,110,5,0,0,0.0,,,0,0
-10,36,,0,0,0,0,44,2,0,0,0.0,,,0,0
34,-46,,0,0,0,0,22,1,0,0,0.0,,,0,0
28,-49,,0,0,0,0,14,1,0,0,0.0,,,0,0
32,1,,0,0,0,0,11,1,0,0,0.0,,,0,0
-17,45,,0,0,0,0,11,1,0,0,0.0,,,0,0
-38,-14,,0,0,0,0,364,21,0,0,0.0,,,0,0
36,-39,,0,0,0,0,22,1,0,0,0.0,,,0,0
-19,69,,0,0,0,0,121,9,0,0,0.0,,,0,0
-22,-9,,0,0,0,0,110,10,0,0,0.0,,,0,0
22,-55,,0,0,0,0,22,1,0,0,0.0,,,0,0
47,13,,0,0,0,0,33,2,0,0,0.0,,,0,0
8,70,,0,0,0,0,141,9,0,0,0.0,,,0,0
7,24,,0,0,0,0,55,5,0,0,0.0,,,0,0
-13,-65,,0,0,0,0,22,1,0,0,0.0,,,0,0
0,22,,0,0,0,0,40,2,0,0,0.0,,,0,0
-7,12,,0,0,0,0,44,2,0,0,0.0,,,0,0
-43,39,,0,0,0,0,22,1,0,0,0.0,,,0,0
48,16,,0,0,0,0,132,6,0,0,0.0,,,0,0
-16,52,,0,0,0,0,65,4,0,0,0.0,,,0,0
-7,25,,0,0,0,0,177,8,0,0,0.0,,,0,0
30,16,,0,0,0,0,14,1,0,0,0.0,,,0,0
-35,0,,0,0,0,0,88,4,0,0,0.0,,,0,0
-17,-53,,0,0,0,0,44,2,0,0,0.0,,,0,0
-44,-66,,0,0,0,0,22,1,0,0,0.0,,,0,0
-9,-36,,0,0,0,0,88,4,0,0,0.0,,,0,0
48,-42,,0,0,0,0,66,4,0,0,0.0,,,0,0
5,6,,0,0,0,0,55,3,0,0,0.0,,,0,0
19,-47,,0,0,0,0,88,4,0,0,0.0,,,0,0
-34,-24,,0,0,0,0,88,4,0,0,0.0,,,0,0
-38,-15,,0,0,0,0,44,4,0,0,0.0,,,0,0
-41,-23,,0,0,0,0,99,5,0,0,0.0,,,0,0
-9,13,,0,0,0,0,99,5,0,0,0.0,,,0,0
17,-20,,0,0,0,0,55,3,0,0,0.0,,,0,0
-3,-39,,0,0,0,0,22,2,0,0,0.0,,,0,0
-28,12,,0,0,0,0,440,33,0,0,0.0,,,0,0
-1,59,,0,0,0,0,34,2,0,0,0.0,,,0,0
13,72,,0,0,0,0,116,5,0,0,0.0,,,0,0
-24,80,,0,0,0,0,673,40,0,0,0.0,,,0,0
32,-50,,0,0,0,0,420,20,0,0,0.0,,,0,0
15,69,,0,0,0,0,44,2,0,0,0.0,,,0,0
29,50,,0,0,0,0,44,2,0,0,0.0,,,0,0
20,48,,0,0,0,0,110,6,0,0,0.0,,,0,0
18,45,,0,0,0,0,132,6,0,0,0.0,,,0,0
9,46,,0,0,0,0,44,2,0,0,0.0,,,0,0
17,31,,0,0,0,0,44,2,0,0,0.0,,,0,0
47,-41,,0,0,0,0,34,2,0,0,0.0,,,0,0
10,43,,0,0,0,0,44,2,0,0,0.0,,,0,0
44,-48,,0,0,0,0,596,22,0,0,0.0,,,0,0
39,-46,,0,0,0,0,44,2,0,0,0.0,,,0,0
-8,4,,0,0,0,0,110,10,0,0,0.0,,,0,0
34,-43,,0,0,0,0,88,4,0,0,0.0,,,0,0
37,18,,0,0,0,0,121,6,0,0,0.0,,,0,0
39,18,,0,0,0,0,17,2,0,0,0.0,,,0,0
44,18,,0,0,0,0,144,8,0,0,0.0,,,0,0
-45,-54,,0,0,0,0,44,2,0,0,0.0,,,0,0
14,5,,0,0,0,0,88,4,0,0,0.0,,,0,0
4,10,,0,0,0,0,44,2,0,0,0.0,,,0,0
7,10,,0,0,0,0,33,2,0,0,0.0,,,0,0
12,12,,0,0,0,0,17,2,0,0,0.0,,,0,0
-8,45,,0,0,0,0,33,3,0,0,0.0,,,0,0
-13,46,,0,0,0,0,110,10,0,0,0.0,,,0,0
-20,-24,,0,0,0,0,324,23,0,0,0.0,,,0,0
42,-37,,0,0,0,0,48,3,0,0,0.0,,,0,0
1,-4,,0,0,0,0,99,5,0,0,0.0,,,0,0
-43,-62,,0,0,0,0,44,2,0,0,0.0,,,0,0
33,0,,0,0,0,0,55,3,0,0,0.0,,,0,0
35,-1,,0,0,0,0,66,4,0,0,0.0,,,0,0
4,50,,0,0,0,0,44,2,0,0,0.0,,,0,0
24,25,,0,0,0,0,44,2,0,0,0.0,,,0,0
-39,-36,,0,0,0,0,33,2,0,0,0.0,,,0,0
25,11,,0,0,0,0,66,3,0,0,0.0,,,0,0
25,10,,0,0,0,0,28,2,0,0,0.0,,,0,0
-25,2,,0,0,0,0,182,10,0,0,0.0,,,0,0
-15,73,,0,0,0,0,67,4,0,0,0.0,,,0,0
-5,-43,,0,0,0,0,44,2,0,0,0.0,,,0,0
31,-2,,0,0,0,0,44,2,0,0,0.0,,,0,0
36,34,,0,0,0,0,132,6,0,0,0.0,,,0,0
20,24,,0,0,0,0,177,15,0,0,0.0,,,0,0
26,-14,,0,0,0,0,135,12,0,0,0.0,,,0,0
37,-31,,0,0,0,0,72,4,0,0,0.0,,,0,0
25,17,,0,0,0,0,61,5,0,0,0.0,,,0,0
-32,67,,0,0,0,0,4464,30,0,0,0.0,,,0,0
7,-42,,0,0,0,0,66,4,0,0,0.0,,,0,0
9,-43,,0,0,0,0,44,2,0,0,0.0,,,0,0
-31,15,,0,0,0,0,394,20,0,0,0.0,,,0,0
13,-38,,0,0,0,0,33,3,0,0,0.0,,,0,0
5,-19,,0,0,0,0,34,2,0,0,0.0,,,0,0
-41,-49,,0,0,0,0,84,6,0,0,0.0,,,0,0
-41,-55,,0,0,0,0,55,4,0,0,0.0,,,0,0
-37,-11,,0,0,0,0,414,36,0,0,0.0,,,0,0
11,-32,,0,0,0,0,199,12,0,0,0.0,,,0,0
-31,14,,0,0,0,0,657,19,0,0,0.0,,,0,0
33,-37,,0,0,0,0,22,1,0,0,0.0,,,0,0
8,-43,,0,0,0,0,44,2,0,0,0.0,,,0,0
-30,12,,0,0,0,0,1411,7,0,0,0.0,,,0,0
-34,-37,,0,0,0,0,154,4,0,0,0.0,,,0,0
12,51,,0,0,0,0,88,4,0,0,0.0,,,0,0
5,24,,0,0,0,0,44,2,0,0,0.0,,,0,0
14,-13,,0,0,0,0,46,3,0,0,0.0,,,0,0
31,17,,0,0,0,0,88,8,0,0,0.0,,,0,0
19,54,,0,0,0,0,44,2,0,0,0.0,,,0,0
55,-86,,0,0,0,0,66,4,0,0,0.0,,,0,0
22,14,,0,0,0,0,110,7,0,0,0.0,,,0,0
16,21,,0,0,0,0,44,4,0,0,0.0,,,0,0
-28,22,,0,0,0,0,11,1,0,0,0.0,,,0,0
0,16,,0,0,0,0,11,1,0,0,0.0,,,0,0
-27,-8,,0,0,0,0,631,29,0,0,0.0,,,0,0
-32,-10,,0,0,0,0,397,31,0,0,0.0,,,0,0
2,32,,0,0,0,0,39,2,0,0,0.0,,,0,0
45,-16,,0,0,0,0,22,1,0,0,0.0,,,0,0
-31,-80,,0,0,0,0,22,1,0,0,0.0,,,0,0
3,-39,,0,0,0,0,66,4,0,0,0.0,,,0,0
-19,0,,0,0,0,0,22,2,0,0,0.0,,,0,0
-37,43,,0,0,0,0,221,14,0,0,0.0,,,0,0
-10,-6,,0,0,0,0,41,2,0,0,0.0,,,0,0
4,-42,,0,0,0,0,515,29,0,0,0.0,,,0,0
-48,59,,0,0,0,0,11,1,0,0,0.0,,,0,0
-34,8,,0,0,0,0,2411,7,0,0,0.0,,,0,0
11,47,,0,0,0,0,11,1,0,0,0.0,,,0,0
16,37,,0,0,0,0,11,1,0,0,0.0,,,0,0
37,-7,,0,0,0,0,22,1,0,0,0.0,,,0,0
-41,-21,,0,0,0,0,4,1,0,0,0.0,,,0,0
-44,40,,0,0,0,0,46,3,0,0,0.0,,,0,0
-16,-37,,0,0,0,0,22,2,0,0,0.0,,,0,0
15,-37,,0,0,0,0,22,1,0,0,0.0,,,0,0
46,-45,,0,0,0,0,44,4,0,0,0.0,,,0,0
1,38,,0,0,0,0,88,4,0,0,0.0,,,0,0
-43,-30,,0,0,0,0,11,1,0,0,0.0,,,0,0
-19,52,,0,0,0,0,22,2,0,0,0.0,,,0,0
-32,18,,0,0,0,0,611,3,0,0,0.0,,,0,0
47,17,,0,0,0,0,11,1,0,0,0.0,,,0,0
-22,-38,,0,0,0,0,55,4,0,0,0.0,,,0,0
-20,-42,,0,0,0,0,11,1,0,0,0.0,,,0,0
22,11,,0,0,0,0,121,7,0,0,0.0,,,0,0
26,-24,,0,0,0,0,22,2,0,0,0.0,,,0,0
-12,63,,0,0,0,0,44,2,0,0,0.0,,,0,0
25,18,,0,0,0,0,197,23,0,0,0.0,,,0,0
38,-37,,0,0,0,0,22,1,0,0,0.0,,,0,0
-8,50,,0,0,0,0,60,2,0,0,0.0,,,0,0
-38,-12,,0,0,0,0,221,13,0,0,0.0,,,0,0
-25,-38,,0,0,0,0,50,4,0,0,0.0,,,0,0
1,-8,,0,0,0,0,44,2,0,0,0.0,,,0,0
-7,63,,0,0,0,0,11,1,0,0,0.0,,,0,0
50,-10,,0,0,0,0,22,2,0,0,0.0,,,0,0
25,25,,0,0,0,0,2443,8,0,0,0.0,,,0,0
3,26,,0,0,0,0,300,4,0,0,0.0,,,0,0
-16,58,,0,0,0,0,45,4,0,0,0.0,,,0,0
20,19,,0,0,0,0,22,1,0,0,0.0,,,0,0
9,-67,,0,0,0,0,14,1,0,0,0.0,,,0,0
34,-40,,0,0,0,0,22,1,0,0,0.0,,,0,0
-13,5,,0,0,0,0,44,4,0,0,0.0,,,0,0
28,24,,0,0,0,0,44,2,0,0,0.0,,,0,0
-9,3,,0,0,0,0,33,3,0,0,0.0,,,0,0
10,-40,,0,0,0,0,155,12,0,0,0.0,,,0,0
7,83,,0,0,0,0,44,2,0,0,0.0,,,0,0
25,22,,0,0,0,0,44,2,0,0,0.0,,,0,0
-1,-19,,0,0,0,0,14,1,0,0,0.0,,,0,0
10,-3,,0,0,0,0,11,1,0,0,0.0,,,0,0
2,-38,,0,0,0,0,2806,10,0,0,0.0,,,0,0
-24,76,,0,0,0,0,66,4,0,0,0.0,,,0,0
3206,2430,,0,0,0,0,72,4,0,0,0.0,,,0,0
-4,-42,,0,0,0,0,44,2,0,0,0.0,,,0,0
8,42,,0,0,0,0,11,1,0,0,0.0,,,0,0
-41,80,,0,0,0,0,44,2,0,0,0.0,,,0,0
-31,82,,0,0,0,0,7,2,0,0,0.0,,,0,0
4,2,,0,0,0,0,355,6,0,0,0.0,,,0,0
-25,10,,0,0,0,0,1365,62,0,0,0.0,,,0,0
-10,-36,,0,0,0,0,61,5,0,0,0.0,,,0,0
-82,-319,,0,0,0,0,22,1,0,0,0.0,,,0,0
7,60,,0,0,0,0,11,1,0,0,0.0,,,0,0
12,77,,0,0,0,0,22,2,0,0,0.0,,,0,0
3,77,,0,0,0,0,22,2,0,0,0.0,,,0,0
10,77,,0,0,0,0,22,2,0,0,0.0,,,0,0
6,76,,0,0,0,0,44,4,0,0,0.0,,,0,0
-39,22,,0,0,0,0,335,26,0,0,0.0,,,0,0
36,-14,,0,0,0,0,44,4,0,0,0.0,,,0,0
17,-21,,0,0,0,0,22,2,0,0,0.0,,,0,0
7,50,,0,0,0,0,792,38,0,0,0.0,,,0,0
-10,34,,0,0,0,0,66,4,0,0,0.0,,,0,0
43,-50,,0,0,0,0,11,1,0,0,0.0,,,0,0
38,-31,,0,0,0,0,11,1,0,0,0.0,,,0,0
-18,-4,,0,0,0,0,11,1,0,0,0.0,,,0,0
-44,79,,0,0,0,0,29,2,0,0,0.0,,,0,0
-28,29,,0,0,0,0,77,4,0,0,0.0,,,0,0
10,72,,0,0,0,0,34,2,0,0,0.0,,,0,0
-45,48,,0,0,0,0,11,1,0,0,0.0,,,0,0
-10,69,,0,0,0,0,22,2,0,0,0.0,,,0,0
44,15,,0,0,0,0,22,1,0,0,0.0,,,0,0
32,42,,0,0,0,0,6,1,0,0,0.0,,,0,0
-22,-23,,0,0,0,0,44,2,0,0,0.0,,,0,0
-35,-36,,0,0,0,0,34,2,0,0,0.0,,,0,0
44,-9,,0,0,0,0,273,7,0,0,0.0,,,0,0
7,6,,0,0,0,0,457,19,0,0,0.0,,,0,0
-11,-50,,0,0,0,0,22,2,0,0,0.0,,,0,0
43,-1,,0,0,0,0,22,1,0,0,0.0,,,0,0
6,30,,0,0,0,0,22,1,0,0,0.0,,,0,0
8,50,,0,0,0,0,22,2,0,0,0.0,,,0,0
22,-42,,0,0,0,0,5977,57,0,0,0.0,,,0,0
12,64,,0,0,0,0,77,4,0,0,0.0,,,0,0
-38,-53,,0,0,0,0,28,2,0,0,0.0,,,0,0
50,11,,0,0,0,0,44,2,0,0,0.0,,,0,0
-3,-38,,0,0,0,0,77,6,0,0,0.0,,,0,0
2,-23,,0,0,0,0,144,7,0,0,0.0,,,0,0
318,-96,,0,0,0,0,44,2,0,0,0.0,,,0,0
-34,83,,0,0,0,0,11,1,0,0,0.0,,,0,0
-17,48,,0,0,0,0,662,3,0,0,0.0,,,0,0
-40,27,,0,0,0,0,239,14,0,0,0.0,,,0,0
-42,-60,,0,0,0,0,7,1,0,0,0.0,,,0,0
-43,-52,,0,0,0,0,72,4,0,0,0.0,,,0,0
-17,-24,,0,0,0,0,55,5,0,0,0.0,,,0,0
-7,-19,,0,0,0,0,22,2,0,0,0.0,,,0,0
-33,42,,0,0,0,0,132,6,0,0,0.0,,,0,0
18,51,,0,0,0,0,177,8,0,0,0.0,,,0,0
38,-39,,0,0,0,0,14,1,0,0,0.0,,,0,0
12,43,,0,0,0,0,33,2,0,0,0.0,,,0,0
15,44,,0,0,0,0,7,1,0,0,0.0,,,0,0
-5,78,,0,0,0,0,11,1,0,0,0.0,,,0,0
-3,-34,,0,0,0,0,50,4,0,0,0.0,,,0,0
46,15,,0,0,0,0,6,1,0,0,0.0,,,0,0
-23,-37,,0,0,0,0,77,6,0,0,0.0,,,0,0
-43,-37,,0,0,0,0,55,5,0,0,0.0,,,0,0
51,-60,,0,0,0,0,221,10,0,0,0.0,,,0,0
-23,-10,,0,0,0,0,265,21,0,0,0.0,,,0,0
-29,-45,,0,0,0,0,2021,14,0,0,0.0,,,0,0
-21,-40,,0,0,0,0,94,6,0,0,0.0,,,0,0
50,-1,,0,0,0,0,44,2,0,0,0.0,,,0,0
-9,-28,,0,0,0,0,22,1,0,0,0.0,,,0,0
-13,-19,,0,0,0,0,44,2,0,0,0.0,,,0,0
-29,26,,0,0,0,0,77,4,0,0,0.0,,,0,0
-52,63,,0,0,0,0,22,1,0,0,0.0,,,0,0
42,-39,,0,0,0,0,39,4,0,0,0.0,,,0,0
-5,-46,,0,0,0,0,8,1,0,0,0.0,,,0,0
-12,40,,0,0,0,0,22,1,0,0,0.0,,,0,0
-13,69,,0,0,0,0,11,1,0,0,0.0,,,0,0
-26,66,,0,0,0,0,44,2,0,0,0.0,,,0,0
0,70,,0,0,0,0,33,2,0,0,0.0,,,0,0
-115,-260,,0,0,0,0,7,1,0,0,0.0,,,0,0
59,-86,,0,0,0,0,44,4,0,0,0.0,,,0,0
36,-6,,0,0,0,0,22,2,0,0,0.0,,,0,0
30,15,,0,0,0,0,22,2,0,0,0.0,,,0,0
-9,-39,,0,0,0,0,541,29,0,0,0.0,,,0,0
-15,-43,,0,0,0,0,57,4,0,0,0.0,,,0,0
49,-49,,0,0,0,0,22,2,0,0,0.0,,,0,0
15,30,,0,0,0,0,22,2,0,0,0.0,,,0,0
25,4,,0,0,0,0,66,6,0,0,0.0,,,0,0
-32,-43,,0,0,0,0,182,12,0,0,0.0,,,0,0
-50,59,,0,0,0,0,34,2,0,0,0.0,,,0,0
28,-50,,0,0,0,0,77,4,0,0,0.0,,,0,0
-18,45,,0,0,0,0,102,6,0,0,0.0,,,0,0
21,29,,0,0,0,0,155,14,0,0,0.0,,,0,0
21,-33,,0,0,0,0,55,5,0,0,0.0,,,0,0
27,46,,0,0,0,0,155,14,0,0,0.0,,,0,0
50,-80,,0,0,0,0,66,6,0,0,0.0,,,0,0
-19,-26,,0,0,0,0,600,4,0,0,0.0,,,0,0
27,-27,,0,0,0,0,22,2,0,0,0.0,,,0,0
10,27,,0,0,0,0,132,6,0,0,0.0,,,0,0
24,5,,0,0,0,0,2288,17,0,0,0.0,,,0,0
51,-74,,0,0,0,0,22,2,0,0,0.0,,,0,0
-16,85,,0,0,0,0,68,4,0,0,0.0,,,0,0
47,-57,,0,0,0,0,79,5,0,0,0.0,,,0,0
-33,-39,,0,0,0,0,34,2,0,0,0.0,,,0,0
21,13,,0,0,0,0,37,3,0,0,0.0,,,0,0
11,31,,0,0,0,0,22,2,0,0,0.0,,,0,0
-16,69,,0,0,0,0,112,8,0,0,0.0,,,0,0
-41,-29,,0,0,0,0,44,2,0,0,0.0,,,0,0
-5,0,,0,0,0,0,88,4,0,0,0.0,,,0,0
-49,3,,0,0,0,0,26,2,0,0,0.0,,,0,0
-41,-33,,0,0,0,0,44,2,0,0,0.0,,,0,0
-1,71,,0,0,0,0,123,10,0,0,0.0,,,0,0
-2,-61,,0,0,0,0,88,4,0,0,0.0,,,0,0
2,-18,,0,0,0,0,22,2,0,0,0.0,,,0,0
-31,-33,,0,0,0,0,160,8,0,0,0.0,,,0,0
16,9,,0,0,0,0,600,2,0,0,0.0,,,0,0
-40,39,,0,0,0,0,188,9,0,0,0.0,,,0,0
6,6,,0,0,0,0,44,4,0,0,0.0,,,0,0
-18,-19,,0,0,0,0,410,36,0,0,0.0,,,0,0
-37,-12,,0,0,0,0,66,6,0,0,0.0,,,0,0
-31,-16,,0,0,0,0,931,75,0,0,0.0,,,0,0
-41,-15,,0,0,0,0,44,2,0,0,0.0,,,0,0
-36,-16,,0,0,0,0,79,6,0,0,0.0,,,0,0
-37,-18,,0,0,0,0,287,26,0,0,0.0,,,0,0
8,12,,0,0,0,0,22,2,0,0,0.0,,,0,0
29,-22,,0,0,0,0,44,4,0,0,0.0,,,0,0
-38,-10,,0,0,0,0,357,29,0,0,0.0,,,0,0
-33,-1,,0,0,0,0,335,27,0,0,0.0,,,0,0
42,-40,,0,0,0,0,88,4,0,0,0.0,,,0,0
-30,-3,,0,0,0,0,34,2,0,0,0.0,,,0,0
30,57,,0,0,0,0,36,3,0,0,0.0,,,0,0
-22,-26,,0,0,0,0,400,34,0,0,0.0,,,0,0
-32,-13,,0,0,0,0,79,6,0,0,0.0,,,0,0
-27,2,,0,0,0,0,123,10,0,0,0.0,,,0,0
-57,23,,0,0,0,0,22,2,0,0,0.0,,,0,0
-34,-19,,0,0,0,0,22,2,0,0,0.0,,,0,0
-14,-28,,0,0,0,0,57,4,0,0,0.0,,,0,0
-11,-13,,0,0,0,0,57,4,0,0,0.0,,,0,0
-27,4,,0,0,0,0,88,8,0,0,0.0,,,0,0
-24,-25,,0,0,0,0,22,2,0,0,0.0,,,0,0
-32,51,,0,0,0,0,22,2,0,0,0.0,,,0,0
34,3,,0,0,0,0,132,6,0,0,0.0,,,0,0
20,-3,,0,0,0,0,88,6,0,0,0.0,,,0,0
1,34,,0,0,0,0,88,6,0,0,0.0,,,0,0
-30,49,,0,0,0,0,22,2,0,0,0.0,,,0,0
-30,50,,0,0,0,0,22,2,0,0,0.0,,,0,0
-10,-46,,0,0,0,0,22,2,0,0,0.0,,,0,0
35,-31,,0,0,0,0,210,18,0,0,0.0,,,0,0
40,-43,,0,0,0,0,22,2,0,0,0.0,,,0,0
28,-16,,0,0,0,0,22,2,0,0,0.0,,,0,0
-45,42,,0,0,0,0,44,2,0,0,0.0,,,0,0
48,7,,0,0,0,0,99,9,0,0,0.0,,,0,0
34,17,,0,0,0,0,44,4,0,0,0.0,,,0,0
43,-40,,0,0,0,0,66,6,0,0,0.0,,,0,0
-42,-51,,0,0,0,0,34,2,0,0,0.0,,,0,0
-43,-26,,0,0,0,0,110,6,0,0,0.0,,,0,0
-42,12,,0,0,0,0,22,2,0,0,0.0,,,0,0
-31,-12,,0,0,0,0,66,6,0,0,0.0,,,0,0
-9,-17,,0,0,0,0,22,2,0,0,0.0,,,0,0
-16,-23,,0,0,0,0,22,2,0,0,0.0,,,0,0
-39,-10,,0,0,0,0,110,8,0,0,0.0,,,0,0
-19,-23,,0,0,0,0,66,6,0,0,0.0,,,0,0
-24,-8,,0,0,0,0,22,2,0,0,0.0,,,0,0
-35,9,,0,0,0,0,54,5,0,0,0.0,,,0,0
-10,-24,,0,0,0,0,22,2,0,0,0.0,,,0,0
14,23,,0,0,0,0,44,2,0,0,0.0,,,0,0
-33,-24,,0,0,0,0,137,9,0,0,0.0,,,0,0
-33,34,,0,0,0,0,22,2,0,0,0.0,,,0,0
6,57,,0,0,0,0,33,3,0,0,0.0,,,0,0
-15,58,,0,0,0,0,25,2,0,0,0.0,,,0,0
-39,39,,0,0,0,0,11,1,0,0,0.0,,,0,0
24,40,,0,0,0,0,11,1,0,0,0.0,,,0,0
22,6,,0,0,0,0,194,17,0,0,0.0,,,0,0
51,10,,0,0,0,0,11,1,0,0,0.0,,,0,0
-13,-8,,0,0,0,0,14,1,0,0,0.0,,,0,0
-18,7,,0,0,0,0,127,10,0,0,0.0,,,0,0
-19,5,,0,0,0,0,55,3,0,0,0.0,,,0,0
-17,1,,0,0,0,0,11,1,0,0,0.0,,,0,0
-15,60,,0,0,0,0,115,10,0,0,0.0,,,0,0
-12,-26,,0,0,0,0,11,1,0,0,0.0,,,0,0
-3,-25,,0,0,0,0,30,3,0,0,0.0,,,0,0
16,-29,,0,0,0,0,10,1,0,0,0.0,,,0,0
44,14,,0,0,0,0,11,1,0,0,0.0,,,0,0
43,-10,,0,0,0,0,22,2,0,0,0.0,,,0,0
-21,-58,,0,0,0,0,22,2,0,0,0.0,,,0,0
53,-14,,0,0,0,0,11,1,0,0,0.0,,,0,0
41,-41,,0,0,0,0,319,29,0,0,0.0,,,0,0
-38,-37,,0,0,0,0,25,2,0,0,0.0,,,0,0
-15,-45,,0,0,0,0,129,9,0,0,0.0,,,0,0
39,-3,,0,0,0,0,26,3,0,0,0.0,,,0,0
2,55,,0,0,0,0,11,1,0,0,0.0,,,0,0
-34,43,,0,0,0,0,17,1,0,0,0.0,,,0,0
-2,-29,,0,0,0,0,22,1,0,0,0.0,,,0,0
-13,-45,,0,0,0,0,22,1,0,0,0.0,,,0,0
-19,-4,,0,0,0,0,25,2,0,0,0.0,,,0,0
-29,6,,0,0,0,0,31,2,0,0,0.0,,,0,0
-6,-25,,0,0,0,0,11,1,0,0,0.0,,,0,0
-28,-17,,0,0,0,0,125,8,0,0,0.0,,,0,0
-10,38,,0,0,0,0,11,1,0,0,0.0,,,0,0
2,0,,0,0,0,0,4,1,0,0,0.0,,,0,0
-10,25,,0,0,0,0,11,1,0,0,0.0,,,0,0
46,-13,,0,0,0,0,11,1,0,0,0.0,,,0,0
20,0,,0,0,0,0,11,1,0,0,0.0,,,0,0
7,74,,0,0,0,0,11,1,0,0,0.0,,,0,0
-15,-28,,0,0,0,0,11,1,0,0,0.0,,,0,0
55,-65,,0,0,0,0,33,3,0,0,0.0,,,0,0
-21,2,,0,0,0,0,4,1,0,0,0.0,,,0,0
5,32,,0,0,0,0,4,1,0,0,0.0,,,0,0
3,0,,0,0,0,0,11,1,0,0,0.0,,,0,0
3,-1,,0,0,0,0,11,1,0,0,0.0,,,0,0
26,33,,0,0,0,0,4,1,0,0,0.0,,,0,0
36,-52,,0,0,0,0,14,1,0,0,0.0,,,0,0
7,-6,,0,0,0,0,11,1,0,0,0.0,,,0,0
36,35,,0,0,0,0,33,3,0,0,0.0,,,0,0
18,61,,0,0,0,0,11,1,0,0,0.0,,,0,0
33,1,,0,0,0,0,77,7,0,0,0.0,,,0,0
42,-61,,0,0,0,0,22,2,0,0,0.0,,,0,0
39,11,,0,0,0,0,11,1,0,0,0.0,,,0,0
23,16,,0,0,0,0,11,1,0,0,0.0,,,0,0
18,52,,0,0,0,0,11,1,0,0,0.0,,,0,0
48,-64,,0,0,0,0,631,30,0,0,0.0,,,0,0
-26,72,,0,0,0,0,11,1,0,0,0.0,,,0,0
6,-14,,0,0,0,0,4,1,0,0,0.0,,,0,0
15,32,,0,0,0,0,11,1,0,0,0.0,,,0,0
29,5,,0,0,0,0,4,1,0,0,0.0,,,0,0
-22,-57,,0,0,0,0,178,13,0,0,0.0,,,0,0
16,-40,,0,0,0,0,11,1,0,0,0.0,,,0,0
-25,54,,0,0,0,0,11,1,0,0,0.0,,,0,0
41,-42,,0,0,0,0,14,1,0,0,0.0,,,0,0
17,23,,0,0,0,0,33,3,0,0,0.0,,,0,0
33,-32,,0,0,0,0,33,3,0,0,0.0,,,0,0
4,8,,0,0,0,0,11,1,0,0,0.0,,,0,0
22,3,,0,0,0,0,55,4,0,0,0.0,,,0,0
-26,-8,,0,0,0,0,41,2,0,0,0.0,,,0,0
-40,-11,,0,0,0,0,22,2,0,0,0.0,,,0,0
25,-40,,0,0,0,0,44,2,0,0,0.0,,,0,0
23,59,,0,0,0,0,7,1,0,0,0.0,,,0,0
-40,-13,,0,0,0,0,232,14,0,0,0.0,,,0,0
2,-11,,0,0,0,0,85,8,0,0,0.0,,,0,0
15,11,,0,0,0,0,11,1,0,0,0.0,,,0,0
-23,21,,0,0,0,0,29,4,0,0,0.0,,,0,0
-13,66,,0,0,0,0,71,6,0,0,0.0,,,0,0
51,-75,,0,0,0,0,375,26,0,0,0.0,,,0,0
-6,-23,,0,0,0,0,44,4,0,0,0.0,,,0,0
-9,-7,,0,0,0,0,59,4,0,0,0.0,,,0,0
10,1,,0,0,0,0,62,3,0,0,0.0,,,0,0
-5,39,,0,0,0,0,15,2,0,0,0.0,,,0,0
24,1,,0,0,0,0,15,2,0,0,0.0,,,0,0
-32,84,,0,0,0,0,22,2,0,0,0.0,,,0,0
2,27,,0,0,0,0,7,1,0,0,0.0,,,0,0
-36,28,,0,0,0,0,15,2,0,0,0.0,,,0,0
-35,-46,,0,0,0,0,188,9,0,0,0.0,,,0,0
-3,-27,,0,0,0,0,22,2,0,0,0.0,,,0,0
-13,-29,,0,0,0,0,15,2,0,0,0.0,,,0,0
45,17,,0,0,0,0,32,2,0,0,0.0,,,0,0
-34,-31,,0,0,0,0,7,1,0,0,0.0,,,0,0
-19,7,,0,0,0,0,22,2,0,0,0.0,,,0,0
9,1,,0,0,0,0,29,3,0,0,0.0,,,0,0
-8,2,,0,0,0,0,11,1,0,0,0.0,,,0,0
10,40,,0,0,0,0,11,1,0,0,0.0,,,0,0
8,60,,0,0,0,0,22,2,0,0,0.0,,,0,0
19,16,,0,0,0,0,11,1,0,0,0.0,,,0,0
10,0,,0,0,0,0,11,1,0,0,0.0,,,0,0
11,36,,0,0,0,0,14,1,0,0,0.0,,,0,0
-6,39,,0,0,0,0,15,2,0,0,0.0,,,0,0
39,-5,,0,0,0,0,22,1,0,0,0.0,,,0,0
13,10,,0,0,0,0,44,4,0,0,0.0,,,0,0
-48,57,,0,0,0,0,11,1,0,0,0.0,,,0,0
-21,-23,,0,0,0,0,22,2,0,0,0.0,,,0,0
-28,25,,0,0,0,0,121,11,0,0,0.0,,,0,0
10,4,,0,0,0,0,11,1,0,0,0.0,,,0,0
-21,-9,,0,0,0,0,22,1,0,0,0.0,,,0,0
47,-9,,0,0,0,0,4,1,0,0,0.0,,,0,0
15,1,,0,0,0,0,22,1,0,0,0.0,,,0,0
15,13,,0,0,0,0,11,1,0,0,0.0,,,0,0
32,3,,0,0,0,0,33,3,0,0,0.0,,,0,0
-12,42,,0,0,0,0,4,1,0,0,0.0,,,0,0
-10,64,,0,0,0,0,33,2,0,0,0.0,,,0,0
-41,-14,,0,0,0,0,132,12,0,0,0.0,,,0,0
-7,17,,0,0,0,0,22,2,0,0,0.0,,,0,0
-14,-30,,0,0,0,0,232,21,0,0,0.0,,,0,0
13,-4,,0,0,0,0,144,13,0,0,0.0,,,0,0
5,-35,,0,0,0,0,146,11,0,0,0.0,,,0,0
14,52,,0,0,0,0,11,1,0,0,0.0,,,0,0
25,43,,0,0,0,0,11,1,0,0,0.0,,,0,0
13,43,,0,0,0,0,11,1,0,0,0.0,,,0,0
-2,41,,0,0,0,0,33,3,0,0,0.0,,,0,0
-11,79,,0,0,0,0,44,4,0,0,0.0,,,0,0
1,26,,0,0,0,0,11,1,0,0,0.0,,,0,0
26,-18,,0,0,0,0,55,4,0,0,0.0,,,0,0
-41,-37,,0,0,0,0,11,1,0,0,0.0,,,0,0
14,58,,0,0,0,0,22,2,0,0,0.0,,,0,0
20,-27,,0,0,0,0,44,4,0,0,0.0,,,0,0
-2,53,,0,0,0,0,44,4,0,0,0.0,,,0,0
-9,-24,,0,0,0,0,33,3,0,0,0.0,,,0,0
11,2,,0,0,0,0,22,2,0,0,0.0,,,0,0
40,-53,,0,0,0,0,44,4,0,0,0.0,,,0,0
-30,-53,,0,0,0,0,33,3,0,0,0.0,,,0,0
30,-52,,0,0,0,0,66,6,0,0,0.0,,,0,0
-28,37,,0,0,0,0,33,3,0,0,0.0,,,0,0
1,9,,0,0,0,0,22,2,0,0,0.0,,,0,0
-28,27,,0,0,0,0,22,2,0,0,0.0,,,0,0
5,60,,0,0,0,0,44,4,0,0,0.0,,,0,0
-6,73,,0,0,0,0,33,3,0,0,0.0,,,0,0
-24,78,,0,0,0,0,22,2,0,0,0.0,,,0,0
34,34,,0,0,0,0,44,4,0,0,0.0,,,0,0
3,74,,0,0,0,0,66,6,0,0,0.0,,,0,0
-16,-34,,0,0,0,0,243,16,0,0,0.0,,,0,0
30,-5,,0,0,0,0,177,16,0,0,0.0,,,0,0
32,-18,,0,0,0,0,44,4,0,0,0.0,,,0,0
7,-27,,0,0,0,0,88,8,0,0,0.0,,,0,0
80,17,,0,0,0,0,177,16,0,0,0.0,,,0,0
18,33,,0,0,0,0,11,1,0,0,0.0,,,0,0
27,14,,0,0,0,0,110,10,0,0,0.0,,,0,0
-40,26,,0,0,0,0,44,4,0,0,0.0,,,0,0
-40,-56,,0,0,0,0,11,1,0,0,0.0,,,0,0
7,23,,0,0,0,0,11,1,0,0,0.0,,,0,0
7,16,,0,0,0,0,25,2,0,0,0.0,,,0,0
0,-73,,0,0,0,0,14,1,0,0,0.0,,,0,0
33,-28,,0,0,0,0,88,7,0,0,0.0,,,0,0
26,7,,0,0,0,0,11,1,0,0,0.0,,,0,0
5,58,,0,0,0,0,8,1,0,0,0.0,,,0,0
60,-87,,0,0,0,0,22,2,0,0,0.0,,,0,0
-40,-12,,0,0,0,0,103,10,0,0,0.0,,,0,0
-5,19,,0,0,0,0,276,13,0,0,0.0,,,0,0
-11,51,,0,0,0,0,14,1,0,0,0.0,,,0,0
29,10,,0,0,0,0,22,2,0,0,0.0,,,0,0
-15,55,,0,0,0,0,72,5,0,0,0.0,,,0,0
53,-86,,0,0,0,0,11,1,0,0,0.0,,,0,0
4,51,,0,0,0,0,33,3,0,0,0.0,,,0,0
-19,-46,,0,0,0,0,4,1,0,0,0.0,,,0,0
42,-42,,0,0,0,0,22,1,0,0,0.0,,,0,0
47,-49,,0,0,0,0,88,4,0,0,0.0,,,0,0
30,62,,0,0,0,0,11,1,0,0,0.0,,,0,0
7,-4,,0,0,0,0,3,1,0,0,0.0,,,0,0
-6,8,,0,0,0,0,28,2,0,0,0.0,,,0,0
-32,-31,,0,0,0,0,11,1,0,0,0.0,,,0,0
12,28,,0,0,0,0,5,1,0,0,0.0,,,0,0
57,-89,,0,0,0,0,22,2,0,0,0.0,,,0,0
29,2,,0,0,0,0,11,1,0,0,0.0,,,0,0
30,-55,,0,0,0,0,4,1,0,0,0.0,,,0,0
12,-38,,0,0,0,0,83,4,0,0,0.0,,,0,0
28,4,,0,0,0,0,11,1,0,0,0.0,,,0,0
-17,-30,,0,0,0,0,11,1,0,0,0.0,,,0,0
-1,10,,0,0,0,0,88,4,0,0,0.0,,,0,0
22,34,,0,0,0,0,11,1,0,0,0.0,,,0,0
-10,-50,,0,0,0,0,22,2,0,0,0.0,,,0,0
-18,49,,0,0,0,0,34,2,0,0,0.0,,,0,0
-25,-48,,0,0,0,0,44,2,0,0,0.0,,,0,0
15,22,,0,0,0,0,221,20,0,0,0.0,,,0,0
33,39,,0,0,0,0,55,3,0,0,0.0,,,0,0
20,-52,,0,0,0,0,22,2,0,0,0.0,,,0,0
20,57,,0,0,0,0,22,2,0,0,0.0,,,0,0
5,16,,0,0,0,0,22,2,0,0,0.0,,,0,0
16,54,,0,0,0,0,66,6,0,0,0.0,,,0,0
-18,73,,0,0,0,0,11,1,0,0,0.0,,,0,0
18,-28,,0,0,0,0,11,1,0,0,0.0,,,0,0
38,-15,,0,0,0,0,22,2,0,0,0.0,,,0,0
42,-60,,0,0,0,0,22,2,0,0,0.0,,,0,0
9,18,,0,0,0,0,11,1,0,0,0.0,,,0,0
4,5,,0,0,0,0,33,2,0,0,0.0,,,0,0
37,-3,,0,0,0,0,22,2,0,0,0.0,,,0,0
0,-45,,0,0,0,0,4,1,0,0,0.0,,,0,0
21,60,,0,0,0,0,22,1,0,0,0.0,,,0,0
-2,-63,,0,0,0,0,44,4,0,0,0.0,,,0,0
-5,-59,,0,0,0,0,22,2,0,0,0.0,,,0,0
-2,-8,,0,0,0,0,11,1,0,0,0.0,,,0,0
-34,-33,,0,0,0,0,22,2,0,0,0.0,,,0,0
-16,-53,,0,0,0,0,44,2,0,0,0.0,,,0,0
-41,-38,,0,0,0,0,88,4,0,0,0.0,,,0,0
29,20,,0,0,0,0,22,2,0,0,0.0,,,0,0
17,-8,,0,0,0,0,88,4,0,0,0.0,,,0,0
14,17,,0,0,0,0,22,2,0,0,0.0,,,0,0
-13,72,,0,0,0,0,34,2,0,0,0.0,,,0,0
-37,16,,0,0,0,0,56,4,0,0,0.0,,,0,0
-15,-49,,0,0,0,0,177,8,0,0,0.0,,,0,0
32,-32,,0,0,0,0,44,4,0,0,0.0,,,0,0
-38,-6,,0,0,0,0,72,6,0,0,0.0,,,0,0
-9,51,,0,0,0,0,34,2,0,0,0.0,,,0,0
-34,-45,,0,0,0,0,132,8,0,0,0.0,,,0,0
-31,35,,0,0,0,0,26,2,0,0,0.0,,,0,0
11,-81,,0,0,0,0,44,2,0,0,0.0,,,0,0
47,2,,0,0,0,0,44,2,0,0,0.0,,,0,0
21,10,,0,0,0,0,88,4,0,0,0.0,,,0,0
-3,-41,,0,0,0,0,66,6,0,0,0.0,,,0,0
-19,-30,,0,0,0,0,44,2,0,0,0.0,,,0,0
-28,83,,0,0,0,0,34,2,0,0,0.0,,,0,0
37,-46,,0,0,0,0,66,3,0,0,0.0,,,0,0
8,-5,,0,0,0,0,145,6,0,0,0.0,,,0,0
24,-15,,0,0,0,0,44,4,0,0,0.0,,,0,0
-53,60,,0,0,0,0,34,2,0,0,0.0,,,0,0
17,-48,,0,0,0,0,44,4,0,0,0.0,,,0,0
-35,-23,,0,0,0,0,22,2,0,0,0.0,,,0,0
-23,-29,,0,0,0,0,300,2,0,0,0.0,,,0,0
17,-16,,0,0,0,0,22,2,0,0,0.0,,,0,0
7,2,,0,0,0,0,22,2,0,0,0.0,,,0,0
16,27,,0,0,0,0,44,4,0,0,0.0,,,0,0
-26,36,,0,0,0,0,110,10,0,0,0.0,,,0,0
3693,-2492,,0,0,0,0,22,2,0,0,0.0,,,0,0
27,-50,,0,0,0,0,666,8,0,0,0.0,,,0,0
8,1,,0,0,0,0,31,5,0,0,0.0,,,0,0
8,-4,,0,0,0,0,20,2,0,0,0.0,,,0,0
7,35,,0,0,0,0,22,2,0,0,0.0,,,0,0
-4,-60,,0,0,0,0,11,1,0,0,0.0,,,0,0
-52,66,,0,0,0,0,34,2,0,0,0.0,,,0,0
25,19,,0,0,0,0,44,4,0,0,0.0,,,0,0
-11,72,,0,0,0,0,69,4,0,0,0.0,,,0,0
29,-31,,0,0,0,0,22,2,0,0,0.0,,,0,0
-3,36,,0,0,0,0,22,2,0,0,0.0,,,0,0
18,22,,0,0,0,0,69,4,0,0,0.0,,,0,0
34,6,,0,0,0,0,22,2,0,0,0.0,,,0,0
43,-38,,0,0,0,0,44,4,0,0,0.0,,,0,0
-36,-58,,0,0,0,0,22,1,0,0,0.0,,,0,0
-30,-47,,0,0,0,0,44,2,0,0,0.0,,,0,0
-2,-45,,0,0,0,0,11,1,0,0,0.0,,,0,0
-14,-37,,0,0,0,0,66,4,0,0,0.0,,,0,0
19,-20,,0,0,0,0,57,4,0,0,0.0,,,0,0
-29,74,,0,0,0,0,34,2,0,0,0.0,,,0,0
7,-31,,0,0,0,0,22,2,0,0,0.0,,,0,0
6,-3,,0,0,0,0,132,6,0,0,0.0,,,0,0
-18,-34,,0,0,0,0,44,4,0,0,0.0,,,0,0
-22,16,,0,0,0,0,34,2,0,0,0.0,,,0,0
33,-55,,0,0,0,0,22,2,0,0,0.0,,,0,0
-27,-43,,0,0,0,0,261,14,0,0,0.0,,,0,0
40,-9,,0,0,0,0,22,2,0,0,0.0,,,0,0
6,-12,,0,0,0,0,22,2,0,0,0.0,,,0,0
9,-14,,0,0,0,0,22,1,0,0,0.0,,,0,0
-37,-30,,0,0,0,0,44,2,0,0,0.0,,,0,0
-30,38,,0,0,0,0,34,2,0,0,0.0,,,0,0
-39,-26,,0,0,0,0,34,2,0,0,0.0,,,0,0
-31,40,,0,0,0,0,300,2,0,0,0.0,,,0,0
-31,23,,0,0,0,0,64,4,0,0,0.0,,,0,0
7,-79,,0,0,0,0,88,4,0,0,0.0,,,0,0
-9,62,,0,0,0,0,66,6,0,0,0.0,,,0,0
6,75,,0,0,0,0,22,1,0,0,0.0,,,0,0
-1,-20,,0,0,0,0,4800,16,0,0,0.0,,,0,0
8,-41,,0,0,0,0,22,2,0,0,0.0,,,0,0
24,-49,,0,0,0,0,176,16,0,0,0.0,,,0,0
-36,17,,0,0,0,0,28,2,0,0,0.0,,,0,0
46,-62,,0,0,0,0,34,2,0,0,0.0,,,0,0
-38,-13,,0,0,0,0,883,40,0,0,0.0,,,0,0
32,-5,,0,0,0,0,22,2,0,0,0.0,,,0,0
18,-80,,0,0,0,0,11,1,0,0,0.0,,,0,0
40,3,,0,0,0,0,22,2,0,0,0.0,,,0,0
44,5,,0,0,0,0,22,2,0,0,0.0,,,0,0
-8,67,,0,0,0,0,56,4,0,0,0.0,,,0,0
12,-14,,0,0,0,0,22,2,0,0,0.0,,,0,0
-46,-37,,0,0,0,0,66,4,0,0,0.0,,,0,0
51,-81,,0,0,0,0,22,2,0,0,0.0,,,0,0
5,-10,,0,0,0,0,22,1,0,0,0.0,,,0,0
36,-77,,0,0,0,0,44,2,0,0,0.0,,,0,0
36,-2,,0,0,0,0,22,2,0,0,0.0,,,0,0
-34,-46,,0,0,0,0,7,1,0,0,0.0,,,0,0
39,-34,,0,0,0,0,242,12,0,0,0.0,,,0,0
-20,-73,,0,0,0,0,88,4,0,0,0.0,,,0,0
-3048,-801,,0,0,0,0,44,2,0,0,0.0,,,0,0
-27,-47,,0,0,0,0,34,2,0,0,0.0,,,0,0
10,-20,,0,0,0,0,22,2,0,0,0.0,,,0,0
44,2,,0,0,0,0,22,2,0,0,0.0,,,0,0
-34,-29,,0,0,0,0,84,6,0,0,0.0,,,0,0
13,-6,,0,0,0,0,22,2,0,0,0.0,,,0,0
28,23,,0,0,0,0,44,4,0,0,0.0,,,0,0
24,53,,0,0,0,0,44,2,0,0,0.0,,,0,0
28,20,,0,0,0,0,22,2,0,0,0.0,,,0,0
-2526,-757,,0,0,0,0,88,4,0,0,0.0,,,0,0
-15,68,,0,0,0,0,90,6,0,0,0.0,,,0,0
83,-13,,0,0,0,0,44,2,0,0,0.0,,,0,0
-2,31,,0,0,0,0,22,1,0,0,0.0,,,0,0
8,21,,0,0,0,0,22,2,0,0,0.0,,,0,0
0,19,,0,0,0,0,30,2,0,0,0.0,,,0,0
-28,-30,,0,0,0,0,44,2,0,0,0.0,,,0,0
21,-1,,0,0,0,0,44,4,0,0,0.0,,,0,0
1490,-3348,,0,0,0,0,44,4,0,0,0.0,,,0,0
27,-25,,0,0,0,0,1200,6,0,0,0.0,,,0,0
-23,-1,,0,0,0,0,44,4,0,0,0.0,,,0,0
1,-24,,0,0,0,0,22,2,0,0,0.0,,,0,0
-53,38,,0,0,0,0,22,2,0,0,0.0,,,0,0
-38,-2,,0,0,0,0,22,2,0,0,0.0,,,0,0
-56,44,,0,0,0,0,44,4,0,0,0.0,,,0,0
-55,44,,0,0,0,0,22,2,0,0,0.0,,,0,0
-57,44,,0,0,0,0,22,2,0,0,0.0,,,0,0
-53,37,,0,0,0,0,22,2,0,0,0.0,,,0,0
-31,61,,0,0,0,0,300,2,0,0,0.0,,,0,0
-10,-30,,0,0,0,0,22,2,0,0,0.0,,,0,0
34,-7,,0,0,0,0,110,10,0,0,0.0,,,0,0
-21,3,,0,0,0,0,44,2,0,0,0.0,,,0,0
-42,-36,,0,0,0,0,22,2,0,0,0.0,,,0,0
1473,-3015,,0,0,0,0,44,2,0,0,0.0,,,0,0
28,6,,0,0,0,0,22,2,0,0,0.0,,,0,0
-4,-13,,0,0,0,0,44,4,0,0,0.0,,,0,0
29,-19,,0,0,0,0,22,2,0,0,0.0,,,0,0
-14,-11,,0,0,0,0,22,2,0,0,0.0,,,0,0
-45,-38,,0,0,0,0,44,2,0,0,0.0,,,0,0
17,33,,0,0,0,0,22,2,0,0,0.0,,,0,0
-4,71,,0,0,0,0,44,4,0,0,0.0,,,0,0
-1,80,,0,0,0,0,22,2,0,0,0.0,,,0,0
8,3,,0,0,0,0,22,2,0,0,0.0,,,0,0
-2,-27,,0,0,0,0,22,2,0,0,0.0,,,0,0
23,54,,0,0,0,0,22,2,0,0,0.0,,,0,0
21,67,,0,0,0,0,22,2,0,0,0.0,,,0,0
1,81,,0,0,0,0,22,2,0,0,0.0,,,0,0
24,57,,0,0,0,0,22,2,0,0,0.0,,,0,0
-2,72,,0,0,0,0,22,2,0,0,0.0,,,0,0
-7,53,,0,0,0,0,22,2,0,0,0.0,,,0,0
18,21,,0,0,0,0,22,2,0,0,0.0,,,0,0
-14,-26,,0,0,0,0,22,2,0,0,0.0,,,0,0
12,59,,0,0,0,0,22,2,0,0,0.0,,,0,0
6,81,,0,0,0,0,22,2,0,0,0.0,,,0,0
14,34,,0,0,0,0,44,4,0,0,0.0,,,0,0
30,27,,0,0,0,0,22,2,0,0,0.0,,,0,0
-1,63,,0,0,0,0,22,2,0,0,0.0,,,0,0
-1,75,,0,0,0,0,22,2,0,0,0.0,,,0,0
25,39,,0,0,0,0,22,2,0,0,0.0,,,0,0
35,42,,0,0,0,0,80,7,0,0,0.0,,,0,0
-18,-5,,0,0,0,0,22,2,0,0,0.0,,,0,0
21,17,,0,0,0,0,22,2,0,0,0.0,,,0,0
14,-7,,0,0,0,0,44,4,0,0,0.0,,,0,0
18,46,,0,0,0,0,22,2,0,0,0.0,,,0,0
8,64,,0,0,0,0,66,6,0,0,0.0,,,0,0
26,55,,0,0,0,0,22,2,0,0,0.0,,,0,0
-4,-15,,0,0,0,0,22,2,0,0,0.0,,,0,0
19,33,,0,0,0,0,22,2,0,0,0.0,,,0,0
10,59,,0,0,0,0,22,2,0,0,0.0,,,0,0
30,47,,0,0,0,0,22,2,0,0,0.0,,,0,0
0,67,,0,0,0,0,44,4,0,0,0.0,,,0,0
10,66,,0,0,0,0,300,2,0,0,0.0,,,0,0
-9,27,,0,0,0,0,44,2,0,0,0.0,,,0,0
456,-335,,0,0,0,0,11,1,0,0,0.0,,,0,0
6,16,,0,0,0,0,147,8,0,0,0.0,,,0,0
2,56,,0,0,0,0,11,1,0,0,0.0,,,0,0
6,-6,,0,0,0,0,4,1,0,0,0.0,,,0,0
-8,10,,0,0,0,0,44,2,0,0,0.0,,,0,0
15,24,,0,0,0,0,4760,10,0,0,0.0,,,0,0
