{
"363_P2": [
52.293062945,
4.955573122
],
"363_FLOW": [
52.339577164,
4.893349364
],
"363_P23": [
52.3143883,
4.9542599
],
"363_IJOE": [
52.377238041,
4.918585648
],
"363_BOS": [
52.3792458,
4.8457198
],
"363_ORAN": [
52.3541107,
4.8394499
],
"363_SYMP": [
52.3363304,
4.87503
],
"363_BIJ": [
52.3738327,
4.895184
],
"363_P24": [
52.3143883,
4.9542599
],
"363_BANK": [
52.3662,
4.8986
],
"363_P21": [
52.3143883,
4.9542599
],
"363_WEST": [
52.3846207,
4.8666201
],
"363_MUSE": [
52.3568687,
4.8800101
],
"363_KOLK": [
52.3763618,
4.8945899
],
"363_OLYM": [
52.3446,
4.855
],
"363_PAUL": [
52.359131463,
4.882410767
],
"363_PRINS": [
52.3624,
4.891705239
],
"363_MAHL": [
52.336909571,
4.871603916
],
"363_P22": [
52.3143883,
4.9542599
],
"363_LOODS": [
52.375938243,
4.925280878
],
"363_EURP": [
52.3699188,
4.8766699
],
"363_WLPL": [
52.3691,
4.9043
],
"363_HOOFD": [
52.363164637,
4.886929126
],
"363_ANTA": [
52.309365535,
4.946839795
],
"363_IJDO": [
52.384732,
4.894227
],
"363_GEEL": [
52.366323864,
4.891803808
],
"363_OOST": [
52.357372159,
4.927946495
],
"363_BYZA": [
52.362011,
4.87991
],
"363_HEIN": [
52.357459747,
4.892686287
],
"363_EURO": [
52.3357315,
4.8889098
],
"599_MAAS": [
51.9086609,
4.493
],
"599_KRUI": [
51.923110962,
4.476303101
],
"599_HART": [
51.888466588,
4.548993744
],
"599_ZORG": [
51.879031723,
4.533649375
],
"599_EUKO": [
51.9329414,
4.4699702
],
"599_ALE3": [
51.951295019,
4.56039298
],
"599_RED": [
51.917041856,
4.488290548
],
"599_WPC": [
51.9044,
4.4845
],
"599_IKAZIA": [
51.8853302,
4.4934502
],
"599_WEENA": [
51.9227104,
4.4738102
],
"599_ZUIDPL": [
51.8859406,
4.4910402
],
"599_KOOP": [
51.919229224,
4.481458474
],
"599_ROT": [
51.9052582,
4.4868798
],
"599_BIJE": [
51.920970951,
4.478130264
],
"599_SCHIE": [
51.9037819,
4.45962
],
"599_MAR": [
51.91985,
4.48595
],
"599_LIJN": [
51.918479499,
4.476826787
],
"599_WEST": [
51.916341579,
4.478031279
],
"518_HAVE": [
52.094702568,
4.265558147
],
"518_CITY": [
52.0759315,
4.3075109
],
"518_HAMA": [
52.0640602,
4.2999601
],
"518_NOOR": [
52.080917677,
4.30836174
],
"518_LAAK": [
52.0692406,
4.3264098
],
"518_SPUI": [
52.0767,
4.3172
],
"518_NEWB": [
52.0828514,
4.3256102
],
"518_BAD": [
52.11343,
4.2933698
],
"518_PARK": [
52.1115189,
4.2834101
],
"518_KUR": [
52.112,
4.2816
],
"518_TORE": [
52.0781784,
4.3042998
],
"518_LEID": [
52.062768328,
4.403607845
],
"518_LEY2": [
52.0503197,
4.2750902
],
"518_MALI": [
52.084688408,
4.317504806
],
"518_ZEEH": [
52.081803267,
4.292939324
],
"518_GRMA": [
52.078331,
4.3167901
],
"518_LUTH": [
52.0746613,
4.3101201
],
"518_VEER": [
52.0752792,
4.31601
],
"518_WIJN": [
52.077086524,
4.319522419
],
"518_MUZE": [
52.0794411,
4.3186998
],
"518_MAUR": [
52.0842514,
4.3049302
],
"518_LVGA": [
52.067451288,
4.398050308
],
"518_HELI": [
52.0799408,
4.3215799
],
"518_LEY1": [
52.0468102,
4.2782202
],
"344_P2": [
52.089612837,
5.113427639
],
"344_P4": [
52.091300383,
5.111839771
],
"344_SPRI": [
52.088905334,
5.120224953
],
"344_P6": [
52.090173,
5.11464
],
"344_LAVIE": [
52.0935516,
5.1148601
],
"344_GALG": [
52.0780792,
5.1470599
],
"344_P3": [
52.091159821,
5.111728191
],
"772_BIJENK": [
51.4426498,
5.4756799
],
"772_HEUVEL": [
51.4381485,
5.4812999
],
"772_GRIJ": [
51.4663887,
5.4768801
],
"772_WIT": [
51.4403,
5.4752
],
"772_CENTRU": [
51.4402313,
5.4756799
],
"772_MATHIL": [
51.4416,
5.4735
],
"772_HOOG": [
51.4378,
5.4763
],
"772_KENN": [
51.444313,
5.4797578
],
"14_CENTRUM": [
53.216608313,
6.56529665
],
"14_MUSEUM": [
53.2140961,
6.5668283
],
"14_OSSENM": [
53.221723593,
6.563252786
],
"14_WESTERH": [
53.2147408,
6.5566001
],
"14_BIOSP": [
53.214003166,
6.566734314
],
"14_RADEM": [
53.2151604,
6.5718002
],
"935_MOSAE": [
50.853199,
5.6940899
],
"935_BASSIN": [
50.8539581,
5.6929898
],
"935_PLEIN": [
50.8455811,
5.7013202
],
"935_COLON": [
50.8482704,
5.70612
],
"935_GRIEND": [
50.8557281,
5.6989298
],
"935_VROUW": [
50.85392,
5.6940999
],
"935_BONNEF": [
50.8421822,
5.7019453
],
"935_VRIJT": [
50.8495483,
5.6877899
],
"935_NOORD": [
50.8564796,
5.6986299
],
"935_BRUSS": [
50.8495102,
5.6661115
],
"546_BREE": [
52.1555,
4.4942
],
"546_LAM": [
52.1464615,
4.4927402
],
"546_LEVE": [
52.1671295,
4.4819698
],
"394_VIER": [
52.302113,
4.691206
],
"758_CENT": [
51.5856514,
4.77353
]
}